tissue,baseMean,log2FoldChange,lfcSE,pvalue,padj,gene_id,direction,stat,shrunk_log2FoldChange
leaf,305.077887440752,2.13909995345165,0.191044283651702,1.4053830935925899e-30,2.8307226271142e-26,Solyc09g098110.3,up,,
leaf,377.791434378002,-3.22515956580191,0.31764811692474,7.86894719798371e-27,5.28321114872626e-23,Solyc02g084980.3,down,,
leaf,2721.86989461055,2.32630597360117,0.229445309364011,6.4040104398971e-26,3.22473945701019e-22,Solyc01g005470.3,up,,
leaf,4904.58993368971,-1.74686525281039,0.170133102361275,1.1702515261624802e-25,4.71424124799294e-22,Solyc06g050980.3,down,,
leaf,1684.74282090619,2.10310003673014,0.219571736219109,3.6891260429435204e-23,1.23843961261614e-19,Solyc09g075420.3,up,,
leaf,47.7197665064997,-4.28210281107831,0.482273377175052,7.58301829427042e-22,2.18195934975993e-18,Solyc04g072700.3,down,,
leaf,106.145771364566,4.97894035075099,0.578604289748322,4.13208061951428e-21,1.04035459797821e-17,Solyc07g052370.3,up,,
leaf,10.6299692470311,2.63083413416224,0.307124153350784,7.266604006523491e-20,1.62626597665996e-16,Solyc10g085500.2,up,,
leaf,90.1807946129873,-3.75283747807329,0.452810696832644,1.7434322080942202e-19,3.51162115354337e-16,Solyc00g013160.2,down,,
leaf,118.565090565572,1.85684714705021,0.214243968190783,3.70781026299941e-19,6.789337665212189e-16,Solyc04g011767.1,up,,
leaf,253.368675701368,1.05267966979401,0.122380728051906,8.775783245303e-19,1.3597063548222501e-15,Solyc03g113960.3,up,,
leaf,28.4671324832395,-2.2856508436328,0.271984032206751,8.51273720281816e-19,1.3597063548222501e-15,Solyc11g010130.2,down,,
leaf,370.053016727679,-1.53856230434929,0.180440097416324,2.7940890354619898e-18,4.019895810876811e-15,Solyc07g053270.3,down,,
leaf,125.520662965004,-1.69425802079094,0.20060313439265,3.97970532271531e-18,5.343948307342121e-15,Solyc04g058160.2,down,,
leaf,543.043359698635,1.23352318549975,0.147205895725296,1.0523218056541e-17,1.3247416130928e-14,Solyc04g007060.3,up,,
leaf,24.5979989846654,-1.97705825290225,0.242450014822803,1.97188939119678e-17,2.3363409480873903e-14,Solyc05g053380.3,down,,
leaf,327.068278898715,4.07573498876561,0.542948895856253,6.5564778081175e-17,6.28859885767156e-14,Solyc07g042510.3,up,,
leaf,459.638789956751,-2.01793381938925,0.254767754469586,1.15352932234655e-16,1.0561085277592799e-13,Solyc07g054145.1,down,,
leaf,522.027901929482,2.92643434873625,0.388589677865281,1.7694313906738002e-16,1.54956030743268e-13,Solyc02g077240.3,up,,
leaf,413.328921561754,-1.53113581495404,0.191145682791304,2.09351039345808e-16,1.75697859770969e-13,Solyc09g055940.3,down,,
leaf,1216.52900192902,2.06442067866013,0.26429230070986,2.36054239427258e-16,1.90184179621753e-13,Solyc00g272810.1,up,,
leaf,33.3895977770437,3.54688903528387,0.483292325528589,3.46004294016402e-16,2.68046865003015e-13,Solyc03g095780.2,up,,
leaf,154.084857314083,2.22604851490112,0.290057183971613,3.9709047831774497e-16,2.9622949682503797e-13,Solyc04g076220.3,up,,
leaf,346.672286524856,-1.41251136105279,0.178893932586159,5.98519390320942e-16,4.30549198565872e-13,Solyc07g055260.3,down,,
leaf,187.991501553397,1.58626112839421,0.201947608841271,6.57714139218769e-16,4.5044352225965697e-13,Solyc04g007170.3,up,,
leaf,158.231995642765,2.30208622046988,0.30396244704779,6.70901880041193e-16,4.5044352225965697e-13,Solyc04g011750.3,up,,
leaf,52.8529815763072,-3.27870641109616,0.454026911222029,1.07141418153234e-15,6.74388263888264e-13,Solyc07g045145.1,down,,
leaf,846.1064263953,-2.57806234188114,0.348373191623727,1.06767299107175e-15,6.74388263888264e-13,Solyc09g092480.2,down,,
leaf,135.693094745261,-2.5229794815992,0.342136131213697,1.5206541016596801e-15,9.28151967140283e-13,Solyc06g075650.3,down,,
leaf,65.5219549004153,2.22216707225644,0.299335415113157,2.75022749935056e-15,1.62926712623291e-12,Solyc07g008550.3,up,,
leaf,422.000468083034,1.2744560174872,0.165792020926823,2.9483060633625e-15,1.64957724245132e-12,Solyc02g080410.3,up,,
leaf,284.488229679232,-1.20917400710816,0.157525167035211,2.8724070529574303e-15,1.64957724245132e-12,Solyc05g005000.3,down,,
leaf,1204.48549458815,-1.62769790964181,0.212893386581511,3.1001657630081002e-15,1.68766321077052e-12,Solyc03g095650.3,down,,
leaf,92.8969115933485,-3.2174429448625,0.459080076154022,5.342869422430981e-15,2.83200199754223e-12,Solyc02g062590.3,down,,
leaf,531.792484748885,1.26564819089016,0.166565089024398,5.74046013854307e-15,2.9647268746290897e-12,Solyc08g075710.3,up,,
leaf,262.130148646137,-1.3541559884672,0.180285310159792,1.18581700445104e-14,5.97118152591323e-12,Solyc07g006760.3,down,,
leaf,78.5883044463857,3.01663851004392,0.436604135167835,1.445527075493e-14,7.101416184043899e-12,Solyc08g021820.3,up,,
leaf,145.620794913834,-1.49639388022672,0.20167269351659,2.1593037903183702e-14,1.03554040344268e-11,Solyc06g068440.3,down,,
leaf,275.851561952034,1.97486545671991,0.272452045657658,2.32829642227928e-14,1.0906173613383499e-11,Solyc08g083280.3,up,,
leaf,10.9537809221496,-4.5317959186764,0.693688021998141,3.56552554044235e-14,1.63220035080886e-11,Solyc09g011700.1,down,,
leaf,77.8701416077893,-4.11139332275417,0.623780526202899,3.80856364423869e-14,1.70471308716124e-11,Solyc03g007790.3,down,,
leaf,112.494679106961,1.43010817273075,0.194784009809388,4.0991955128196e-14,1.7949129569394e-11,Solyc08g065320.3,up,,
leaf,195.8878003178,1.82248926181422,0.252055722977866,4.25722473890085e-14,1.82444724874343e-11,Solyc03g121180.3,up,,
leaf,614.259145045282,-1.41010485557452,0.192458576637306,4.6348248809806304e-14,1.9448883906815e-11,Solyc09g082630.3,down,,
leaf,19.6085917868337,3.49801860663283,0.529207686018959,5.9903185725693e-14,2.4623876875243e-11,Solyc01g073860.3,up,,
leaf,48.9419119965005,1.31552499842143,0.180587912134828,6.24472914088037e-14,2.51562668711225e-11,Solyc02g071920.3,up,,
leaf,394.302965303112,-1.94982401454441,0.275887766344462,9.3843964268003e-14,3.7062845652669e-11,Solyc07g007620.3,down,,
leaf,88.8240155482236,-1.76004776029883,0.246538675617559,9.85348369992365e-14,3.8167090131512e-11,Solyc11g068530.1,down,,
leaf,1779.23982689362,2.00516009619063,0.285519603794445,1.07877131896352e-13,4.0404055920548294e-11,Solyc03g119530.3,up,,
leaf,20.6777822214053,3.6115428115752,0.555428906292587,1.08321865738735e-13,4.0404055920548294e-11,Solyc10g078230.2,up,,
leaf,305.13273632087,-1.50680239143003,0.21048677757168,1.44535938516977e-13,5.29316886110718e-11,Solyc08g076060.3,down,,
leaf,17.514268529739,5.56692315804972,0.939005611018624,1.61400053042917e-13,5.805214050697189e-11,Solyc02g068580.1,up,,
leaf,103.014357001965,4.34141975458712,0.690960419746296,2.09979724701764e-13,7.292088991280909e-11,Solyc07g026650.3,up,,
leaf,176.717591903689,-2.21242729432889,0.323927397257518,2.09276678601532e-13,7.292088991280909e-11,Solyc10g005040.3,down,,
leaf,156.961530731575,-3.79548265260667,0.597557372230017,2.3758833722288e-13,7.923516493322509e-11,Solyc01g096320.3,down,,
leaf,53.642822032802,-3.52512088381458,0.551411912286796,2.39963512110353e-13,7.923516493322509e-11,Solyc03g120320.1,down,,
leaf,467.206949121866,1.60841912250252,0.228444543071961,2.84148590830856e-13,9.231162768572759e-11,Solyc02g067580.3,up,,
leaf,641.245789383097,-1.09437509406861,0.156370933734918,2.91369620170791e-13,9.31550299917471e-11,Solyc02g092160.3,down,,
leaf,531.039788870622,1.50339830285235,0.21344582773875,3.30109512587587e-13,1.02293320039064e-10,Solyc08g006760.3,up,,
leaf,48.7573660178294,-2.62795866244276,0.399957584690859,3.43409448169178e-13,1.0480231977308501e-10,Solyc10g078720.2,down,,
leaf,41.4573201096289,-2.99999299714184,0.466147284139479,3.70750048544696e-13,1.11457425041601e-10,Solyc04g005380.3,down,,
leaf,218.448435699055,2.32489179203477,0.347968337584001,4.00929814185956e-13,1.1715913658509e-10,Solyc08g066020.2,up,,
leaf,38.271032266516,1.31364923940342,0.187016306624996,4.0134944019319e-13,1.1715913658509e-10,Solyc11g006900.1,up,,
leaf,336.142074368558,2.57642516190897,0.393836777343584,4.78785295306326e-13,1.37767048829429e-10,Solyc04g076780.3,up,,
leaf,14.0853047836639,3.00638763319918,0.471041696316496,5.19122405035849e-13,1.45224492808779e-10,Solyc06g070990.3,up,,
leaf,72.6933172031708,-1.65199845041876,0.238065332194771,5.30592446613766e-13,1.46399904927321e-10,Solyc04g016210.3,down,,
leaf,645.482141476477,1.22711066968452,0.176638678557981,6.119923952443329e-13,1.64356677666818e-10,Solyc01g100370.3,up,,
leaf,58.7242253701806,1.67775456784787,0.244099457826991,7.93144418737776e-13,2.1020414318705602e-10,Solyc06g008450.3,up,,
leaf,23.1114487111423,-2.18001493535005,0.328241623931997,8.48465774093592e-13,2.21945423659651e-10,Solyc12g006000.1,down,,
leaf,802.225582013951,-2.96780345262626,0.470728370643289,9.20190059034998e-13,2.3762138678311403e-10,Solyc02g086530.3,down,,
leaf,92.4550595820687,1.41173424100559,0.204761180389328,1.00624301136214e-12,2.53346834185703e-10,Solyc10g079970.2,up,,
leaf,48.4623402534731,-1.90139077525219,0.281864349928485,1.0367101459885699e-12,2.57795256302492e-10,Solyc04g009910.3,down,,
leaf,136.674426566115,-1.7994360409669,0.265470320138048,1.1185965712161499e-12,2.74765513871166e-10,Solyc12g056750.2,down,,
leaf,52.643224988527,2.7845229571141,0.440265021748073,1.1808085150999899e-12,2.83240335789784e-10,Solyc02g090120.1,up,,
leaf,1579.10617588937,1.15926040618355,0.169800963893089,1.18122272894161e-12,2.83240335789784e-10,Solyc04g049350.3,up,,
leaf,1127.01324635363,-1.44952252876027,0.211489555102088,1.3039745609271598e-12,3.08995948308176e-10,Solyc05g006390.1,down,,
leaf,22.3149504082758,2.60614017946437,0.409544941631445,1.43083383334882e-12,3.31262701969104e-10,Solyc01g073830.1,up,,
leaf,485.093073405035,1.38582043193548,0.203499853822152,1.80601582552342e-12,4.1337239497378004e-10,Solyc07g005760.3,up,,
leaf,78.8449786291451,1.76567147776156,0.2635659378973,2.10070605292193e-12,4.75420464246669e-10,Solyc06g061170.3,up,,
leaf,139.203302686394,-1.37182728000374,0.202266416058889,2.1782639409975498e-12,4.87495469995252e-10,Solyc10g085920.2,down,,
leaf,219.917385393764,-1.5912363907946,0.235783892126619,2.22518104843047e-12,4.92523040411939e-10,Solyc06g076400.3,down,,
leaf,325.000167377233,3.98588788891372,0.671550086788798,2.44879041796399e-12,5.36125397811203e-10,Solyc08g078870.2,up,,
leaf,873.311464366077,4.588128567223,0.798483043430215,3.3943169847932598e-12,7.35143362448449e-10,Solyc08g080670.2,up,,
leaf,53.5438095934727,1.63692488426269,0.245410792672973,3.4629071409794397e-12,7.39427858225986e-10,Solyc04g015460.3,up,,
leaf,316.017251206637,1.55706574487702,0.232724661048549,3.4875209279847397e-12,7.39427858225986e-10,Solyc07g045350.3,up,,
leaf,536.768051160908,4.62926745298821,0.811647521486654,4.0115060252883495e-12,8.34748270322391e-10,Solyc07g008240.3,up,,
leaf,893.044381481339,1.16801961413162,0.17568605172155,4.0199872019299e-12,8.34748270322391e-10,Solyc09g090040.3,up,,
leaf,658.567477556411,2.66894981962884,0.432931334293037,4.33264444186435e-12,8.90491064775834e-10,Solyc12g100270.2,up,,
leaf,51.407237321262,-2.810579800247,0.460517322748126,4.55078310769618e-12,9.16618733552165e-10,Solyc01g097830.2,down,,
leaf,445.856540251976,2.80227995963925,0.459370126733165,4.7185342722524894e-12,9.409972011060361e-10,Solyc05g052670.1,up,,
leaf,155.427000295734,-1.36036915213724,0.204104790332254,4.77079939835955e-12,9.42092563546648e-10,Solyc04g078970.2,down,,
leaf,662.704984909353,-1.17585339806367,0.177650665537789,4.9858485303180005e-12,9.74999622307428e-10,Solyc12g005980.2,down,,
leaf,116.666983887124,-1.5558573255606,0.234831676357983,5.3998734166555596e-12,1.0458100995988101e-09,Solyc07g020790.3,down,,
leaf,2065.10668823802,-1.46249317429686,0.220268903097671,5.4842947173677395e-12,1.04779839173711e-09,Solyc01g103990.3,down,,
leaf,1169.75064415242,1.78465102038,0.272580173911575,5.51418079257936e-12,1.04779839173711e-09,Solyc12g096960.2,up,,
leaf,35.0186373144973,1.68690432661521,0.258315978260779,7.862844794224819e-12,1.45296715454382e-09,Solyc05g051583.1,up,,
leaf,379.809271282372,1.0454789185759,0.161486046460574,8.23912685342091e-12,1.4950675052396802e-09,Solyc01g098840.3,up,,
leaf,428.516350363215,-1.42795482815861,0.218255956079208,1.06081170191518e-11,1.9077561874978202e-09,Solyc09g018280.1,down,,
leaf,271.498124753835,-1.2958061322631,0.199128934254467,1.2858460878326299e-11,2.2718870088706e-09,Solyc01g081320.3,down,,
leaf,37.5403889803893,-1.54164349385294,0.238414954593602,1.5660118758093597e-11,2.74283575674366e-09,Solyc04g079080.2,down,,
leaf,81.9074755383463,1.20226039382344,0.18663232476611,1.67802670401897e-11,2.9136908510646604e-09,Solyc02g090200.3,up,,
leaf,30.6194952525848,1.39433304584375,0.215885874138999,1.8428486286009e-11,3.17253479292985e-09,Solyc06g069400.3,up,,
leaf,606.001585723375,3.18199243705323,0.554147162178992,2.0115390785744698e-11,3.40474118660899e-09,Solyc01g087850.2,up,,
leaf,2842.51054363993,-1.02262413470808,0.161789558899677,2.00921776529469e-11,3.40474118660899e-09,Solyc08g078510.3,down,,
leaf,165.00592002948,-1.65718613477709,0.259374785148282,2.099838860905e-11,3.5245795280290404e-09,Solyc04g072895.1,down,,
leaf,272.934524279202,-1.13668288843082,0.178648303828841,2.3290727099534298e-11,3.8770398780067805e-09,Solyc02g072000.3,down,,
leaf,52.3242755269707,-1.8338463215208,0.291463182919092,2.51923113417641e-11,4.15920930365421e-09,Solyc09g008640.1,down,,
leaf,155.503742703245,-1.38843236881177,0.216810728483862,2.61675456568432e-11,4.26849696211068e-09,Solyc04g080790.3,down,,
leaf,417.796884782464,1.85891736474867,0.296291506388974,2.6278106608168196e-11,4.26849696211068e-09,Solyc08g068390.3,up,,
leaf,951.353738113978,-2.20808796073377,0.362775915846895,2.8072021502310002e-11,4.506382937251551e-09,Solyc06g008760.1,down,,
leaf,1693.53694293619,2.50784490370504,0.422762290220874,2.8413793716162597e-11,4.506382937251551e-09,Solyc08g029000.3,up,,
leaf,41.7269910724307,-1.71675976450483,0.271566447001884,2.8278357407218498e-11,4.506382937251551e-09,Solyc12g042110.2,down,,
leaf,183.122395343416,-1.03435182773258,0.165028299723013,2.9410357362275e-11,4.627995453054241e-09,Solyc01g067280.3,down,,
leaf,19.3193374944696,-2.80414930225589,0.483991672357498,3.03445052567597e-11,4.737976937067091e-09,Solyc00g013170.1,down,,
leaf,43.8248850969549,-1.57880357696063,0.248648673978512,3.12986310509831e-11,4.84936174329924e-09,Solyc03g097320.3,down,,
leaf,947.94375816118,-2.37813271389064,0.398492926098097,3.37618465917888e-11,5.191077206502371e-09,Solyc05g006830.3,down,,
leaf,495.921648064964,1.35412288911411,0.212941866756799,3.4540219704510395e-11,5.27052352491098e-09,Solyc08g080140.3,up,,
leaf,436.219497509448,-1.10995541266961,0.176770022739627,3.61560001729605e-11,5.4755951540133104e-09,Solyc10g055680.1,down,,
leaf,89.1196303380955,-1.69425688654327,0.270133532120242,4.0820494818728295e-11,6.04563534293254e-09,Solyc08g066810.3,down,,
leaf,2332.73910462207,2.51573317505457,0.429992898963094,4.5371536390529295e-11,6.67060938670103e-09,Solyc02g071820.3,up,,
leaf,45.6216717365172,2.55538480685593,0.438447762686464,4.63591870027819e-11,6.766425685579951e-09,Solyc09g005730.3,up,,
leaf,422.077172329892,-1.72000367525506,0.276301261357971,5.1604109559628095e-11,7.424356962500211e-09,Solyc01g006720.3,down,,
leaf,533.471178107274,1.757454061962,0.284349194299462,6.214791844232329e-11,8.87789626429273e-09,Solyc03g006250.3,up,,
leaf,331.871051354054,-1.47909600595587,0.23631420359621,6.26302840302713e-11,8.883797048857211e-09,Solyc07g005210.3,down,,
leaf,343.735894927404,-1.75925250785264,0.284993366988064,6.48820072938097e-11,9.13883490148192e-09,Solyc01g097650.3,down,,
leaf,138.644344922016,-1.48988050177756,0.23881276999874,7.04011797514757e-11,9.847365017737672e-09,Solyc04g076340.3,down,,
leaf,465.905852883905,2.26771469930291,0.384339176698425,7.21068897869825e-11,1.00163929247545e-08,Solyc02g088345.1,up,,
leaf,1391.40277849697,2.67993872585236,0.471538402619558,7.818868245786749e-11,1.07289999392198e-08,Solyc01g109140.3,up,,
leaf,219.669700503057,1.13956285190873,0.184739749943236,7.8687616486615e-11,1.07289999392198e-08,Solyc09g089670.3,up,,
leaf,73.6280741627849,-2.48877387260734,0.431905990992332,8.2903605248292e-11,1.12070095094705e-08,Solyc11g056330.1,down,,
leaf,191.371546751326,1.85920515153011,0.305759002677802,8.760806812363939e-11,1.17640113876423e-08,Solyc02g068300.3,up,,
leaf,118.938419998474,2.16104782547877,0.364827628687332,8.86578820994298e-11,1.18261394784551e-08,Solyc01g096670.3,up,,
leaf,113.624470472058,3.18296674363061,0.581591182690141,9.292964155071479e-11,1.22339139876765e-08,Solyc02g085910.3,up,,
leaf,500.319876486176,1.05049145859393,0.172880940715214,1.01990039573781e-10,1.33395024486694e-08,Solyc09g011570.3,up,,
leaf,234.43656655725,-1.01971607468517,0.168586155031342,1.07389385189498e-10,1.38737750340588e-08,Solyc11g012850.2,down,,
leaf,62.5366874951802,-1.58379204630224,0.258080782326269,1.17126582152783e-10,1.50088266632317e-08,Solyc09g007860.3,down,,
leaf,4.06445398749722,-3.22580417170059,0.595770611449072,1.19661112064959e-10,1.51585793661158e-08,Solyc01g109690.1,down,,
leaf,156.373141151196,1.03944210635442,0.172032452739316,1.20428202135921e-10,1.51604052963858e-08,Solyc05g013810.3,up,,
leaf,4107.39024992866,1.89447580378938,0.316009967863009,1.33259628137213e-10,1.65686137650601e-08,Solyc04g074480.3,up,,
leaf,115.43996781352,-1.40249861465347,0.228736410788392,1.42359839252695e-10,1.75914839400477e-08,Solyc06g009370.3,down,,
leaf,122.689818514412,-2.95967762004605,0.542664389411263,1.54276300530271e-10,1.88329287592771e-08,Solyc03g005210.3,down,,
leaf,651.757885346437,-1.93871305806986,0.326225066810064,1.59889847287999e-10,1.94006102655112e-08,Solyc11g008250.2,down,,
leaf,137.243057565461,-2.94636259923097,0.541681154335171,1.71920013302355e-10,2.03715959378035e-08,Solyc01g079300.3,down,,
leaf,157.224906922635,-1.31891543719745,0.216314574030622,1.70164523931957e-10,2.03715959378035e-08,Solyc04g015200.3,down,,
leaf,14.0279636681083,-3.37166280952112,0.635431550975313,1.72130140307788e-10,2.03715959378035e-08,Solyc10g018510.2,down,,
leaf,222.351598455679,1.11666366865145,0.185511550163369,1.80761604226238e-10,2.116802460654e-08,Solyc02g093410.3,up,,
leaf,518.612290731103,-1.65022054660508,0.273508637248574,1.94881957448945e-10,2.26896669765124e-08,Solyc09g072580.3,down,,
leaf,21.4095126887677,2.19909364733314,0.381377018562317,1.99447909815103e-10,2.30878149396311e-08,Solyc10g086620.2,up,,
leaf,260.414279580592,-3.35947592097629,0.63817456979295,2.1890787543928902e-10,2.51956710119895e-08,Solyc06g067980.3,down,,
leaf,817.235649022116,-1.75561279835641,0.294093369862316,2.26329064522093e-10,2.59018182818409e-08,Solyc04g081900.3,down,,
leaf,124.421522221611,-1.65538630815046,0.275747673818811,2.31408163757803e-10,2.63334646011845e-08,Solyc09g072860.2,down,,
leaf,850.8519594325,-1.14870338552901,0.191941163313404,2.44492334597449e-10,2.76660932778754e-08,Solyc06g051930.3,down,,
leaf,410.684839723867,1.19533161875011,0.19968272469293,2.7281598394147103e-10,3.06986566958051e-08,Solyc12g013690.2,up,,
leaf,29.4558327066216,2.78887498041438,0.515117978783146,2.77859647464913e-10,3.10924945513238e-08,Solyc07g052203.1,up,,
leaf,6.71200255743204,2.92589651359653,0.546324461056587,2.843635067031e-10,3.1470603033043e-08,Solyc12g056700.2,up,,
leaf,1299.104240613,-1.13617568500433,0.190906747362119,2.8701894057089e-10,3.15909043769337e-08,Solyc02g081170.3,down,,
leaf,11.6035906919758,2.28659455139133,0.405148944917135,3.06613955766296e-10,3.35642298752431e-08,Solyc03g007410.3,up,,
leaf,169.317511779378,2.96044038323555,0.5558077319309,3.10955215538433e-10,3.38554591966222e-08,Solyc07g054780.1,up,,
leaf,33.3563545650168,-2.06755888350393,0.359170237536103,3.22230861524968e-10,3.46628539001458e-08,Solyc11g042630.2,down,,
leaf,104.360393279052,1.78639755833093,0.302914047335188,3.21941940238233e-10,3.46628539001458e-08,Solyc12g010570.1,up,,
leaf,272.362633621072,-1.90708575610035,0.32655157987485,3.23533737127763e-10,3.46628539001458e-08,Solyc12g013650.2,down,,
leaf,1072.19333243699,-1.93373297275397,0.332116661243413,3.31634307524231e-10,3.53427419161537e-08,Solyc04g007800.3,down,,
leaf,956.491454127585,-1.19895134724958,0.201396247340969,3.34025532710673e-10,3.54102225255704e-08,Solyc01g081310.3,down,,
leaf,297.409550455699,2.90201766148798,0.544763165894816,3.49131044705758e-10,3.68177879710124e-08,Solyc04g080540.2,up,,
leaf,794.329610479705,-1.45001746706758,0.242702115036441,3.59558876407262e-10,3.77199733780994e-08,Solyc03g097370.3,down,,
leaf,1157.51272814724,-1.95577541729902,0.338041541268837,3.8504702897463403e-10,4.01845453762025e-08,Solyc02g086970.3,down,,
leaf,477.290056274453,-1.55452072003421,0.261695309917231,3.98940884203374e-10,4.14199344825998e-08,Solyc10g006970.3,down,,
leaf,8.99765619690855,2.07050383126897,0.362720968203915,4.22282679124013e-10,4.33960087903871e-08,Solyc10g075010.1,up,,
leaf,17.3127866197956,3.57036330761962,0.70409336974513,4.37205062472478e-10,4.45974114497409e-08,Solyc05g047580.3,up,,
leaf,376.938523356592,-2.01952872353303,0.352477063699927,4.38401721132395e-10,4.45974114497409e-08,Solyc10g085620.2,down,,
leaf,174.330632512274,-1.05329357861454,0.180635495340272,4.43227983820072e-10,4.48617992467532e-08,Solyc01g068060.3,down,,
leaf,1136.84580773819,-3.19017012100809,0.615953709114936,4.47782664700006e-10,4.50961921619376e-08,Solyc08g007130.3,down,,
leaf,264.958867044496,-1.24742191286744,0.212310525153698,5.77093410096437e-10,5.69794875792276e-08,Solyc11g065740.2,down,,
leaf,208.870931994896,-1.70149641809536,0.292066112964468,5.99954418010953e-10,5.8947716524764e-08,Solyc12g099430.2,down,,
leaf,781.398668431058,-1.35478254325577,0.230161662512907,6.055971035439e-10,5.92132857261225e-08,Solyc01g090790.3,down,,
leaf,76.4223869995642,1.19186433263554,0.20437015592534,6.65474876627021e-10,6.44422834856801e-08,Solyc04g007350.3,up,,
leaf,3062.77003230698,-1.12872299245866,0.195067211427899,7.33314429260046e-10,7.03353296864565e-08,Solyc04g051800.3,down,,
leaf,408.085366000215,-3.0970442825871,0.605279047282697,7.30716770768539e-10,7.03353296864565e-08,Solyc12g006050.2,down,,
leaf,110.330671104234,-1.29083660193899,0.221154991053429,7.65918844019674e-10,7.31143950532904e-08,Solyc11g020040.2,down,,
leaf,42.794002622062,-2.61667075249315,0.4934638869474,7.84876587080473e-10,7.45706802687494e-08,Solyc08g036520.2,down,,
leaf,50.6852165538769,-2.61714557637561,0.494209698674339,8.14414096669375e-10,7.70137499301153e-08,Solyc07g066360.1,down,,
leaf,118.746427065335,2.6272874883557,0.496985148684207,8.33320061985431e-10,7.80685241326072e-08,Solyc11g072930.2,up,,
leaf,564.438687468261,1.52723507175669,0.26313019874188,9.110436977267511e-10,8.44990790763265e-08,Solyc07g008620.1,up,,
leaf,38.1501863479894,1.41234268961097,0.242830139799099,9.14546680500406e-10,8.44990790763265e-08,Solyc08g006080.1,up,,
leaf,204.91557542373,-1.13374281676477,0.197145435183181,9.11300139641444e-10,8.44990790763265e-08,Solyc11g066080.1,down,,
leaf,179.761853155265,-1.77729801285814,0.311136056176669,9.66278394781205e-10,8.85020405024079e-08,Solyc02g032100.3,down,,
leaf,219.775811824213,1.93872090541793,0.34408708391853,9.666591654517802e-10,8.85020405024079e-08,Solyc03g113940.3,up,,
leaf,84.4681383358268,-1.3965819067012,0.240652050062528,9.851302026770091e-10,8.97850341281462e-08,Solyc00g009140.3,down,,
leaf,92.6834964275922,2.03354186000122,0.364656500117354,1.00443169899523e-09,9.07231537271836e-08,Solyc03g006360.3,up,,
leaf,112.301560745873,1.23278843309555,0.21357719657294,1.01757484044238e-09,9.14999662329925e-08,Solyc04g007340.3,up,,
leaf,28.1560822025542,-2.07781303642516,0.374605119646361,1.03458728185628e-09,9.26162534717742e-08,Solyc04g082940.3,down,,
leaf,1059.50723877481,2.89729428934131,0.565924176940097,1.06766117071983e-09,9.51541207992866e-08,Solyc04g040130.1,up,,
leaf,483.846985054199,-1.41181163296933,0.243937918187487,1.07688335326282e-09,9.55532356890737e-08,Solyc07g053010.2,down,,
leaf,6.33164605268355,-3.43560051112418,0.699623249426601,1.17746390499617e-09,1.0401964023874e-07,Solyc02g086960.2,down,,
leaf,58.0750096122439,-1.77369593522974,0.312378478199715,1.1847305907812802e-09,1.04204557028457e-07,Solyc07g062740.3,down,,
leaf,97.8142621395425,1.38925572119847,0.241076827923788,1.2406015640421202e-09,1.08644333491027e-07,Solyc11g020610.2,up,,
leaf,230.166948079567,1.36328302358121,0.237573851332728,1.41501435752877e-09,1.21800082005746e-07,Solyc10g084325.1,up,,
leaf,11.1785964592543,2.26842913339535,0.421726875019312,1.4333174589591802e-09,1.22850554290876e-07,Solyc05g014150.3,up,,
leaf,158.747955440918,-2.19153906994902,0.405282633494252,1.5619431045239302e-09,1.33307872929326e-07,Solyc08g061250.3,down,,
leaf,32.8615139230153,2.634822304484,0.511459580745027,1.6791179000669802e-09,1.42703766848731e-07,Solyc03g096660.2,up,,
leaf,358.825269804386,-1.10100645831692,0.195797108102144,1.6964104081452602e-09,1.43403279793133e-07,Solyc01g087020.2,down,,
leaf,40.8719635297347,-2.88279272174666,0.572473285260339,1.7015879193009e-09,1.43403279793133e-07,Solyc01g087180.3,down,,
leaf,2819.56729094297,-1.78764570277105,0.318887493654247,1.7183772687666e-09,1.44214812281237e-07,Solyc09g091030.3,down,,
leaf,22.1234986402217,2.72703489622058,0.536585003664762,1.91371201739474e-09,1.58625462775164e-07,Solyc09g008750.1,up,,
leaf,50.3789087096118,1.14142766222637,0.203512561085442,2.0671847787127602e-09,1.69257056149725e-07,Solyc05g053000.1,up,,
leaf,274.637354147346,1.01878656058793,0.183984947324174,2.0862658715986404e-09,1.70127802371416e-07,Solyc04g007150.3,up,,
leaf,415.601184277295,-2.31595686581634,0.439058828786872,2.17203578124324e-09,1.75699376328519e-07,Solyc02g088240.3,down,,
leaf,19.4920333418116,-4.41167390088325,1.00410079308468,2.2852074044037903e-09,1.84114590158005e-07,Solyc03g025810.3,down,,
leaf,31.0408311725824,2.04978494425369,0.378699749977392,2.3669833344360404e-09,1.85873199146177e-07,Solyc04g082380.3,up,,
leaf,280.849322327501,1.33756120405982,0.236852328228988,2.3233200126369704e-09,1.85873199146177e-07,Solyc05g011980.3,up,,
leaf,70.7727322643472,-2.43741759928505,0.469771507799143,2.3872338109058302e-09,1.85873199146177e-07,Solyc07g032490.3,down,,
leaf,7.82572834382423,2.10970657782693,0.392126031440268,2.34469560560512e-09,1.85873199146177e-07,Solyc07g056610.2,up,,
leaf,44.5334901472545,-2.20424216393219,0.414031428091907,2.36305760884768e-09,1.85873199146177e-07,Solyc08g082135.1,down,,
leaf,95.2363015707014,1.6846480717783,0.301440276292626,2.3900883019988e-09,1.85873199146177e-07,Solyc09g010230.2,up,,
leaf,46.5241619889914,-2.29007551800028,0.434317620805382,2.37795366266581e-09,1.85873199146177e-07,Solyc09g082550.3,down,,
leaf,382.547977192075,-1.05747511564068,0.191104297868597,2.4279776573375104e-09,1.88093561438816e-07,Solyc03g063730.3,down,,
leaf,29.4831408505177,1.54183840733358,0.274159402114365,2.4778617989619803e-09,1.91222576071618e-07,Solyc02g076670.3,up,,
leaf,434.868006314448,-2.49477009217632,0.484729737838104,2.5220899845703903e-09,1.93892887287087e-07,Solyc01g104780.3,down,,
leaf,493.993308943555,-1.54431541999045,0.274992554038485,2.58308891280688e-09,1.97827288523788e-07,Solyc10g076740.2,down,,
leaf,234.580229015627,-1.83319248227926,0.332712575464653,2.60457963489504e-09,1.98717587144151e-07,Solyc11g032100.2,down,,
leaf,11.0214957305559,2.49690008247229,0.486399140528814,2.6877571030489304e-09,2.04216355485831e-07,Solyc01g005500.3,up,,
leaf,72.2534137294374,-1.24725600079397,0.222648828127217,2.69692932972054e-09,2.04216355485831e-07,Solyc09g005660.3,down,,
leaf,1326.62480789906,-1.28732740879976,0.229425572267971,2.71021125416632e-09,2.04453464724412e-07,Solyc01g080460.3,down,,
leaf,24.6470958656445,-2.04644334065923,0.380575891227655,2.8990703122073703e-09,2.17884605330152e-07,Solyc01g106460.3,down,,
leaf,13.2517562181432,3.04354528566358,0.625873468912773,2.92183494106013e-09,2.18779179861833e-07,Solyc02g093280.2,up,,
leaf,1849.48340582596,-1.80666954568344,0.328646979351027,2.98807353230423e-09,2.22910285509896e-07,Solyc01g111070.3,down,,
leaf,1072.54072420265,1.89471207879406,0.347634005884377,3.05223572569321e-09,2.25935725077901e-07,Solyc01g105070.3,up,,
leaf,1216.01011372559,1.27602501191533,0.228448755041468,3.0734976006029603e-09,2.25935725077901e-07,Solyc06g068960.1,up,,
leaf,692.509370965789,1.16533785869442,0.210037455042766,3.0639246418502e-09,2.25935725077901e-07,Solyc08g060970.3,up,,
leaf,50.8067553278757,-2.02180073783697,0.375955396917949,3.11664483562971e-09,2.28274401015468e-07,Solyc04g008250.1,down,,
leaf,151.353149607699,2.33929541923134,0.451474194787878,3.3204999829980402e-09,2.40580973588297e-07,Solyc02g067600.1,up,,
leaf,140.799888635862,-1.12108725104501,0.203813552842168,3.5350679955698904e-09,2.55209102389852e-07,Solyc01g056850.3,down,,
leaf,53.7216137214058,-2.20955996305461,0.421534096221045,3.6046072794417804e-09,2.58377223567674e-07,Solyc08g082130.3,down,,
leaf,282.697399977018,-1.46556445049226,0.263196454280485,3.5930027244202204e-09,2.58377223567674e-07,Solyc12g005880.2,down,,
leaf,630.937773531485,2.08656328158629,0.393080274036585,3.7116905585554503e-09,2.65109472448312e-07,Solyc09g018010.3,up,,
leaf,60.2739279104234,-1.77199976780249,0.323839273198895,3.739579971690911e-09,2.66157667101761e-07,Solyc10g078580.1,down,,
leaf,315.209189508816,1.87210476712192,0.345240167222328,3.77622132912408e-09,2.66879473723569e-07,Solyc02g070910.2,up,,
leaf,215.151996270391,1.34106675572701,0.241583296016205,3.941582039504481e-09,2.76624897002436e-07,Solyc01g107100.3,up,,
leaf,203.086732527938,-1.3811547590261,0.24872739870243,3.96855155204541e-09,2.77550574171176e-07,Solyc08g079590.2,down,,
leaf,349.659806443623,-1.98940732213507,0.371837781424616,3.9853229527800806e-09,2.77759082750506e-07,Solyc09g082690.3,down,,
leaf,364.413877571994,-1.49186057293801,0.269488286167916,4.21337933430655e-09,2.90636597779461e-07,Solyc08g077300.3,down,,
leaf,9.58654721203702,-2.21986247150108,0.427722195170823,4.58557366969768e-09,3.13093643576443e-07,Solyc01g091705.1,down,,
leaf,74.5775885949133,1.31878086851335,0.239068483952623,4.682735311198271e-09,3.18647481885661e-07,Solyc08g069140.3,up,,
leaf,47.1308322821516,1.8969541433449,0.353477308136525,4.76842593633344e-09,3.2265052636961e-07,Solyc04g078800.3,up,,
leaf,123.546847379439,-1.37297943549809,0.24880162644202,4.77360028091271e-09,3.2265052636961e-07,Solyc08g076050.3,down,,
leaf,552.495570925481,1.86546988734499,0.347319585259715,5.074193066766761e-09,3.4068132250272e-07,Solyc10g078220.2,up,,
leaf,49.9599811611892,-1.60438485224965,0.293167266506451,5.20451455671367e-09,3.45971393403718e-07,Solyc10g084370.2,down,,
leaf,292.032695931514,-2.38551569012098,0.470798345540375,5.244207556783311e-09,3.47463252002399e-07,Solyc09g011080.3,down,,
leaf,320.00071668183,-1.40056731290748,0.254652027901693,5.29494103360851e-09,3.4853170685929e-07,Solyc08g076880.3,down,,
leaf,51.2767932420926,1.59113459119245,0.290954036117672,5.421668697778941e-09,3.55710915018447e-07,Solyc09g090340.2,up,,
leaf,280.574661369831,-1.95162784072619,0.368046016032703,5.736917176926681e-09,3.72751567024701e-07,Solyc04g082120.3,down,,
leaf,251.073244637279,-2.98761338611631,0.629438541950573,5.7565568451266704e-09,3.72824977410101e-07,Solyc00g025290.1,down,,
leaf,109.453394616601,2.58253875045252,0.524027099716984,6.082153771737821e-09,3.91395339521863e-07,Solyc02g067440.3,up,,
leaf,798.020058076636,-1.906619614521,0.358886866351709,6.186644970179181e-09,3.96851601876908e-07,Solyc01g100490.3,down,,
leaf,502.354187423535,1.58383144016553,0.29093987763358,6.2591221871281805e-09,4.00226155851225e-07,Solyc06g068650.3,up,,
leaf,656.611762471356,2.04888260404372,0.392187313195867,6.4955589492797705e-09,4.12724127307234e-07,Solyc06g059740.3,up,,
leaf,158.333214240569,3.1972753142757,0.690138207147953,6.58108839559874e-09,4.16843655547641e-07,Solyc09g084465.1,up,,
leaf,897.927780390875,-2.79442550238015,0.582506604941898,6.85602093526614e-09,4.31543667744158e-07,Solyc02g084850.3,down,,
leaf,164.422827944007,-1.17064845010404,0.216991692328557,7.07695859505749e-09,4.426835404399e-07,Solyc09g007030.3,down,,
leaf,11420.1775793774,1.62947403131361,0.30219738125806,7.687806256329011e-09,4.77387632524044e-07,Solyc05g050120.3,up,,
leaf,47.0513499947837,-1.66538641252068,0.309565678414569,7.70285873152191e-09,4.77387632524044e-07,Solyc08g063090.2,down,,
leaf,35.4248696394557,1.99831024522823,0.382854052331825,7.74771126185504e-09,4.78147662861307e-07,Solyc01g067340.2,up,,
leaf,103.015160672382,-1.48626567027383,0.274401829070818,8.02912294007218e-09,4.91558037261197e-07,Solyc12g015630.2,down,,
leaf,622.329540227908,-1.20757915395184,0.224247310538219,8.066086904576531e-09,4.92324613430244e-07,Solyc03g098020.3,down,,
leaf,762.455731305302,1.90205200831155,0.361575647618249,8.24450565451997e-09,5.01694359194385e-07,Solyc12g042480.2,up,,
leaf,26.7609099925276,1.12263198588263,0.210236137906544,8.38761004371343e-09,5.08865185242398e-07,Solyc02g092370.1,up,,
leaf,146.384608165557,-1.01432854121673,0.192426670569499,8.69795335097981e-09,5.2610863782413e-07,Solyc03g119305.1,down,,
leaf,6.61068196107832,-2.86038037168686,0.606750848869434,8.81241167912644e-09,5.28689438492138e-07,Solyc02g072560.1,down,,
leaf,19.8715363191674,-1.33207741676566,0.246707366314638,8.81244214457487e-09,5.28689438492138e-07,Solyc09g074450.1,down,,
leaf,185.849530046758,-1.93351918230237,0.369833287315081,8.93935627089865e-09,5.31410377156178e-07,Solyc04g016220.3,down,,
leaf,16.9058348848078,2.41260224385457,0.488373268662753,9.22145802284409e-09,5.46290022047428e-07,Solyc04g006990.3,up,,
leaf,537.916032776641,-1.24003659324068,0.231018983819681,9.36159479856783e-09,5.51348662084074e-07,Solyc03g007530.3,down,,
leaf,201.565985522821,-1.2084597908163,0.225650962129823,9.43837392950764e-09,5.54249934950854e-07,Solyc01g090950.3,down,,
leaf,42.8860634742587,-1.75285673996754,0.330494494132781,9.59149925428922e-09,5.61604587150853e-07,Solyc11g013480.2,down,,
leaf,1167.23671236066,-1.74906190548553,0.329735335558934,9.638386150723282e-09,5.62714127095271e-07,Solyc04g074730.1,down,,
leaf,23.4410735296725,-1.78078354467425,0.336899314769178,9.874680386422371e-09,5.74843388275489e-07,Solyc04g081890.1,down,,
leaf,25.9240304621269,2.75230122684998,0.580504777711874,9.936034218422131e-09,5.76748130338497e-07,Solyc04g011490.3,up,,
leaf,232.31363061863,-1.58025699710196,0.295360662636907,1.03229532898649e-08,5.92622697913151e-07,Solyc00g009120.3,down,,
leaf,135.641856858548,1.24753092992036,0.233150163943252,1.03486682666522e-08,5.92622697913151e-07,Solyc09g007130.3,up,,
leaf,29.54278671937,1.45941670106963,0.271812875196817,1.04528015542392e-08,5.96431526644439e-07,Solyc01g105620.3,up,,
leaf,57.5360191936956,3.15951241497255,0.695976487006884,1.08125770180641e-08,6.15217305926124e-07,Solyc05g052680.1,up,,
leaf,147.361411804232,2.13783917399697,0.421596989717415,1.09302945626545e-08,6.20163360791512e-07,Solyc07g006570.3,up,,
leaf,72.5964294938099,-1.73232392535714,0.327801755391549,1.1088834961607e-08,6.27391330889571e-07,Solyc09g005120.3,down,,
leaf,102.845653118196,2.37842428563988,0.483185466780335,1.11329678700947e-08,6.2812391831778e-07,Solyc07g005380.3,up,,
leaf,6473.59539483233,-1.29077773896106,0.241597128759457,1.1424620744554e-08,6.40988053027316e-07,Solyc04g025040.1,down,,
leaf,71.2235976088093,-2.48948875635798,0.515165701388617,1.26219574921616e-08,7.00362170267543e-07,Solyc09g066410.2,down,,
leaf,42.8834210675008,1.76545628804979,0.33687834289523,1.29415388647272e-08,7.16122186300372e-07,Solyc03g111550.3,up,,
leaf,232.126923123037,1.47368342074925,0.276759485361808,1.30764388288377e-08,7.21604468193008e-07,Solyc07g008020.3,up,,
leaf,112.271392086685,-1.37528305157744,0.258271225024986,1.32674296760396e-08,7.30143629876474e-07,Solyc11g012000.2,down,,
leaf,29.5162175887413,-1.95197622432039,0.379926638885907,1.35139555491185e-08,7.41684176213472e-07,Solyc04g054730.3,down,,
leaf,177.729431858771,-1.22217564477356,0.23111831261682,1.37361881326239e-08,7.51832340672039e-07,Solyc07g044990.3,down,,
leaf,4353.62275067066,-1.23326797609849,0.23309023506442,1.37950482547928e-08,7.53007755956741e-07,Solyc05g054760.3,down,,
leaf,66.9305939329916,1.96377851526897,0.383642467013135,1.43950288341679e-08,7.83634245345431e-07,Solyc03g043855.1,up,,
leaf,439.857832356914,-1.98089270167544,0.387769995460012,1.4443774374786e-08,7.84168472929758e-07,Solyc03g096670.3,down,,
leaf,167.156667618055,-1.00736370651909,0.195209203270594,1.5207815201002e-08,8.21222020854106e-07,Solyc03g096900.3,down,,
leaf,5774.10422154529,1.04367833794919,0.201444496429451,1.52828303744567e-08,8.23066228348416e-07,Solyc12g045030.2,up,,
leaf,124.429704211836,-2.60837894021404,0.553698129865622,1.6479318209053e-08,8.78112241710966e-07,Solyc01g105770.2,down,,
leaf,60.2693761839878,-1.80332591217927,0.349449137763419,1.78496693157601e-08,9.43643147921366e-07,Solyc09g089650.1,down,,
leaf,16.1916819430699,-3.08620791579214,0.692423543694726,1.80412160834269e-08,9.45041757919661e-07,Solyc00g118690.1,down,,
leaf,130.656554169367,1.24372954502661,0.237224474519341,1.79526375870209e-08,9.45041757919661e-07,Solyc06g064460.3,up,,
leaf,203.160534702487,-1.0091780965594,0.19682810107594,1.81589142192398e-08,9.47556606745927e-07,Solyc03g115000.3,down,,
leaf,266.771397597513,-1.46400674814648,0.278419139556274,1.85041791437169e-08,9.60595815239037e-07,Solyc12g006800.2,down,,
leaf,112.307474168872,-1.04971536939353,0.204051893462153,1.87919464262859e-08,9.65580063566966e-07,Solyc02g080610.3,down,,
leaf,79.7283105026225,2.26508496411038,0.463873516686468,1.89653449705455e-08,9.70652629029478e-07,Solyc01g073840.1,up,,
leaf,3.62894195450904,3.17018658918963,0.719085181399626,1.89870487457856e-08,9.70652629029478e-07,Solyc03g112040.1,up,,
leaf,189.082482131298,-1.24245453915402,0.237527450757635,1.90522123455321e-08,9.71518129275211e-07,Solyc01g098190.3,down,,
leaf,90.1140213019918,-1.16703339847856,0.224472174220762,1.9409249038127e-08,9.83832525198716e-07,Solyc03g083060.3,down,,
leaf,118.897131607539,-1.05511530615404,0.205251155328854,1.94651535625807e-08,9.83832525198716e-07,Solyc05g009080.3,down,,
leaf,327.932253540551,-1.55519152311146,0.297197687053929,1.95379311925075e-08,9.83832525198716e-07,Solyc06g036260.3,down,,
leaf,116.669951024844,-1.9598492556837,0.387252880351488,1.95012164814962e-08,9.83832525198716e-07,Solyc08g016500.3,down,,
leaf,59.856925428549,1.08922493485867,0.211190652561123,1.96899249691043e-08,9.89013637724935e-07,Solyc04g082070.3,up,,
leaf,58.8364197329556,-1.14699576959914,0.221202429513571,1.98705745545038e-08,9.93128213687433e-07,Solyc06g066340.3,down,,
leaf,257.399724936472,1.21653979578975,0.233343149906553,1.99197596231617e-08,9.93128213687433e-07,Solyc09g098095.1,up,,
leaf,44.6801864827487,-1.12067443014893,0.216679588803154,1.99048264053656e-08,9.93128213687433e-07,Solyc12g011420.2,down,,
leaf,539.968284832484,1.08032290641271,0.209820111267203,2.00789421444678e-08,9.98592722651534e-07,Solyc05g053930.3,up,,
leaf,5.01443537214243,-2.72075243164084,0.590656879217602,2.03228747453409e-08,1.0067834367303e-06,Solyc03g032080.3,down,,
leaf,1230.75377433806,1.99328098488377,0.39655755750496,2.10541583978449e-08,1.03432404499852e-06,Solyc07g007760.3,up,,
leaf,8.34051270928673,3.30030305450199,0.762866627019114,2.12422292275551e-08,1.04102428491828e-06,Solyc05g052420.2,up,,
leaf,739.125167545584,1.33846053400218,0.25619856645628,2.18384997942979e-08,1.06549334721359e-06,Solyc02g079590.3,up,,
leaf,13.3654190548669,2.11426408313392,0.42739520212818,2.18473216363426e-08,1.06549334721359e-06,Solyc08g061910.3,up,,
leaf,67.1940419368026,-1.9095496111494,0.377188235513464,2.22382344250034e-08,1.0819384487643e-06,Solyc04g014600.3,down,,
leaf,18.5108000632146,-3.13080205890503,0.713543139394854,2.24404961443307e-08,1.08914812852797e-06,Solyc01g098490.3,down,,
leaf,73.4838076814824,-3.04588196683042,0.690284188367454,2.38225828813891e-08,1.15344823172341e-06,Solyc10g085870.1,down,,
leaf,221.415626134292,2.90171223624457,0.649474523549534,2.52316534559174e-08,1.21874331872683e-06,Solyc04g054950.3,up,,
leaf,21.920222419432,-1.83160635718947,0.360903840918766,2.56093748392018e-08,1.23402877514642e-06,Solyc07g040680.3,down,,
leaf,2565.82121445393,1.37792340314614,0.265290754737683,2.58843913182458e-08,1.24430408098355e-06,Solyc03g120260.3,up,,
leaf,69.6686136832779,1.53527927806631,0.29654405326235,2.64476606696579e-08,1.26234308343187e-06,Solyc02g067560.1,up,,
leaf,12.7975563088417,3.01437117904432,0.684943492435936,2.67358853648884e-08,1.27008066749901e-06,Solyc04g074080.3,up,,
leaf,320.913563775439,-1.64116598036106,0.318865874340464,2.67202847398943e-08,1.27008066749901e-06,Solyc11g030730.2,down,,
leaf,9.79566709970293,-2.07017934342451,0.420228160884102,2.75680460030135e-08,1.30346380890305e-06,Solyc02g079930.3,down,,
leaf,21.1990997326154,1.49232340633054,0.288337923591493,2.76524350876633e-08,1.30439191460355e-06,Solyc06g007940.2,up,,
leaf,224.712044471755,1.12610244326422,0.22041274239686,2.77547464566273e-08,1.30615911946119e-06,Solyc11g007020.2,up,,
leaf,972.917936270723,-1.50175658400526,0.290454936715032,2.81961181111229e-08,1.32383732166489e-06,Solyc01g102310.3,down,,
leaf,747.721702884587,2.10269885594362,0.429038549200085,2.83283287937817e-08,1.32695162456826e-06,Solyc03g083730.1,up,,
leaf,163.262164266057,1.41251021924504,0.272886530428544,2.84071296844014e-08,1.32755546659678e-06,Solyc04g078630.3,up,,
leaf,17.974133594012,-2.32057964546405,0.487345370737687,2.89195066604708e-08,1.34525797495428e-06,Solyc01g081600.3,down,,
leaf,293.000845326302,-2.24432241141898,0.466835524563035,2.91203216623404e-08,1.35147815420014e-06,Solyc02g036370.3,down,,
leaf,296.824815505218,-1.47504583156697,0.285517802343139,2.92967933755315e-08,1.35654255671254e-06,Solyc06g036640.3,down,,
leaf,25.4025090390253,-1.77020530960566,0.349609321929787,3.14053699756395e-08,1.44421680833181e-06,Solyc01g098570.2,down,,
leaf,590.298475160401,-1.11117534953376,0.219043165033423,3.20380936633827e-08,1.46995736348031e-06,Solyc07g045160.3,down,,
leaf,45.3565211271588,-1.36909498743555,0.265897809658659,3.23391750257516e-08,1.48039923492884e-06,Solyc03g007890.3,down,,
leaf,2.28023737666599,2.44137466605039,0.523772096250675,3.28392755153008e-08,1.49988364496415e-06,Solyc09g089890.1,up,,
leaf,499.540725219161,1.82459599941402,0.363023821800743,3.32188340623169e-08,1.51378677756377e-06,Solyc07g040890.1,up,,
leaf,209.28639044942,-1.07655413734347,0.213512645291023,3.40612580176768e-08,1.5451843670992e-06,Solyc02g069750.2,down,,
leaf,255.677970713107,-1.96283961200605,0.396965716936771,3.43841657724347e-08,1.55632779098512e-06,Solyc01g067300.3,down,,
leaf,151.977734042352,-1.63156826548328,0.320254883427172,3.52209365532355e-08,1.58284651130564e-06,Solyc03g116910.3,down,,
leaf,41.8670575180348,2.33885555726423,0.496732436903197,3.52843850449922e-08,1.58284651130564e-06,Solyc04g040120.1,up,,
leaf,12.5255828143819,1.82324652267805,0.363584723131773,3.52640885469077e-08,1.58284651130564e-06,Solyc09g015380.1,up,,
leaf,263.616898503016,2.58565137055947,0.567335847854535,3.58551051057831e-08,1.60487450453485e-06,Solyc08g062220.3,up,,
leaf,75.305178935084,-1.48338746472985,0.289579846907696,3.62284045205146e-08,1.6108444235148e-06,Solyc01g106820.3,down,,
leaf,75.3335983776293,-1.65379224721245,0.325445899846929,3.62029804832105e-08,1.6108444235148e-06,Solyc07g052610.3,down,,
leaf,30.2828548639261,-2.63206267498663,0.582893682887482,3.85222710404192e-08,1.6978459153088e-06,Solyc04g014330.1,down,,
leaf,708.616743772145,2.55850390047664,0.561900756379161,3.92741810679109e-08,1.72344347509774e-06,Solyc05g005150.1,up,,
leaf,294.093435804239,1.96346203969063,0.399325267034633,3.92660066601826e-08,1.72344347509774e-06,Solyc05g051750.3,up,,
leaf,59.2166823061566,1.61258466355585,0.31778470101166,4.00499884633946e-08,1.75366710354281e-06,Solyc02g062670.3,up,,
leaf,52.5090706112723,1.29277162683542,0.253780865573066,4.0290367951079e-08,1.75655539236068e-06,Solyc02g077630.3,up,,
leaf,28.8818438295465,1.7304027555369,0.344302580950254,4.11951771196385e-08,1.78826133091327e-06,Solyc12g006790.2,up,,
leaf,53.3355400251289,-1.89271569382158,0.382904844343534,4.19318153302361e-08,1.80947815138519e-06,Solyc03g097820.2,down,,
leaf,67.1290506462071,2.88345657499642,0.660941034229847,4.18267933228751e-08,1.80947815138519e-06,Solyc09g008560.3,up,,
leaf,389.594900314066,-1.73841822695792,0.346390085482847,4.19534453726981e-08,1.80947815138519e-06,Solyc10g083340.2,down,,
leaf,38.3007215715161,1.12790813625456,0.224550102329087,4.28020548164847e-08,1.83820679768366e-06,Solyc05g006820.3,up,,
leaf,88.104427780589,-1.40076338694984,0.274995221075829,4.27379646624183e-08,1.83820679768366e-06,Solyc08g075430.3,down,,
leaf,1518.164159482,1.16963217293254,0.232103935623946,4.34240095993049e-08,1.86094979010468e-06,Solyc03g120475.1,up,,
leaf,115.951157735734,1.03981009120291,0.209228915476163,4.40768169096315e-08,1.88092213176652e-06,Solyc03g098140.3,up,,
leaf,7.40065738216887,-2.62064940746722,0.583313060404236,4.39835322115822e-08,1.88092213176652e-06,Solyc10g007580.1,down,,
leaf,6.61301559988494,-3.47131892682579,0.853882126817909,4.43169856173939e-08,1.88541037844988e-06,Solyc00g142160.1,down,,
leaf,70.7103138786368,-2.35790496626833,0.508234240862977,4.61250992669485e-08,1.94362290676752e-06,Solyc00g013140.2,down,,
leaf,34.941281288907,-2.60940130888784,0.581605367306349,4.6549467032381e-08,1.95740994773741e-06,Solyc00g125990.2,down,,
leaf,609.197038362003,2.78741272293116,0.635440108454323,4.68837516773137e-08,1.96735942975927e-06,Solyc07g008560.3,up,,
leaf,31.2777111212287,1.78408153623786,0.358670359418701,4.71434315925526e-08,1.97414344934968e-06,Solyc01g099330.3,up,,
leaf,46.2362188526867,-1.55537416802296,0.30771539000758,4.75420590257562e-08,1.98259244906166e-06,Solyc08g013840.3,down,,
leaf,61.0729876225132,2.11299902633876,0.441613101428186,4.80380187807565e-08,1.99501396759175e-06,Solyc04g005800.3,up,,
leaf,1057.00691939698,1.28313778299642,0.253760410439709,4.79424725663171e-08,1.99501396759175e-06,Solyc06g073190.3,up,,
leaf,84.5238511355481,-1.3082119401059,0.258644176231645,4.87950333010143e-08,2.01813051488507e-06,Solyc04g049800.3,down,,
leaf,84.404505819637,2.68794177040536,0.606613135308736,4.8929819458374e-08,2.01955824493969e-06,Solyc08g061970.3,up,,
leaf,181.183113488685,-1.25830022789327,0.249689320053891,5.05474131417616e-08,2.07780815408441e-06,Solyc06g073940.3,down,,
leaf,299.075304945091,-1.27280756517771,0.252810264349316,5.27032310083164e-08,2.15761885969412e-06,Solyc03g118130.3,down,,
leaf,187.652759206953,1.33403508668975,0.264592821666408,5.38165092895146e-08,2.1987264302422e-06,Solyc01g107190.3,up,,
leaf,18.9807308482158,2.11504806965396,0.44443621058525,5.39320494244557e-08,2.19898651722143e-06,Solyc01g005390.3,up,,
leaf,44.7654438233757,-1.33551994046191,0.265378736371284,5.63623528427325e-08,2.28881151402887e-06,Solyc02g067350.3,down,,
leaf,14.4604428289508,-1.92525519384402,0.396216052235761,5.75710974402443e-08,2.33319324877546e-06,Solyc10g049870.1,down,,
leaf,569.343690537105,-1.09493530625747,0.221408663606758,5.77107991366293e-08,2.33415846628512e-06,Solyc03g007370.3,down,,
leaf,7.22679088781643,-2.43334970735189,0.535575024757331,5.78269948496433e-08,2.33417100252809e-06,Solyc12g098450.2,down,,
leaf,204.499883988163,-1.75366007514356,0.354860232917979,5.89496941664948e-08,2.37472947980308e-06,Solyc07g021630.3,down,,
leaf,78.6262257381006,1.02492362589977,0.209128357689021,5.93767763074025e-08,2.38297977860975e-06,Solyc06g008890.3,up,,
leaf,764.122000201433,-1.3252073056558,0.263986439258233,5.94730539515774e-08,2.38297977860975e-06,Solyc09g090557.1,down,,
leaf,104.345524739713,-1.98216715723434,0.411433539666826,5.99419774049289e-08,2.39553831128984e-06,Solyc01g097470.3,down,,
leaf,242.02717100139,-2.24523594481539,0.482726434171601,6.07059929619986e-08,2.42126754503084e-06,Solyc11g039980.2,down,,
leaf,372.055323073216,1.37313336775103,0.274083800628567,6.39483140073317e-08,2.53552547388913e-06,Solyc06g076640.3,up,,
leaf,25.0029237722205,-1.73903209929811,0.352899471776936,6.50193053984258e-08,2.56788009673547e-06,Solyc03g005040.1,down,,
leaf,12.9356601623839,-2.73653693632897,0.630900379942853,6.55277666429608e-08,2.58289682137479e-06,Solyc02g076920.3,down,,
leaf,171.51087919213,1.30179688065022,0.260811647811764,6.69923055223334e-08,2.63032946945583e-06,Solyc01g098400.3,up,,
leaf,244.801893319488,-2.07899106011864,0.439050923905459,6.6988893670311e-08,2.63032946945583e-06,Solyc04g080040.3,down,,
leaf,146.294632440409,1.59807505705876,0.321779167193409,6.90916412693351e-08,2.69698418303672e-06,Solyc04g009850.3,up,,
leaf,1673.4531800997,1.35875828359608,0.272229569875898,6.96022827933746e-08,2.70642698846361e-06,Solyc03g117590.3,up,,
leaf,785.593938652585,-1.81586673721524,0.372264829981725,6.95012960440533e-08,2.70642698846361e-06,Solyc06g074940.3,down,,
leaf,69.7494828800602,1.41218248935642,0.283286565821594,7.24194908688398e-08,2.80514112515418e-06,Solyc06g053150.1,up,,
leaf,655.567874006114,2.30191530036658,0.50355084461345,7.41314778182458e-08,2.85498322412066e-06,Solyc04g071140.3,up,,
leaf,89.1133188993458,-2.04867088302229,0.433327574738712,7.56877837605083e-08,2.9093575200461e-06,Solyc03g078780.2,down,,
leaf,126.489610608555,1.91810647539911,0.399332827122734,7.63985526902412e-08,2.93108504435588e-06,Solyc11g005350.2,up,,
leaf,164.232873416073,2.09066587322701,0.445146232734784,7.74733317206538e-08,2.95543152938903e-06,Solyc09g008830.3,up,,
leaf,57.2921791993953,-1.49889156550788,0.301980575967643,7.76456989845857e-08,2.95640769177226e-06,Solyc10g083460.1,down,,
leaf,187.068693246333,-2.50926341408113,0.56698564597485,7.95696435040383e-08,3.02394671595913e-06,Solyc02g067230.3,down,,
leaf,78.9581255607131,-1.36704656443547,0.27555943115465,8.06693652583067e-08,3.05996677030662e-06,Solyc04g077357.1,down,,
leaf,120.189948210428,-1.01079680431348,0.209803811802247,8.56896103096363e-08,3.23213507651066e-06,Solyc05g024430.3,down,,
leaf,376.505009874777,-1.88797471772434,0.393837363501915,8.63974144241721e-08,3.24062704158599e-06,Solyc10g085830.2,down,,
leaf,16.3488680266029,1.57618769738153,0.320326773634505,8.83719406161834e-08,3.29018045820918e-06,Solyc02g089150.3,up,,
leaf,55.7388591064418,-1.83344645372132,0.380621505102147,8.87982531315943e-08,3.29995279442172e-06,ENSRNA050029936,down,,
leaf,52.6212945663322,-1.27073639208133,0.258148381990525,9.00848203071932e-08,3.34159935658837e-06,Solyc12g010820.2,down,,
leaf,12.4355334402121,-2.23467640541176,0.489008939960819,9.07942017748245e-08,3.36172208115536e-06,Solyc05g055750.3,down,,
leaf,164.461963042405,-2.36894408342333,0.529336401273367,9.41548363291254e-08,3.47975543732338e-06,Solyc01g080870.3,down,,
leaf,71.2929348224764,-1.84119411111399,0.383656687747744,9.47510934189962e-08,3.49296655269181e-06,Solyc08g078695.1,down,,
leaf,108.882590922217,-1.55187875739826,0.316000146360523,9.50367521361861e-08,3.49312091519537e-06,Solyc04g073960.3,down,,
leaf,39.9649251499721,-1.21375510038084,0.24814419501951,9.63641035585539e-08,3.53545678301711e-06,Solyc06g074760.2,down,,
leaf,301.700715669144,-1.99597269871209,0.424095532624046,9.69424681150298e-08,3.55020944140533e-06,Solyc03g120120.3,down,,
leaf,103.447501225915,2.68746423452331,0.629484759055746,9.89057101831196e-08,3.60245716909294e-06,Solyc07g062480.1,up,,
leaf,679.142175240387,-1.01381263597082,0.212231200556711,1.05230144879416e-07,3.8121323348223e-06,Solyc07g017220.3,down,,
leaf,192.516126224053,-1.27363444529491,0.261228910100636,1.12785125249003e-07,4.07765793650081e-06,Solyc01g102300.3,down,,
leaf,491.743105249688,1.36252974157559,0.279035377299157,1.1634592986678e-07,4.19219985577224e-06,Solyc07g055710.3,up,,
leaf,268.577422178934,-1.00769480535618,0.212092981906081,1.17143662307683e-07,4.19897813680568e-06,Solyc01g097910.2,down,,
leaf,986.621813759299,1.77485617080357,0.370818397919853,1.17159453524218e-07,4.19897813680568e-06,Solyc01g103650.3,up,,
leaf,248.217455765448,-1.0768648080511,0.224853093259957,1.1689621054633e-07,4.19897813680568e-06,Solyc02g092800.3,down,,
leaf,96.1714018663801,1.72603326559093,0.359019150661728,1.17543891793465e-07,4.20527365631255e-06,Solyc08g079850.2,up,,
leaf,304.814124529185,-1.1828627271049,0.244709568740421,1.19759324599851e-07,4.27650232911243e-06,Solyc01g067120.3,down,,
leaf,174.603841707327,-1.09306350076465,0.228094368497784,1.19959478500076e-07,4.27650232911243e-06,Solyc01g111080.3,down,,
leaf,148.942894267411,2.01255375549077,0.432942102834104,1.20567831392148e-07,4.29059586554886e-06,Solyc08g080630.3,up,,
leaf,169.751347436904,1.09832153630494,0.229253882219942,1.22239940042144e-07,4.34242834625902e-06,Solyc08g008170.3,up,,
leaf,106.926359132516,-1.50452812060404,0.309283889524865,1.23229236472073e-07,4.36218502815552e-06,Solyc09g055900.3,down,,
leaf,7.32857309855209,-1.79413667714861,0.376487185914093,1.23584268103373e-07,4.36615860611049e-06,Solyc07g041000.3,down,,
leaf,66.0633193898056,1.75750824282525,0.367487949568271,1.23775025523239e-07,4.36615860611049e-06,Solyc09g007730.3,up,,
leaf,446.080738277446,-1.76838997412874,0.370419798139394,1.25749685642296e-07,4.42805973462783e-06,Solyc04g011440.3,down,,
leaf,23.3048903406294,-2.3688003005668,0.538718072989676,1.32783769650978e-07,4.65946112945993e-06,Solyc02g087840.3,down,,
leaf,923.554263430978,-1.42797514901313,0.294330443339506,1.35476810306931e-07,4.72106213356784e-06,Solyc06g076670.3,down,,
leaf,1068.75474534457,-1.26767452581375,0.262377249570852,1.37588244617114e-07,4.78635997077359e-06,Solyc07g062970.3,down,,
leaf,48.4050199823044,1.94993539227012,0.419128503210559,1.40597562480052e-07,4.8742101608833e-06,Solyc09g072770.1,up,,
leaf,631.324830691544,1.28193941689819,0.265476857275618,1.41500303074028e-07,4.89707749917024e-06,Solyc10g049970.2,up,,
leaf,233.401450756086,3.97652156447398,1.1978995189191,1.45592854135331e-07,5.03007078558119e-06,Solyc07g006380.3,up,,
leaf,30.347933853418,3.00923335573132,0.753934934313994,1.46503872356778e-07,5.05287841953804e-06,Solyc01g095960.3,up,,
leaf,273.511230536819,-1.5019856891004,0.311180897670319,1.47063372720908e-07,5.06350504845217e-06,Solyc08g006580.3,down,,
leaf,93.8488382759079,1.53404490784438,0.318514349237702,1.50330112819745e-07,5.1671486901285e-06,Solyc08g078910.2,up,,
leaf,452.936211825327,-1.08558940373457,0.229048045137,1.50915574328139e-07,5.17843526084731e-06,Solyc10g008880.3,down,,
leaf,103.586129020836,-2.11619040554657,0.467272724286633,1.53694477949146e-07,5.26482002525798e-06,Solyc11g066100.2,down,,
leaf,34.9223303835457,1.63019996977155,0.340694080240985,1.54311502199569e-07,5.27698179508273e-06,Solyc07g006360.1,up,,
leaf,984.367239844509,1.17765491172161,0.246726504389282,1.57383947816865e-07,5.36383667838799e-06,Solyc02g079220.3,up,,
leaf,53.1417075700071,1.43028166228023,0.296935050095157,1.58978435335887e-07,5.39990496548976e-06,Solyc04g015980.3,up,,
leaf,58.3201437178338,1.09228172411679,0.23101479205375,1.61728913630591e-07,5.48408043492822e-06,Solyc04g005790.3,up,,
leaf,31.324262923377,1.45643303922634,0.303005594270184,1.65351104984669e-07,5.57873024556316e-06,Solyc01g049925.1,up,,
leaf,9.7855391349425,2.53003995165229,0.596648563821328,1.66859814686958e-07,5.61083537132672e-06,Solyc02g072393.1,up,,
leaf,361.383604640124,2.10894806544024,0.467101763025194,1.66785576792558e-07,5.61083537132672e-06,Solyc04g074760.3,up,,
leaf,239.527015939634,2.52034447992832,0.59388691008696,1.68770758650292e-07,5.65620735563091e-06,Solyc05g018230.3,up,,
leaf,41.1637067364934,1.31491311709246,0.274163131903283,1.69424194251692e-07,5.66867461896607e-06,Solyc12g011310.2,up,,
leaf,61.8123866657543,-1.40324418545968,0.292336039432257,1.72003105284587e-07,5.73590487854661e-06,Solyc06g072770.3,down,,
leaf,5.60103346721298,-2.30666580725129,0.527113524569399,1.73322232297517e-07,5.77034116187864e-06,Solyc11g006115.1,down,,
leaf,331.905009606646,-1.19473644364614,0.251137697700163,1.74563387080704e-07,5.80207218247448e-06,Solyc04g057980.3,down,,
leaf,61.9678914704271,-1.55320607545283,0.325091607931134,1.7592314137642e-07,5.82803275263791e-06,Solyc05g006610.3,down,,
leaf,43.0841206881481,-1.61387819636173,0.339359739238888,1.80556952549288e-07,5.95217371235312e-06,Solyc12g088280.2,down,,
leaf,110.817672532279,-1.1504417661368,0.243357049117838,1.84467928692837e-07,6.05138928294973e-06,Solyc12g008460.2,down,,
leaf,293.744808605112,1.07378194729341,0.228917289501145,1.84281381261517e-07,6.05138928294973e-06,Solyc12g088050.2,up,,
leaf,1015.99236507183,-1.57304229884773,0.330377143653196,1.85424039838103e-07,6.07286343157573e-06,Solyc05g051850.3,down,,
leaf,86.332105456661,-1.53393296136354,0.321853301058091,1.89160136661133e-07,6.165151250208e-06,Solyc09g065760.3,down,,
leaf,473.148450738059,-1.12139544329968,0.238183458442793,1.89687128240516e-07,6.17233947822371e-06,Solyc02g067860.3,down,,
leaf,1991.58196573248,1.83307042812407,0.394261512204983,1.91261073292195e-07,6.20351133373816e-06,Solyc04g071900.3,up,,
leaf,23.3460896306541,1.95449801191083,0.427088994508665,1.95066271686783e-07,6.30662093790558e-06,Solyc01g006690.3,up,,
leaf,418.714345527151,-1.5017972076174,0.315520845684009,1.99679737534769e-07,6.43511883748051e-06,Solyc01g099810.3,down,,
leaf,73.9590364148845,-1.22121664220545,0.257908778051952,2.01663067749324e-07,6.4731595368887e-06,Solyc09g089860.3,down,,
leaf,27.5365125295127,-1.97098870540252,0.432466593626465,2.02800034248384e-07,6.4941149281891e-06,Solyc05g050220.3,down,,
leaf,94.4832514048021,-1.78895441192218,0.384080857799289,2.03671852027736e-07,6.51168006911534e-06,Solyc03g119370.2,down,,
leaf,133.943257540708,2.69098509958759,0.658435192200001,2.07855999274624e-07,6.63492161234465e-06,Solyc07g007250.3,up,,
leaf,418.277085950132,2.33044591232057,0.539945018877603,2.09228281938094e-07,6.66815831455236e-06,Solyc01g006400.3,up,,
leaf,63.1108898213,1.97244175907088,0.433748744192996,2.11202249140003e-07,6.72043554846437e-06,Solyc06g065010.3,up,,
leaf,56.0014189691188,-1.03620187058091,0.223272158570183,2.11827911643361e-07,6.72971261249302e-06,Solyc11g006640.2,down,,
leaf,172.942611588999,-1.02965450973176,0.222068370599509,2.1266761299511e-07,6.74574970227953e-06,Solyc09g011130.2,down,,
leaf,340.14838411981,-1.48289263888772,0.312615777419546,2.17468875775616e-07,6.86004630798522e-06,Solyc03g112210.1,down,,
leaf,42.5123506629759,-1.66139567062716,0.35362975874361,2.176332832292e-07,6.86004630798522e-06,Solyc04g058100.3,down,,
leaf,499.126762705685,1.48219833152569,0.31261408814585,2.1971567617273e-07,6.90407667624202e-06,Solyc02g071475.1,up,,
leaf,37.4910192014987,1.26425673247807,0.267457583768428,2.21412494527774e-07,6.94655835635268e-06,Solyc11g013240.2,up,,
leaf,91.0038890987926,-1.44768916145351,0.305281307118918,2.22252834691905e-07,6.96207868796943e-06,Solyc09g005560.3,down,,
leaf,50.5574135718136,-1.37082313901851,0.289224093808664,2.25243954725294e-07,7.04481946595787e-06,Solyc12g042910.2,down,,
leaf,95.2234239747606,-1.31121092505557,0.277204327001526,2.28117660061843e-07,7.1236370681638e-06,Solyc08g013980.3,down,,
leaf,13.6971333658276,-1.89821491351092,0.415054538678105,2.28515871949226e-07,7.12502584024972e-06,Solyc01g099385.1,down,,
leaf,114.339061638712,-1.18901566884902,0.253398470024975,2.32758324723704e-07,7.2460868262517e-06,Solyc07g056580.3,down,,
leaf,182.064066716653,1.10892336493423,0.238319633038973,2.37698542476841e-07,7.37707864802546e-06,Solyc08g067260.3,up,,
leaf,173.208839898917,1.22658327283306,0.261087129896731,2.4055459358884e-07,7.45423172933294e-06,Solyc02g082830.2,up,,
leaf,554.429051101617,1.90277986365956,0.417541615913076,2.42648775701694e-07,7.50757548415287e-06,Solyc04g009860.3,up,,
leaf,147.841091339901,-1.05987197395253,0.229412353118165,2.47233590422165e-07,7.61434094538722e-06,Solyc02g067470.3,down,,
leaf,185.007298095688,-1.14705389334882,0.246030662777742,2.46918466646065e-07,7.61434094538722e-06,Solyc03g093800.1,down,,
leaf,68.8571683097589,-2.33100499547554,0.545645613860833,2.51317943146362e-07,7.72831452038783e-06,Solyc00g021640.3,down,,
leaf,32.2980370355031,1.99450980680846,0.44389678606667,2.52134188772937e-07,7.74159577784221e-06,Solyc11g008830.2,up,,
leaf,72.691105001325,-1.48138589833256,0.315102888896266,2.62961125675064e-07,8.04948783183455e-06,Solyc11g069620.2,down,,
leaf,491.499188878386,-1.264089048877,0.269734210815936,2.65758793003172e-07,8.11047516465135e-06,Solyc08g078020.1,down,,
leaf,1854.16917475494,1.29036063381999,0.275080087602404,2.67529711387873e-07,8.15216860328977e-06,Solyc04g010250.3,up,,
leaf,63.0718838395092,3.52365066586679,1.00867935115545,2.70721949902081e-07,8.2081699432987e-06,Solyc03g096540.3,up,,
leaf,504.494246223126,-1.35139961431985,0.287718163323643,2.70997567882715e-07,8.2081699432987e-06,Solyc07g055930.3,down,,
leaf,170.388902171689,1.79718630450321,0.391756008187546,2.72829068175849e-07,8.23886520419484e-06,Solyc11g012260.2,up,,
leaf,80.9139140909181,1.62030209799923,0.347575966802108,2.72517467909424e-07,8.23886520419484e-06,Solyc12g089240.2,up,,
leaf,10.9541476215252,-2.58147205813415,0.632565974406068,2.79826821945452e-07,8.42492054951464e-06,Solyc03g064040.1,down,,
leaf,72.0868822012685,-1.73292663800502,0.376210083652042,2.87287532877692e-07,8.58537906116095e-06,Solyc03g094110.3,down,,
leaf,58.770277645346,-1.86540139103437,0.411154121310538,2.90430703195395e-07,8.63109664414457e-06,Solyc02g031950.3,down,,
leaf,181.492442054547,-2.47957836487447,0.59944647603708,2.92171661167481e-07,8.66704211963977e-06,Solyc01g107460.2,down,,
leaf,69.537731096374,1.44476519127265,0.308821929858447,2.95816963309722e-07,8.7622724632124e-06,Solyc03g112960.1,up,,
leaf,78.9075348780394,-1.52881806436176,0.328031640090309,3.04360218387992e-07,8.9888907899867e-06,Solyc03g115230.3,down,,
leaf,40.5613027697165,1.47547820099472,0.315999146368586,3.04061600898047e-07,8.9888907899867e-06,Solyc07g043170.3,up,,
leaf,15.1485045079375,-2.19363903205009,0.508384272908757,3.09202193156973e-07,9.11852207110945e-06,Solyc09g015880.3,down,,
leaf,5.0034248282962,-3.7603591983479,1.16838626427673,3.10775022453974e-07,9.15150658226307e-06,Solyc01g005510.3,down,,
leaf,6622.88598058945,-1.31682729981441,0.282636127925687,3.14728672230049e-07,9.25440133731042e-06,Solyc06g076020.3,down,,
leaf,51.9235029241499,-1.71736231812058,0.374114766308483,3.17149780101924e-07,9.31199835395475e-06,Solyc08g082790.3,down,,
leaf,1149.08024998176,1.00914510386757,0.222364630230897,3.18679389754273e-07,9.34329005593969e-06,Solyc02g090110.3,up,,
leaf,45.5244024362661,-1.3178747851376,0.283150781354218,3.21676986742337e-07,9.41746782988974e-06,Solyc07g053890.3,down,,
leaf,145.292289719361,-1.96895444117145,0.442806951029268,3.29715015461981e-07,9.62481136439887e-06,Solyc07g045185.1,down,,
leaf,120.320764453213,-1.6379154950836,0.355151075766141,3.30595503725091e-07,9.63654795373485e-06,Solyc02g071130.3,down,,
leaf,554.33048117899,1.30114958557829,0.280144960684372,3.31800551742223e-07,9.65596467966825e-06,Solyc08g006780.3,up,,
leaf,101.194795455868,-1.66311553758134,0.361603879642463,3.35755898821318e-07,9.74466183581987e-06,Solyc05g013180.3,down,,
leaf,116.640207932584,-1.46079082705216,0.314368423611759,3.38036142278017e-07,9.78264939333881e-06,Solyc10g079150.2,down,,
leaf,105.376013376036,2.52930315194652,0.622308236945651,3.41728513441606e-07,9.86116865005849e-06,Solyc12g011010.2,up,,
leaf,1228.00652533972,-1.31565007376501,0.283740839231571,3.47053247437755e-07,9.97196363750538e-06,Solyc02g083570.3,down,,
leaf,841.698492439787,-1.16512581810235,0.253715552995251,3.50158401779163e-07,1.00325612071634e-05,Solyc03g121295.1,down,,
leaf,366.036984561052,-1.24229561901891,0.269316507728694,3.59607586702993e-07,1.02515597786992e-05,Solyc02g081330.3,down,,
leaf,159.721634187021,-1.27530599143598,0.275982075238093,3.59837789868946e-07,1.02515597786992e-05,Solyc05g005290.3,down,,
leaf,1031.19463407611,1.74079771399278,0.383115797397228,3.71055995862028e-07,1.05159203134511e-05,Solyc08g068710.1,up,,
leaf,746.553185261093,-1.03857912290505,0.229812306650265,3.72249587106077e-07,1.05159203134511e-05,Solyc09g082680.3,down,,
leaf,418.172618404171,2.21749556911628,0.521574012718719,3.75815331531352e-07,1.05869544163699e-05,Solyc03g098790.2,up,,
leaf,2045.84934826951,-1.46202431514564,0.316336899209189,3.76938946243746e-07,1.06015388392615e-05,Solyc01g111075.1,down,,
leaf,1662.27223401424,-2.21318790420805,0.520325343658687,3.77385728713657e-07,1.06015388392615e-05,Solyc10g005080.3,down,,
leaf,22.4129426411839,1.38484571409151,0.299612882549735,3.80663360061531e-07,1.06638684260909e-05,Solyc04g075000.1,up,,
leaf,51.3658634740641,-1.2815572359965,0.278057412777929,3.81665219522263e-07,1.06770845161353e-05,Solyc10g005750.3,down,,
leaf,44.8504763979237,-2.25368629232769,0.534405561232848,3.90821766345468e-07,1.09029529331446e-05,Solyc11g063610.2,down,,
leaf,17.7391858818177,1.48338526797052,0.321896859082593,3.95448010579118e-07,1.10167549503245e-05,Solyc05g014140.2,up,,
leaf,135.625750325074,-1.9705186289447,0.448071329141575,4.03479661680563e-07,1.1209499786993e-05,Solyc08g006990.2,down,,
leaf,1301.31498808866,-1.14262882190683,0.251335429929926,4.12200165213527e-07,1.14148724665652e-05,Solyc02g031740.3,down,,
leaf,540.509403663287,-1.41687798992691,0.30776615361783,4.12572095902069e-07,1.14148724665652e-05,Solyc07g064020.3,down,,
leaf,82.4427791487579,-1.24555716406598,0.27194734348467,4.1684063509756e-07,1.15013754412809e-05,Solyc09g065020.3,down,,
leaf,155.168308393485,-1.23143818089997,0.269296653951752,4.2297028909615e-07,1.16105476272853e-05,Solyc05g050820.3,down,,
leaf,68.2439355222869,-2.36110831543323,0.572489361815227,4.22125241094936e-07,1.16105476272853e-05,Solyc06g074570.1,down,,
leaf,82.6874684096611,-1.39277988920081,0.302917134946269,4.23387873125362e-07,1.16105476272853e-05,Solyc11g010930.2,down,,
leaf,48.0776763132331,1.41039334506452,0.306757066347329,4.23679500846723e-07,1.16105476272853e-05,Solyc12g009450.2,up,,
leaf,4.77134124576557,-3.30350340868056,0.943689000093844,4.259435292633e-07,1.16567317478551e-05,Solyc05g015890.3,down,,
leaf,23.9500510286276,1.74051991976884,0.386009430551724,4.30876015249512e-07,1.17757187234134e-05,Solyc09g092710.3,up,,
leaf,147.762739620681,-1.31345710632667,0.286451699799859,4.34347269247793e-07,1.18545022997141e-05,Solyc06g060880.3,down,,
leaf,10.4859201898742,1.88850534537431,0.42638004100026,4.35201526676691e-07,1.18617444523977e-05,Solyc06g059840.3,up,,
leaf,21.8650583044699,-2.2954742043976,0.551660432921799,4.36543503950403e-07,1.18822422386068e-05,Solyc07g019510.3,down,,
leaf,855.663955910247,-1.25316142947304,0.274215351486422,4.3965951519207e-07,1.19348004784349e-05,Solyc03g114450.3,down,,
leaf,1331.11708019055,-1.2292658801315,0.269600637199028,4.46912292031957e-07,1.20828287061848e-05,Solyc01g098110.3,down,,
leaf,754.547172052109,-1.42012000425338,0.310470580307795,4.68888621932134e-07,1.26599927921676e-05,Solyc08g082440.3,down,,
leaf,303.380465661765,1.14861432701725,0.254221866474495,4.71860013835222e-07,1.27061556131939e-05,Solyc10g012370.3,up,,
leaf,4.93508095536048,-2.56847695771576,0.649568490481864,4.73497406661366e-07,1.2733223985278e-05,Solyc03g033440.1,down,,
leaf,160.056963142801,-1.28275991766096,0.281393961205683,4.76128899455163e-07,1.2769891202165e-05,Solyc01g094170.3,down,,
leaf,9.82329985864824,-2.65917827947861,0.68336595414094,4.7816511456037e-07,1.28074491189827e-05,Solyc00g030100.1,down,,
leaf,104.66478518144,2.02603896623435,0.469097795789876,4.83126889330328e-07,1.29060236139144e-05,Solyc02g031790.2,up,,
leaf,167.434718638469,1.29355875097276,0.284006208255984,4.88752367888167e-07,1.30390068794748e-05,Solyc12g100010.1,up,,
leaf,254.541906906778,1.19871961642134,0.264826652508279,4.94830620638279e-07,1.3183701535577e-05,Solyc10g005950.3,up,,
leaf,46.30946805016,-1.97082962908501,0.453392685113989,4.98310941358587e-07,1.32588890103628e-05,Solyc07g006040.3,down,,
leaf,2082.65927865608,-1.41327727489036,0.3100703044972,5.03029829445792e-07,1.33316142430226e-05,Solyc11g007200.2,down,,
leaf,571.146050077971,-1.24786476771774,0.275067771966952,5.05453663859932e-07,1.33782492739379e-05,Solyc06g007620.3,down,,
leaf,43.7460667993812,-1.75991040761521,0.394699260146407,5.12525793540553e-07,1.3547630621383e-05,Solyc03g112010.3,down,,
leaf,8.97713828357041,-2.38802206177244,0.589004875417416,5.16770180889546e-07,1.3624064114499e-05,Solyc08g008305.1,down,,
leaf,199.114036825899,2.00756599726246,0.465505293891519,5.2088109860844e-07,1.3714492925714e-05,Solyc09g091000.3,up,,
leaf,28.787399968571,-1.69799990017414,0.378992729262274,5.26739129576684e-07,1.3832567859105e-05,Solyc04g077350.1,down,,
leaf,90.9565744934447,-1.48035349847658,0.32598273445802,5.28675514122958e-07,1.38653414133654e-05,Solyc01g091130.3,down,,
leaf,509.622211164439,1.563725204888,0.34583164758023,5.36488146630441e-07,1.40457077158712e-05,Solyc12g014350.2,up,,
leaf,6852.72202155943,1.76081522818668,0.396059739153256,5.40321793109332e-07,1.40609322439382e-05,Solyc09g097780.3,up,,
leaf,8.11129683900995,2.04143829880741,0.476790601349869,5.40198658759829e-07,1.40609322439382e-05,Solyc11g013235.1,up,,
leaf,83.6152931713057,1.82947810363711,0.414729251357044,5.38771854184388e-07,1.40609322439382e-05,Solyc12g014430.2,up,,
leaf,133.709225581148,-1.06438988967274,0.239368457841678,5.45677151478831e-07,1.41636974034621e-05,Solyc01g065495.1,down,,
leaf,579.832955237735,1.73675871122421,0.390034116943873,5.50246594287006e-07,1.42639213669612e-05,Solyc12g094660.2,up,,
leaf,22.836313897109,-2.23297367639868,0.538724692840835,5.53204238306043e-07,1.43221590847819e-05,Solyc09g065430.3,down,,
leaf,1966.45763984967,1.59596971051296,0.354316910382737,5.55854988973047e-07,1.43585578598592e-05,Solyc01g109655.1,up,,
leaf,520.236019164714,1.21193946481592,0.269080168783514,5.56035901632914e-07,1.43585578598592e-05,Solyc08g061610.3,up,,
leaf,170.857908054999,-1.30400747081667,0.288113815530324,5.57511388682548e-07,1.4378225852553e-05,Solyc12g088820.2,down,,
leaf,121.834991948892,-1.78161714491054,0.403143073403739,5.78212275031487e-07,1.48930327924351e-05,Solyc07g045460.3,down,,
leaf,930.112159453931,1.70561851717125,0.382905673990669,5.7928154657324e-07,1.4901518404953e-05,Solyc12g049030.1,up,,
leaf,3835.95841775903,2.03482794153332,0.476827143868813,5.82438008943387e-07,1.49636050716042e-05,Solyc01g059965.1,up,,
leaf,164.096889765595,1.25353041171574,0.278588356145936,5.96733097281569e-07,1.52537526144749e-05,Solyc01g108440.2,up,,
leaf,32.6418115504124,2.51051385357129,0.638454333107703,5.96760850968437e-07,1.52537526144749e-05,Solyc03g112030.2,up,,
leaf,14.8943032420636,-1.72096372390001,0.387637562967716,5.99131413666933e-07,1.52949365450943e-05,Solyc07g045180.3,down,,
leaf,115.842046613525,1.38315628773406,0.306502466937583,6.098749079432e-07,1.55298361514437e-05,Solyc06g005520.3,up,,
leaf,470.87681568336,-1.39580667972725,0.309583824502012,6.21032331586924e-07,1.57939813419493e-05,Solyc06g075780.2,down,,
leaf,416.132143820634,1.09242971612151,0.246614497942643,6.23538329761517e-07,1.58377163153297e-05,Solyc12g006450.2,up,,
leaf,60.4068394961283,-1.02611267401273,0.233491015739767,6.31964804203903e-07,1.6031530335359e-05,Solyc12g038160.2,down,,
leaf,115.861046271641,-1.13101903172405,0.254650634108486,6.38712556308114e-07,1.61417168245396e-05,Solyc02g094150.3,down,,
leaf,121.159457276689,-1.16272835045945,0.261496627057227,6.61121142448857e-07,1.66453775640061e-05,Solyc03g116690.3,down,,
leaf,630.852099288318,-1.07481455145465,0.243906449034712,6.65094952587864e-07,1.67036689962902e-05,Solyc10g079140.2,down,,
leaf,13.6530215381256,-2.27334749543659,0.558809437402921,6.68696302841657e-07,1.67732016585762e-05,Solyc00g013150.1,down,,
leaf,57.5787991246785,-1.47778439249557,0.329506219319069,6.7200999591903e-07,1.68353548977626e-05,Solyc11g042710.2,down,,
leaf,17.992345854829,1.45535094287257,0.324455424493001,6.77192463478527e-07,1.69441125458192e-05,Solyc08g007210.3,up,,
leaf,527.835433408685,-1.73796372746628,0.39488819413549,6.80468254232481e-07,1.70049523284747e-05,Solyc03g007360.3,down,,
leaf,1202.52396475608,-1.41133870009128,0.314621144802991,6.83559019347523e-07,1.70610232561311e-05,Solyc11g012410.2,down,,
leaf,15.2347380987462,-2.59898214412392,0.677954558876022,6.86189609741843e-07,1.71054840586884e-05,Solyc09g010530.3,down,,
leaf,71.8506740225881,-1.76594839750192,0.402939875522809,6.94817717080112e-07,1.72778005647255e-05,Solyc01g105320.3,down,,
leaf,71.8998943691019,1.0098824056107,0.231383353630735,6.9703523836675e-07,1.73115706179816e-05,Solyc09g059020.3,up,,
leaf,301.008367370733,1.54722111970998,0.346693175310904,6.98887630266252e-07,1.73362003064321e-05,Solyc08g007790.3,up,,
leaf,1529.04283945138,-1.44953271754299,0.323942995094155,7.10329077448184e-07,1.75551512613022e-05,Solyc01g067660.3,down,,
leaf,91.4284966556993,-1.53566431555824,0.344558287735742,7.24093639942075e-07,1.7851522760971e-05,Solyc10g084060.2,down,,
leaf,6.45245436016654,-1.89002518436552,0.439674510339653,7.42229434513914e-07,1.82539502685949e-05,Solyc07g064470.3,down,,
leaf,78.4579108953446,1.10808938781842,0.252011720393602,7.41535077750614e-07,1.82539502685949e-05,Solyc10g050110.1,up,,
leaf,18.6837328765048,-2.26136722142993,0.558939059019749,7.53155654891659e-07,1.84775410485113e-05,Solyc00g013155.1,down,,
leaf,141.285609010362,1.61006594312648,0.363960536165423,7.64280710631739e-07,1.8704911389483e-05,Solyc12g005720.1,up,,
leaf,726.430760948147,1.11413494301327,0.253824202772453,7.75076046828276e-07,1.89231293760184e-05,Solyc02g086600.3,up,,
leaf,113.132480782633,-1.15731367220277,0.262717662475552,7.8228525106483e-07,1.90529498512065e-05,Solyc09g014500.3,down,,
leaf,268.710476984931,1.04958479060017,0.240917032919158,7.85019028513886e-07,1.9096441150153e-05,Solyc04g081370.2,up,,
leaf,11.6932753347779,-2.88555610452891,0.802536372660015,7.91464004838953e-07,1.9229997569923e-05,Solyc01g109920.2,down,,
leaf,30.5430601719191,1.4526722496464,0.32672803026594,7.99233926789521e-07,1.934876172283e-05,Solyc11g069770.2,up,,
leaf,294.41850747232,2.4809211786736,0.640710928374016,8.04868299220139e-07,1.946177344885e-05,Solyc03g083770.1,up,,
leaf,2.29289049369456,2.83445798105427,0.782432753342343,8.13871977743137e-07,1.96388804548519e-05,Solyc01g060010.2,up,,
leaf,40.3759967327732,-1.87985393314768,0.439042369973331,8.14142844792042e-07,1.96388804548519e-05,Solyc02g082410.3,down,,
leaf,215.800505999156,1.57510840157194,0.356972238198315,8.36004377623731e-07,2.0094033620641e-05,Solyc02g067610.1,up,,
leaf,153.874311629932,1.57327231942317,0.35663550831199,8.41129453040122e-07,2.0193122101471e-05,Solyc06g061230.3,up,,
leaf,23.7253480648301,-1.33717219471279,0.301656738620883,8.43338140780261e-07,2.01979986106968e-05,Solyc04g082000.3,down,,
leaf,2525.65615408952,-1.23873299366662,0.280717182081738,8.49385588894592e-07,2.03186752155759e-05,Solyc02g062340.3,down,,
leaf,127.071369860524,-2.04404983490815,0.49071616797825,8.53051282655605e-07,2.03821576930595e-05,Solyc06g084180.3,down,,
leaf,19.8481616740892,-1.43644590644701,0.324696937234697,8.80829017187305e-07,2.09389825107033e-05,Solyc04g074540.3,down,,
leaf,75.3093059749375,2.70853541923439,0.734674936839351,8.8155382628718e-07,2.09389825107033e-05,Solyc04g083140.2,up,,
leaf,1494.21194971327,-1.00221246393111,0.232720368797661,8.84963669093178e-07,2.09952158102177e-05,Solyc05g052980.3,down,,
leaf,210.324039383453,-1.00855440189441,0.23406823020046,8.87678424306856e-07,2.10348456733985e-05,Solyc02g070040.1,down,,
leaf,36.8420262953698,-2.3509119298466,0.597018961481679,8.89602123665759e-07,2.10556591949186e-05,Solyc01g081160.3,down,,
leaf,30.7130220980074,2.69966707283669,0.731882742269909,8.94537066715386e-07,2.11228201615256e-05,Solyc12g099730.2,up,,
leaf,23.3455186406651,-1.62880160500716,0.372094602139228,9.00768972910715e-07,2.12450686795874e-05,Solyc03g114820.3,down,,
leaf,80.3275433711723,-1.28727047165742,0.292030514354843,9.07531527598462e-07,2.13545561085143e-05,Solyc07g049320.3,down,,
leaf,224.036014702724,2.28998052975576,0.575987662492298,9.09175244298106e-07,2.13682704441685e-05,Solyc10g050880.1,up,,
leaf,9.76723275300308,-2.38519882965023,0.610725430436864,9.14937417661025e-07,2.14536315093462e-05,Solyc06g075440.2,down,,
leaf,814.335884158623,1.61061231960442,0.367725236271028,9.13986969046048e-07,2.14536315093462e-05,Solyc12g045020.2,up,,
leaf,52.2921203671628,-1.66104668395581,0.381619268175775,9.49088441169662e-07,2.21512623198602e-05,Solyc05g012230.3,down,,
leaf,5.4882394209976,2.11630956798249,0.518548785481816,9.74898242755116e-07,2.26748272581681e-05,Solyc07g066180.2,up,,
leaf,298.098326006923,-1.47348054244197,0.335264075200409,9.77661458945723e-07,2.27128686344692e-05,Solyc01g065690.3,down,,
leaf,16.6128707298908,2.10072362949503,0.515116181987449,1.02841926280827e-06,2.38370780109138e-05,Solyc07g018240.1,up,,
leaf,1089.89774682789,-1.00474564627939,0.235279618716697,1.04070139126458e-06,2.40663690273837e-05,Solyc01g099780.3,down,,
leaf,1784.07155588351,2.13831717304791,0.528433967739677,1.04884742063251e-06,2.4226932048601e-05,Solyc03g119080.3,up,,
leaf,1203.55801096819,1.54948883940885,0.355411601404323,1.06509116091727e-06,2.45739589498233e-05,Solyc12g017460.1,up,,
leaf,309.341441064932,2.43164107703727,0.635392870702898,1.07743165003689e-06,2.48302383238479e-05,Solyc08g007240.3,up,,
leaf,34.3230475765377,-1.61991611633483,0.374259125442556,1.11197010758255e-06,2.55494029847066e-05,Solyc08g078140.3,down,,
leaf,108.199097311027,-2.20084761246333,0.552445391611508,1.1219999787452e-06,2.57102657245572e-05,Solyc11g045440.1,down,,
leaf,116.212844250603,1.09068022113976,0.254386196930971,1.14612594588061e-06,2.60410759444692e-05,Solyc03g120910.3,up,,
leaf,264.905023298111,-1.52340588352201,0.350643711483182,1.15939659791804e-06,2.6268353515484e-05,Solyc04g008210.2,down,,
leaf,101.195864816721,-1.3931828988682,0.319751553022283,1.16580208451411e-06,2.63838040295317e-05,Solyc02g071770.3,down,,
leaf,29.4084775433819,1.07496022025522,0.251475786245588,1.17503704681004e-06,2.65629586945542e-05,Solyc09g008030.1,up,,
leaf,67.2619710203816,-2.46828247328191,0.653798676328697,1.17756190929167e-06,2.65706959214885e-05,Solyc00g021630.1,down,,
leaf,99.5790722088155,-1.02338277740003,0.240820070053654,1.18181926642919e-06,2.66266260228375e-05,Solyc03g082740.3,down,,
leaf,291.873450635268,-1.00289809542621,0.236586678498824,1.18745757132567e-06,2.67237658118902e-05,Solyc03g115720.3,down,,
leaf,18.4372925189603,-2.7561094387958,0.773635870097578,1.19072850956456e-06,2.67376294756404e-05,Solyc00g142170.3,down,,
leaf,1243.51350806244,-2.19187690514717,0.551482145640013,1.18992353797849e-06,2.67376294756404e-05,Solyc10g048060.1,down,,
leaf,3.5201859323254,1.9747796253147,0.478894726885514,1.19970860707648e-06,2.68741956550221e-05,Solyc01g091330.3,up,,
leaf,22.3778612406239,1.77475549880507,0.419291935411366,1.24532255164499e-06,2.77469987115413e-05,Solyc06g053830.3,up,,
leaf,37.3878335308643,1.32836234960893,0.306607490916024,1.27055828957739e-06,2.81845650535988e-05,Solyc10g008100.3,up,,
leaf,27.7062489501921,1.55732982303336,0.361176075172785,1.28077168449353e-06,2.83486849110645e-05,Solyc06g065530.3,up,,
leaf,19.0476910200966,-2.20648886931781,0.559863326251327,1.29439529333956e-06,2.86187815570201e-05,Solyc02g090210.3,down,,
leaf,3280.48359926805,-1.14914445183236,0.26847919445133,1.30801595288293e-06,2.8856579762287e-05,Solyc07g055060.3,down,,
leaf,85.0493033490692,1.46459143037834,0.338883631681246,1.32101888333147e-06,2.90797402711066e-05,Solyc08g063130.3,up,,
leaf,46.7177100958271,1.50482992655248,0.349074861083031,1.34660520062313e-06,2.9546102343084e-05,Solyc06g066630.1,up,,
leaf,695.625497925459,1.91294794442996,0.462962698873827,1.35283022066492e-06,2.96229609209879e-05,Solyc08g076970.3,up,,
leaf,16.700045108062,2.6580333329977,0.73935657395879,1.35452025658971e-06,2.96229609209879e-05,Solyc12g005020.2,up,,
leaf,111.879588246976,2.30710801233676,0.598784476156176,1.36247958318729e-06,2.97002854594788e-05,Solyc07g052135.1,up,,
leaf,100.276583016758,-1.29131135190578,0.299586439220094,1.36164489178413e-06,2.97002854594788e-05,Solyc08g081690.3,down,,
leaf,325.762831541336,-1.15296970992324,0.269970272784787,1.36870912213627e-06,2.97395244207862e-05,Solyc01g112260.3,down,,
leaf,70.9251906917477,2.08870005117412,0.52089355109822,1.37379051173594e-06,2.98177677665789e-05,Solyc01g073800.2,up,,
leaf,1509.37837133687,-1.41713625519513,0.328420721881368,1.37903073098914e-06,2.9899286311715e-05,Solyc10g078600.2,down,,
leaf,64.6514098368216,1.26852610464189,0.294839261469919,1.38181602183565e-06,2.99010037257651e-05,Solyc02g081150.1,up,,
leaf,35.6438986397941,1.65120238441611,0.387405114302526,1.38207896279849e-06,2.99010037257651e-05,Solyc04g079960.1,up,,
leaf,15.3639751609523,-2.49927840669038,0.674425548937395,1.38508435657895e-06,2.99017889712897e-05,ENSRNA050030067,down,,
leaf,178.899820164874,1.23648506833676,0.287949811440146,1.38694816460096e-06,2.99099678066301e-05,Solyc07g008930.1,up,,
leaf,9.74299902715217,-2.4283526993689,0.6467052913713,1.4017565416245e-06,3.01325296279624e-05,Solyc00g094530.1,down,,
leaf,10.2742576822628,-1.96839053473511,0.481595657511443,1.4003374028951e-06,3.01325296279624e-05,Solyc11g022530.2,down,,
leaf,56.5108915099643,1.06272597721218,0.251384113159608,1.40113279977814e-06,3.01325296279624e-05,Solyc12g100130.1,up,,
leaf,26.9405698567457,1.44138449896219,0.334697030065407,1.41776432856847e-06,3.04117242875677e-05,Solyc08g082630.3,up,,
leaf,11.1593506363714,-2.26210636029329,0.58418349276303,1.43303098583564e-06,3.0641305856371e-05,ENSRNA050030071,down,,
leaf,2184.8766700805,1.8549086275888,0.446863379477444,1.43989067254396e-06,3.07553318413365e-05,Solyc07g062490.1,up,,
leaf,754.108195483596,1.93688942981524,0.472487898952696,1.44563064986995e-06,3.08125847086567e-05,Solyc04g007790.3,up,,
leaf,82.6296858719732,1.4480118376996,0.336751180571084,1.45211331225739e-06,3.09180405237721e-05,Solyc07g043490.1,up,,
leaf,18.1611188071679,1.16340409424286,0.273111098002953,1.45475985634139e-06,3.09416821820785e-05,Solyc01g005680.3,up,,
leaf,187.095116735493,-1.07415172734497,0.254362731495827,1.45923123775726e-06,3.09713757543801e-05,Solyc03g123580.3,down,,
leaf,10594.0078224901,-1.31034192012874,0.304999380984027,1.45879560509118e-06,3.09713757543801e-05,Solyc09g011710.3,down,,
leaf,81.0203301658335,1.22541724097899,0.286532094076305,1.47136696320848e-06,3.1163273788586e-05,Solyc07g043150.1,up,,
leaf,217.413130043408,1.28399881192422,0.299290334845123,1.47027736390885e-06,3.1163273788586e-05,Solyc08g065940.3,up,,
leaf,812.94804741075,-1.15523218834412,0.2718682631364,1.50119001502473e-06,3.17281944203863e-05,Solyc03g122300.2,down,,
leaf,882.835770093874,-2.26532641093279,0.587744702647573,1.51545256397013e-06,3.19960645109921e-05,Solyc05g007940.3,down,,
leaf,17.8061625183286,-2.31267277634163,0.606094382317549,1.53319160218322e-06,3.22931646045669e-05,Solyc06g074710.1,down,,
leaf,1411.77199842256,-1.49907479316332,0.350367988716454,1.53754070379206e-06,3.22931646045669e-05,Solyc08g067370.1,down,,
leaf,72.8678858566297,-1.2188847852045,0.285823469393056,1.53545437364703e-06,3.22931646045669e-05,Solyc11g017400.2,down,,
leaf,58.3863315698323,-1.59526671148438,0.375119731825833,1.54973414203893e-06,3.24645381918891e-05,Solyc08g081453.1,down,,
leaf,78.9258266521538,-1.6463563273065,0.388778230667251,1.55053548508576e-06,3.24645381918891e-05,Solyc12g088830.2,down,,
leaf,44.947570640327,1.43935040037885,0.336149335725842,1.56520351225202e-06,3.27036609375313e-05,Solyc02g062470.2,up,,
leaf,2464.67666775254,2.02645685197062,0.504613552564873,1.57946178375906e-06,3.29673774595596e-05,Solyc01g097270.3,up,,
leaf,31.8690926213497,1.72715743797148,0.411752740856578,1.58283072345198e-06,3.29698974323678e-05,Solyc07g063700.2,up,,
leaf,51.2120310445978,-1.72596419727729,0.411577498768901,1.59311777535538e-06,3.31151478134243e-05,Solyc11g071940.1,down,,
leaf,75.2046921929097,-1.55085396726175,0.36434384820621,1.60427979429121e-06,3.33127872336222e-05,Solyc06g054570.1,down,,
leaf,24.7013475983033,-1.73720988877132,0.415294580645899,1.62443253078163e-06,3.36618518878637e-05,Solyc07g054470.1,down,,
leaf,117.412025446341,-1.15467543713854,0.273068789867504,1.6334406750281e-06,3.38104064846119e-05,Solyc00g007300.3,down,,
leaf,324.556744866002,1.50854300869494,0.354155775608172,1.64589235967325e-06,3.38973046099578e-05,Solyc05g009630.3,up,,
leaf,92.907708048923,1.05633364643487,0.252314939520765,1.64413752307935e-06,3.38973046099578e-05,Solyc05g018510.3,up,,
leaf,246.490344754317,-1.0377723989796,0.248376130553714,1.64477661935378e-06,3.38973046099578e-05,Solyc08g077230.3,down,,
leaf,59.8748681239301,1.49636612242995,0.351156890869287,1.64939777030746e-06,3.39348007043237e-05,Solyc08g082620.3,up,,
leaf,20.4296972641113,-1.89352159732642,0.463886316929399,1.71248459979561e-06,3.51400996386778e-05,Solyc06g064610.1,down,,
leaf,62.8718661071115,1.78255869467184,0.429958581689626,1.71431443346113e-06,3.51400996386778e-05,Solyc07g006370.1,up,,
leaf,17.2126070551208,1.19688064787252,0.282944395215154,1.72008968445706e-06,3.51805779844328e-05,Solyc07g006060.3,up,,
leaf,115.676070657328,-1.34987414713365,0.316945266316874,1.72042842392346e-06,3.51805779844328e-05,Solyc12g013840.2,down,,
leaf,778.901104637558,-1.54488820650669,0.364715836995912,1.74981277087831e-06,3.56367328928522e-05,Solyc10g079090.2,down,,
leaf,19.2031440825044,-1.78875101445733,0.432469470530369,1.75676309952575e-06,3.57421437885329e-05,Solyc04g072370.2,down,,
leaf,51.2404577813241,1.39084564207513,0.327021535577544,1.76968569734571e-06,3.59324690684851e-05,Solyc09g008250.3,up,,
leaf,221.859402197608,-1.67299722921707,0.399456292748539,1.78128707254343e-06,3.61316054533433e-05,Solyc11g011350.2,down,,
leaf,177.193169978249,-1.66551366689118,0.397455336335659,1.78704057020829e-06,3.61754484071711e-05,Solyc01g102610.3,down,,
leaf,9.96056550401861,-1.75365762470603,0.422743301692025,1.79864228481441e-06,3.6373747892301e-05,Solyc07g042470.3,down,,
leaf,6.99910716126924,-2.10533269776204,0.536740260078332,1.81198717926913e-06,3.66024573882923e-05,Solyc03g044850.1,down,,
leaf,1399.13891720767,2.91158225821272,0.88130264657495,1.81358616192611e-06,3.66024573882923e-05,Solyc07g041720.1,up,,
leaf,392.548728849135,1.41154709402181,0.332598693835657,1.83064454105971e-06,3.69097520981228e-05,Solyc03g114500.3,up,,
leaf,38.1703627633474,1.23938221897935,0.293295332639684,1.83579049890475e-06,3.69764922289395e-05,Solyc07g039510.3,up,,
leaf,414.919308438429,-1.08799887329473,0.260782851529361,1.84867099834334e-06,3.71987325161154e-05,Solyc11g068515.1,down,,
leaf,10.4705461727619,1.73747022604888,0.418843561895104,1.85485670432815e-06,3.72859518349078e-05,Solyc09g030370.3,up,,
leaf,955.300562811971,-1.16777074721171,0.278250660946527,1.8945150937234e-06,3.80072938424071e-05,Solyc05g013530.3,down,,
leaf,25.4669450183061,1.62925366339637,0.389092667397543,1.90906996927604e-06,3.82231484305745e-05,Solyc02g080260.3,up,,
leaf,172.09176986024,1.86625604875721,0.458856163575964,1.92602332613983e-06,3.84479304609598e-05,Solyc06g071290.3,up,,
leaf,31.9765257647056,2.0056194172285,0.505094573385762,1.96539489129894e-06,3.91175730242522e-05,Solyc03g006970.1,up,,
leaf,66.3716308733378,-1.53884503833733,0.365772923154104,1.9678551558647e-06,3.91278761593552e-05,Solyc04g007470.3,down,,
leaf,305.774131340682,-1.89295427540008,0.46811426992457,1.97626388769006e-06,3.92563187631688e-05,Solyc11g063500.1,down,,
leaf,14.4066518344426,-2.52246568279046,0.704843208763821,1.99640097924957e-06,3.96172497773841e-05,Solyc08g016415.1,down,,
leaf,5.71757392978733,2.22365513480873,0.584551919257807,2.02076517001028e-06,4.00612717070346e-05,Solyc06g059730.2,up,,
leaf,55.2398359459188,-1.46414177982973,0.34824401571476,2.09971673727994e-06,4.15855403365708e-05,Solyc05g052410.2,down,,
leaf,770.230892701674,-2.13576043024261,0.554283380610782,2.14256946760346e-06,4.23925679926021e-05,Solyc11g045150.1,down,,
leaf,287.851245899002,1.21114365734947,0.290050117656483,2.17854097833506e-06,4.30197768486517e-05,Solyc09g010400.3,up,,
leaf,303.48578131535,3.32569089863866,1.20611357029175,2.19954616909219e-06,4.33071934876392e-05,Solyc11g021060.2,up,,
leaf,196.547432375759,2.01517906156341,0.512742097766355,2.22189206225202e-06,4.37044432791798e-05,Solyc06g062330.2,up,,
leaf,45.4251511622302,-1.65997255092482,0.401491587978346,2.23063676451558e-06,4.37482820943261e-05,Solyc02g031750.3,down,,
leaf,632.973837584094,-1.95516521403911,0.492415861386747,2.22878360852883e-06,4.37482820943261e-05,Solyc04g006970.3,down,,
leaf,1159.06343565713,1.31572414761954,0.314252090509262,2.26118830208481e-06,4.42183056122254e-05,Solyc02g090390.3,up,,
leaf,231.112962519176,-1.37564413644145,0.328605923064361,2.29905890059146e-06,4.48717484260787e-05,Solyc04g014800.3,down,,
leaf,325.071668522974,-1.12409537448513,0.271985757385335,2.30192394691052e-06,4.48841743839998e-05,Solyc12g014610.2,down,,
leaf,229.605024040491,-1.22091133154892,0.293464167822455,2.33979053349249e-06,4.54904062988472e-05,Solyc01g009080.3,down,,
leaf,11.2818767689778,-2.03228020959499,0.521192514909066,2.37647435589212e-06,4.61145919810974e-05,Solyc01g014470.1,down,,
leaf,86.6399872809886,1.01168010085636,0.24808018523105,2.38268568751017e-06,4.61906209026273e-05,Solyc02g077610.3,up,,
leaf,32.1001287939423,-1.7000746140012,0.41503584667262,2.41257972396318e-06,4.67251738462177e-05,Solyc03g093180.1,down,,
leaf,3.60080133215663,2.615233877034,0.75955787557101,2.43424337400655e-06,4.70542514771976e-05,Solyc04g074400.1,up,,
leaf,15.5709321092336,1.07420129503615,0.262093615904366,2.44115137128411e-06,4.71095612211211e-05,Solyc01g098320.3,up,,
leaf,15.467187307488,-1.73959432436711,0.427302345595578,2.46790490331458e-06,4.75679813995811e-05,Solyc02g077350.1,down,,
leaf,332.725889266441,2.86416706514278,0.886372172402821,2.47355016147676e-06,4.76312116180353e-05,Solyc06g062370.3,up,,
leaf,1497.65688178292,1.03910563120595,0.254671709676802,2.47776790719095e-06,4.76668588220058e-05,Solyc02g093870.3,up,,
leaf,53.7247313667777,2.43071417031855,0.679032648553091,2.5099843687598e-06,4.82307308097425e-05,Solyc04g050730.3,up,,
leaf,37.2659807266361,-2.14771951494783,0.565378376592255,2.51186757121536e-06,4.82307308097425e-05,Solyc09g082300.3,down,,
leaf,29.6915143186528,1.39116094703334,0.334405084034522,2.54399589709407e-06,4.86620753649275e-05,Solyc02g085210.1,up,,
leaf,1140.0086670005,1.25639906723542,0.303461586109784,2.61669934969367e-06,4.99105665734184e-05,Solyc03g113950.3,up,,
leaf,66.8379967090049,-1.3347191417485,0.321551142195146,2.61968826640833e-06,4.99131438007988e-05,Solyc10g018530.2,down,,
leaf,40.2680636836895,1.29096339572561,0.31139182806515,2.62179059384595e-06,4.99131438007988e-05,Solyc10g054840.2,up,,
leaf,120.574669371582,-1.31654897317448,0.317381314198172,2.6305828592434e-06,5.00332388582441e-05,Solyc07g052695.1,down,,
leaf,361.756183248486,-1.18128946876667,0.286845565518978,2.64400179886951e-06,5.02410228611601e-05,Solyc02g092600.3,down,,
leaf,106.857676611961,1.00229500975839,0.247591040785072,2.65238418239495e-06,5.03528013212056e-05,Solyc02g072180.3,up,,
leaf,140.389847868724,-1.19529225939035,0.290089969878146,2.66503458848594e-06,5.04977673389311e-05,Solyc02g079360.2,down,,
leaf,1080.30401028763,-1.15238945875884,0.280894588628729,2.70978167438708e-06,5.12011467969085e-05,Solyc11g012320.2,down,,
leaf,244.386385459452,1.03157202181632,0.254467765880646,2.72471576255304e-06,5.13869146903964e-05,Solyc02g068080.3,up,,
leaf,11.0277243210292,-1.41670951966544,0.342586298034966,2.78652115126997e-06,5.23564449896266e-05,Solyc02g065010.1,down,,
leaf,88.6946773341377,-1.20363738970615,0.293023083820069,2.82905012670532e-06,5.30565434377081e-05,Solyc08g005580.3,down,,
leaf,78.8271295467916,3.2309432389659,1.1729799609628,2.84911300854697e-06,5.33831015982818e-05,Solyc09g089530.3,up,,
leaf,20.7795542082463,1.61604314123558,0.395551264453721,2.85514747891345e-06,5.33968249956126e-05,Solyc12g056300.2,up,,
leaf,50.9093679703588,-1.86250668573658,0.47015286002108,2.85874808823582e-06,5.34145677117309e-05,Solyc11g056270.2,down,,
leaf,86.413204528223,1.42007017815536,0.344005043613148,2.86255032423789e-06,5.34360413631137e-05,Solyc10g078740.2,up,,
leaf,58.134730484319,2.11249486893789,0.558109050971274,2.88412877727886e-06,5.37890016962506e-05,Solyc02g077330.3,up,,
leaf,123.920082723751,3.031335779947,1.00781320537302,2.89477454282049e-06,5.38877530882535e-05,Solyc03g096550.3,up,,
leaf,140.861868622621,-1.22757541425929,0.298820078510794,2.89410836463852e-06,5.38877530882535e-05,Solyc08g078290.1,down,,
leaf,5.72697037513593,-2.3475263668327,0.651919635649044,2.89944518709487e-06,5.39248614574929e-05,Solyc07g045140.3,down,,
leaf,75.8959768039888,1.89309159947411,0.480753756978518,2.90419703210193e-06,5.39634101666025e-05,Solyc06g076170.3,up,,
leaf,57.4491193752835,-2.15359518002072,0.574577579020527,2.94177100267724e-06,5.45609130165055e-05,Solyc00g022100.1,down,,
leaf,331.017620848843,-1.02024768679115,0.253221883031331,2.95790570647262e-06,5.48096934128533e-05,Solyc03g077920.1,down,,
leaf,49.7054090225522,-1.12773148420821,0.277055799937069,2.97480523744794e-06,5.50372808477773e-05,Solyc08g081520.1,down,,
leaf,56.6899429009518,-2.13387040077258,0.567550110313724,2.97565280723014e-06,5.50372808477773e-05,Solyc09g064820.1,down,,
leaf,163.725039471564,-1.53268152965017,0.37407877063807,3.00544038407248e-06,5.54863246709329e-05,Solyc07g042630.3,down,,
leaf,224.617824570111,-1.38509705520278,0.336957818911775,3.07593725138321e-06,5.65803909747586e-05,Solyc05g052240.3,down,,
leaf,5.33022053943869,2.82633663296354,0.888047261125312,3.08025227962404e-06,5.66080669855724e-05,Solyc10g008260.2,up,,
leaf,32.4231641796656,-1.48521539123965,0.362317049107128,3.09717882237655e-06,5.68672523612658e-05,Solyc06g065820.3,down,,
leaf,885.824812275667,-1.43239138305194,0.348880295007451,3.10420471317992e-06,5.69443454762022e-05,Solyc06g073180.3,down,,
leaf,1577.25502642719,-1.15085997628497,0.283274802722418,3.16755920483982e-06,5.80536646987113e-05,Solyc02g079500.3,down,,
leaf,266.487594488988,-1.12408457532114,0.277460829254509,3.19247502159625e-06,5.8457119895447e-05,Solyc02g086440.3,down,,
leaf,12.2533398164187,-1.51064069073077,0.369732958379557,3.19698320469628e-06,5.84864992815555e-05,Solyc09g072600.2,down,,
leaf,347.944526123122,-1.41826970642212,0.346286855955822,3.23787487652399e-06,5.90736193504947e-05,Solyc02g077270.3,down,,
leaf,36.6273297143537,-1.53439905961562,0.376361431839155,3.23625966006786e-06,5.90736193504947e-05,Solyc05g050735.1,down,,
leaf,659.939414373315,-1.34010482626404,0.327223017245497,3.24675899639714e-06,5.9128589245417e-05,Solyc07g042830.3,down,,
leaf,47.7178816234585,-1.39840996029712,0.341508220307402,3.26138117653442e-06,5.92876711712602e-05,Solyc02g079550.2,down,,
leaf,66.9254666875559,-1.76603009797063,0.443601050319745,3.2592947261287e-06,5.92876711712602e-05,Solyc11g006300.2,down,,
leaf,209.631248802632,-1.62790676348129,0.402534776006062,3.27284434140998e-06,5.93888565087205e-05,Solyc01g057260.3,down,,
leaf,611.241829292756,-1.14948296970958,0.28357980739427,3.27895105062377e-06,5.94461134668443e-05,Solyc02g069020.3,down,,
leaf,253.070058445201,-1.28969001238143,0.31552787837117,3.28364771779097e-06,5.94777269170375e-05,Solyc10g080220.2,down,,
leaf,73.562798512843,-1.84594421081507,0.469481686717995,3.29515607051106e-06,5.96325548717284e-05,Solyc09g091960.3,down,,
leaf,5.08243340352062,-1.5111719231574,0.370827108486325,3.32453036803031e-06,6.00562248187144e-05,Solyc08g078770.1,down,,
leaf,93.9741476897563,1.24437636229476,0.30529467997826,3.32757430352703e-06,6.00573491233346e-05,Solyc10g085310.1,up,,
leaf,69.0235364254711,1.44384559492318,0.353463233874244,3.34247316719716e-06,6.02722421966743e-05,Solyc04g073970.3,up,,
leaf,313.060928156414,1.04530701644282,0.260784136873244,3.35442602030134e-06,6.04336752244271e-05,Solyc02g090350.3,up,,
leaf,6.72248323020297,-1.43839704834176,0.352184083801625,3.35785606040695e-06,6.04414090873251e-05,Solyc10g053980.2,down,,
leaf,137.210642627334,1.19184441092054,0.293977643346805,3.44268768319303e-06,6.18578191925728e-05,Solyc05g008210.3,up,,
leaf,97.4201078484621,1.33263991771958,0.326774713046673,3.46042444723703e-06,6.21210955581535e-05,Solyc06g065210.3,up,,
leaf,39.1095796647857,1.31772371676517,0.323253869604003,3.46731221363911e-06,6.21893166581647e-05,Solyc12g007140.2,up,,
leaf,24.6146071338242,-1.89442652771846,0.487700844377879,3.49544155048476e-06,6.26380637988115e-05,Solyc11g065990.2,down,,
leaf,155.768248765797,1.06187266515247,0.265267110978525,3.51923879740151e-06,6.29524936565376e-05,Solyc10g080420.2,up,,
leaf,213.418547943967,-2.13975480180192,0.577517468620434,3.52307371761135e-06,6.29651737534409e-05,Solyc03g098320.3,down,,
leaf,66.0989347489831,-1.88047690873685,0.483929491272277,3.58959272757568e-06,6.39271235356581e-05,Solyc04g016470.3,down,,
leaf,33.986144370076,-1.5400953219696,0.380625341391524,3.60555926980736e-06,6.40981242828418e-05,Solyc08g016565.1,down,,
leaf,937.555164400895,1.04747767951676,0.262634753057418,3.64788866270425e-06,6.47601943626077e-05,Solyc09g075120.3,up,,
leaf,208.254513567963,-1.91112192890098,0.495663176288032,3.717302972193e-06,6.56788740929048e-05,Solyc08g082590.3,down,,
leaf,107.821311986589,-1.64940965580283,0.412509423150093,3.74571262806583e-06,6.60649244785481e-05,Solyc06g084170.3,down,,
leaf,747.216171648968,-1.62382496216019,0.405211652692788,3.76358701723485e-06,6.632099879882e-05,Solyc04g054740.3,down,,
leaf,180.075519031629,-1.30511330574448,0.322146013797646,3.79605901163163e-06,6.67774852509033e-05,Solyc06g051460.3,down,,
leaf,46.5445229656728,-1.86156111025781,0.48024204233961,3.87088054439323e-06,6.78566370105904e-05,Solyc09g073040.3,down,,
leaf,8.79379482830898,-2.09308512978136,0.56396608454375,3.88715789513152e-06,6.80235745644997e-05,Solyc07g053360.3,down,,
leaf,78.6398855469764,-3.04005148588726,1.06960331046267,4.00195245787588e-06,6.97898929926719e-05,Solyc02g067050.3,down,,
leaf,66.2406249845465,-2.05232633034194,0.550385885343724,4.06379437595088e-06,7.08070469899677e-05,Solyc02g083200.3,down,,
leaf,49.5513249495095,2.63962172539368,0.814332180853671,4.11915270015286e-06,7.15241152469646e-05,Solyc11g071480.1,up,,
leaf,228.695030626986,-1.24569908733125,0.310288849772448,4.2140164951783e-06,7.29825625501989e-05,Solyc08g080750.3,down,,
leaf,269.868728158397,1.10407151397194,0.27792412905745,4.23252320758599e-06,7.31144789427075e-05,Solyc11g011190.1,up,,
leaf,16.475883576047,1.68727977605992,0.427462059625669,4.23943737177263e-06,7.31711632752737e-05,Solyc03g113460.1,up,,
leaf,193.410918338754,1.17340027969238,0.293792082754022,4.2586170773708e-06,7.33764458275473e-05,Solyc08g080680.3,up,,
leaf,51.8144697281199,1.65243636897079,0.417183983370642,4.26632038707206e-06,7.3446346355902e-05,Solyc09g008760.1,up,,
leaf,29.249664355305,-1.68471649248641,0.427103375915898,4.29812992198515e-06,7.39307710406702e-05,Solyc05g052130.3,down,,
leaf,14.8847222236255,-2.21296121497276,0.617557213400184,4.33822323156385e-06,7.43107769318553e-05,Solyc01g105350.2,down,,
leaf,2.67142185521229,2.58009899035268,0.787722773405766,4.33589612221646e-06,7.43107769318553e-05,Solyc09g065800.3,up,,
leaf,74.3794853766318,-1.93619256387068,0.510661295193393,4.36760740376215e-06,7.46160715238145e-05,Solyc03g097500.3,down,,
leaf,178.981276254897,1.52322612007175,0.38105942189956,4.37825391425481e-06,7.46712873335482e-05,Solyc05g051290.3,up,,
leaf,60.4987886111597,-1.05847908197702,0.268384442991323,4.42990763404911e-06,7.54245135798963e-05,Solyc09g055710.3,down,,
leaf,1055.18733638928,-1.70409735862086,0.433998670999474,4.4338585269017e-06,7.54280223385591e-05,Solyc07g014680.3,down,,
leaf,716.8844115756,-1.4027026153485,0.349673468455903,4.44800805995183e-06,7.54774880737572e-05,Solyc02g062463.1,down,,
leaf,155.993473197416,1.22512267422835,0.306570523250436,4.44591863740835e-06,7.54774880737572e-05,Solyc07g049550.3,up,,
leaf,12.9971743170967,1.79933788365409,0.464490396253997,4.45562177109664e-06,7.54795069078457e-05,Solyc12g017970.1,up,,
leaf,612.873030914568,-1.86149512058529,0.485462992161772,4.47272327671832e-06,7.57055396971937e-05,Solyc05g007880.3,down,,
leaf,80.9507497483057,1.01345484311848,0.258364098984252,4.49996062389812e-06,7.61026086369067e-05,Solyc02g088900.3,up,,
leaf,77.9905197889079,2.28460186725784,0.650423987228287,4.51251703893913e-06,7.62341299509842e-05,Solyc11g066330.1,up,,
leaf,14.3297074426668,-2.71452031164923,0.864985801980267,4.52285379139585e-06,7.62726225501636e-05,Solyc00g020040.1,down,,
leaf,447.882125277227,-1.27742158446959,0.319256637615631,4.52516055741463e-06,7.62726225501636e-05,Solyc12g017370.2,down,,
leaf,38.0197995381608,-1.91606994800983,0.505056466640048,4.54269071125387e-06,7.63126574696208e-05,Solyc03g071850.1,down,,
leaf,38.7257811198791,2.49016982712295,0.746191291856594,4.54183027221311e-06,7.63126574696208e-05,Solyc09g014720.2,up,,
leaf,240.448526094989,-1.02679512800904,0.261762002330311,4.59213295684564e-06,7.69507005131321e-05,Solyc10g024360.2,down,,
leaf,59.5799570622441,1.80278833458164,0.466953688515528,4.62852291267474e-06,7.73673929519457e-05,Solyc09g074550.3,up,,
leaf,93.0010089572431,1.03295608123253,0.263396128915669,4.65302374477065e-06,7.77124413492293e-05,Solyc07g064740.3,up,,
leaf,90.0672396084956,-1.93830722389187,0.514030699207283,4.66084849351875e-06,7.77786332696393e-05,Solyc06g005470.3,down,,
leaf,496.319473270899,1.25183039414732,0.313894199521443,4.68071676462668e-06,7.79809735923165e-05,Solyc03g007220.3,up,,
leaf,18.3367770704261,1.29493386492727,0.324306781339487,4.7084731968396e-06,7.83785678766473e-05,Solyc04g076970.3,up,,
leaf,301.796660195312,1.25451566807289,0.314802237196443,4.74207973193353e-06,7.88077309905982e-05,Solyc01g096435.1,up,,
leaf,29.9938097224836,1.4832004983718,0.372286776719383,4.74199691189216e-06,7.88077309905982e-05,Solyc06g050370.1,up,,
leaf,465.587090574687,1.45342349522792,0.364917153506556,4.84755707365635e-06,8.04279197508948e-05,Solyc11g020280.2,up,,
leaf,121.335790681201,-1.4382792206413,0.361071995295187,4.87414897526697e-06,8.08025585677591e-05,Solyc09g090360.3,down,,
leaf,21.5461297557568,-2.55795103602855,0.787229861848512,4.92331365725804e-06,8.15504800036936e-05,Solyc07g042430.1,down,,
leaf,56.6666890158569,-1.16187228727886,0.294027929059891,4.94687360980029e-06,8.17342291748298e-05,Solyc01g105220.3,down,,
leaf,105.573109866643,-1.25391833422402,0.31568048963816,4.97715838894644e-06,8.20375812358096e-05,Solyc01g081480.3,down,,
leaf,339.898863206118,-1.03733595418645,0.265910796501337,5.08213409879295e-06,8.32230447299899e-05,Solyc12g021365.1,down,,
leaf,10.3082154725126,-1.94310605536914,0.519387528849539,5.08855673399936e-06,8.326052781171e-05,Solyc00g019970.2,down,,
leaf,2.10284396943568,-2.96633851033729,1.05497558870358,5.10957989992659e-06,8.35366545002609e-05,Solyc00g026160.3,down,,
leaf,45.8224922701372,1.58842973799428,0.403782446703591,5.1273599435914e-06,8.37593544069894e-05,Solyc07g063830.3,up,,
leaf,19.3432818047221,1.09819289767679,0.280120746756674,5.14451052378747e-06,8.39714189385148e-05,Solyc03g119490.3,up,,
leaf,368.796750908481,-1.24168402103179,0.313665961271377,5.19151873151693e-06,8.4670097400983e-05,Solyc11g045110.2,down,,
leaf,389.184134669864,1.51830242546677,0.384315568499055,5.20192609145061e-06,8.47711936359208e-05,Solyc05g051400.3,up,,
leaf,10.0106434003691,-1.82892883266455,0.480324877234188,5.2556411946333e-06,8.52327898086183e-05,Solyc02g014730.3,down,,
leaf,10.1675934701033,-2.63383338897393,0.834889806206848,5.2725499461418e-06,8.54382148151151e-05,Solyc09g082290.3,down,,
leaf,56.0191089146814,1.01763224339549,0.262205757904179,5.34196562011158e-06,8.64239931889859e-05,Solyc02g085160.1,up,,
leaf,6.91828288547954,1.24186001482114,0.314566788357537,5.40601586568639e-06,8.71103772533242e-05,Solyc10g006450.3,up,,
leaf,17.3834704546915,1.29552992539559,0.327668696320286,5.44746244537362e-06,8.76380100437025e-05,Solyc01g008050.3,up,,
leaf,766.606343946424,-1.1771052244697,0.299452800447075,5.44339800055998e-06,8.76380100437025e-05,Solyc08g080100.3,down,,
leaf,3.7336328401869,-3.04102284490046,1.14278942973145,5.45733130452245e-06,8.77011824174741e-05,Solyc12g005320.2,down,,
leaf,1459.82473388145,1.11320849981398,0.28476654141084,5.48209496683999e-06,8.79843480654112e-05,Solyc09g008280.2,up,,
leaf,61.6465301301941,1.39894683601181,0.353971190190941,5.52949469115297e-06,8.86038839054918e-05,Solyc01g102330.3,up,,
leaf,21.015344549998,-1.63658953221203,0.420371849421209,5.54514573155652e-06,8.87840423887213e-05,Solyc03g116470.2,down,,
leaf,338.089619155803,-1.41538962923063,0.358496205339515,5.58576189303199e-06,8.929239369004e-05,Solyc09g083030.1,down,,
leaf,77.7280887348914,1.24545317193551,0.316564022734905,5.70066420573555e-06,9.09127303499014e-05,Solyc06g083440.3,up,,
leaf,33.1643977992311,1.15215846565158,0.294752309664261,5.75697506129916e-06,9.16057744368739e-05,Solyc05g050000.3,up,,
leaf,13.8661476595906,1.51218872647357,0.385369063965461,5.75028629530848e-06,9.16057744368739e-05,Solyc12g006690.2,up,,
leaf,1822.10334606033,-1.33830564823426,0.339558126075779,5.76745011454567e-06,9.16874350490757e-05,Solyc03g112200.1,down,,
leaf,28.5013454278114,-1.16113416743801,0.296940441281286,5.78390001042162e-06,9.18764306071863e-05,Solyc09g005110.3,down,,
leaf,62.3572623361596,1.72295764846789,0.448809531681771,5.81264349452915e-06,9.22602563174201e-05,Solyc04g080940.3,up,,
leaf,44.1697555278767,-1.98274004902432,0.540463262376025,5.87590773753279e-06,9.31651222947856e-05,Solyc01g094140.3,down,,
leaf,43.8064455954299,1.61086513270662,0.414455685647051,5.87890330834438e-06,9.31651222947856e-05,Solyc06g068570.3,up,,
leaf,469.646651605185,-1.56237783323844,0.400908847151598,6.01689274181104e-06,9.52769289351871e-05,Solyc04g079470.3,down,,
leaf,497.846063995793,-1.12281773364785,0.288800144008237,6.02248995163031e-06,9.52906461946094e-05,Solyc01g102280.3,down,,
leaf,192.842756659642,-2.3230745829748,0.688006984196918,6.16468866441605e-06,9.72350501790666e-05,Solyc02g094190.3,down,,
leaf,172.404573639864,2.39727157617043,0.724499168059145,6.214106483752e-06,9.78612453445916e-05,Solyc02g081980.3,up,,
leaf,9.31400426777927,-1.56870677726577,0.403914539975419,6.25883076140872e-06,9.84885696846051e-05,Solyc11g066940.2,down,,
leaf,10.6471199457474,1.95959996763517,0.535053989405114,6.33338528803861e-06,9.95062764989654e-05,Solyc01g090180.3,up,,
leaf,127.347387013081,2.16305458986919,0.618184490197126,6.40989302416157e-06,0.0001005514527201,Solyc01g091830.3,up,,
leaf,534.430174572448,-1.19604466151917,0.307422797729301,6.45250604118306e-06,0.0001010625013075,Solyc02g092450.3,down,,
leaf,43.4909691943732,1.16074719746286,0.299062482519474,6.45184277457963e-06,0.0001010625013075,Solyc03g083650.3,up,,
leaf,20.815070096663,1.81449512204712,0.48410235672351,6.61091523365569e-06,0.0001032225229738,Solyc03g031940.3,up,,
leaf,921.150125893186,-1.02661303948429,0.268091133546957,6.62933487382787e-06,0.0001034299481244,Solyc10g074790.2,down,,
leaf,11.1150496172239,-2.48176427109904,0.773759576751208,6.66565934146439e-06,0.0001038358162844,Solyc05g015700.1,down,,
leaf,133.662210011833,1.85062162765615,0.497238023549047,6.68225450270891e-06,0.000103933567717,Solyc03g058430.2,up,,
leaf,168.625420256987,-2.02148717484379,0.56196704922694,6.72272429998897e-06,0.000104321350424,Solyc10g086250.2,down,,
leaf,47.3043068087787,1.16382327414815,0.300840130787629,6.78930489329134e-06,0.0001051115904386,Solyc01g103310.3,up,,
leaf,60.2679296403122,1.6171365064791,0.421098963700613,6.84275232854804e-06,0.0001058576938568,Solyc12g098490.2,up,,
leaf,444.85112104668,1.63018873751979,0.425191382272099,6.86443912477695e-06,0.0001061116905995,Solyc03g006080.3,up,,
leaf,7.51992920552452,1.83563622089921,0.493137725368964,6.88676108238708e-06,0.000106375108682,Solyc04g008200.3,up,,
leaf,18.7157147176851,1.46257570532258,0.376808386794669,6.92952476259664e-06,0.0001066268050177,Solyc07g064870.3,up,,
leaf,495.445402601777,1.60513451874131,0.417843161420898,6.92562382399432e-06,0.0001066268050177,Solyc08g068780.2,up,,
leaf,206.76174362687,-1.19418614178965,0.308485251973559,6.92498832890585e-06,0.0001066268050177,Solyc10g009080.3,down,,
leaf,15.0945141969255,1.76475624544884,0.469015244197355,6.95643177897193e-06,0.0001069591212916,Solyc11g065190.2,up,,
leaf,2571.19453196858,1.07210833440345,0.27981659364078,6.99836195091173e-06,0.0001073579637587,Solyc06g082010.3,up,,
leaf,101.946865422706,2.10760219046714,0.599758955242166,7.03699509701355e-06,0.0001077045252614,Solyc09g057960.1,up,,
leaf,162.219008701592,1.80262452808806,0.482821406700595,7.10888324923918e-06,0.0001086397013703,Solyc12g099260.2,up,,
leaf,16.2088707195531,-1.86608737662571,0.505408261300044,7.1166352227868e-06,0.0001086757139176,Solyc11g056500.2,down,,
leaf,20.8507573906121,1.95940098655743,0.540452635445968,7.13210833263269e-06,0.0001088294894211,Solyc06g082190.3,up,,
leaf,362.26057336763,-1.5791459112096,0.411182039165345,7.18045151283507e-06,0.0001094842198119,Solyc05g014550.1,down,,
leaf,232.025555528364,1.34349966569149,0.346316999974417,7.2194751622922e-06,0.0001099959672608,Solyc06g053810.3,up,,
leaf,107.12604937125,-1.15857024563311,0.301312444229621,7.37287772207358e-06,0.0001119943462126,Solyc09g074040.1,down,,
leaf,244.848491396481,-1.15502834367535,0.300574712664466,7.41039038719986e-06,0.000112394640948,Solyc05g052910.3,down,,
leaf,2133.72769871914,-1.04694963027668,0.274941993683525,7.40762757968598e-06,0.000112394640948,Solyc09g075210.3,down,,
leaf,307.466499774528,-1.2285769250384,0.318792379005108,7.58409700238067e-06,0.000114770008882,Solyc01g091040.3,down,,
leaf,3.53721605820311,2.45807291438002,0.772872765575708,7.60048696141143e-06,0.0001149316879705,Solyc02g030460.2,up,,
leaf,153.691359104737,-1.65180305648748,0.435336444687172,7.60756734146083e-06,0.0001149524541573,Solyc03g043640.3,down,,
leaf,319.070533198794,-1.278775728378,0.331279070274053,7.62135181602874e-06,0.0001150744140018,Solyc01g066880.3,down,,
leaf,55.5234919520995,1.67088282802884,0.441558091766467,7.64353996960635e-06,0.0001153229828223,Solyc12g044820.2,up,,
leaf,17.1803337975499,-2.26390724578525,0.675232198290755,7.67025034732592e-06,0.0001156393581555,Solyc07g017980.1,down,,
leaf,8.70093259227954,2.3678909895325,0.726721218107894,7.70806156049841e-06,0.0001161224951021,Solyc01g098720.3,up,,
leaf,35.1364458215987,1.39166920974064,0.361306699462843,7.92912996829687e-06,0.0001190078508356,Solyc05g047530.3,up,,
leaf,198.012000311607,2.7999464755184,1.00147973250788,8.01985225900015e-06,0.0001202798690996,Solyc12g040790.2,up,,
leaf,9.18658592644441,1.59620878409382,0.42010443586728,8.08221644856835e-06,0.000121034946994,Solyc12g014360.2,up,,
leaf,41.9752715935749,-2.45112577065873,0.776518264684994,8.237067936629e-06,0.0001231707664287,Solyc01g081620.3,down,,
leaf,6.31911727564494,-1.99303247456022,0.560937947184031,8.26427758501776e-06,0.0001234859637369,Solyc10g086390.2,down,,
leaf,9.40521414630548,-2.53600435061244,0.826010846671556,8.32531281798399e-06,0.000123932046642,Solyc02g086850.2,down,,
leaf,72.5200277347252,1.72250791659079,0.461572903339887,8.33104910899443e-06,0.000123932046642,Solyc11g007030.2,up,,
leaf,7.8024886502382,-2.79070469133328,1.00143099755003,8.35729662854952e-06,0.0001242307518023,Solyc09g082460.3,down,,
leaf,19.2302808849857,1.15721868066461,0.303731774247716,8.3883185509881e-06,0.0001245999352905,Solyc01g100310.2,up,,
leaf,82.3446293914387,1.61975658544664,0.428910496827202,8.46459594386074e-06,0.0001256403032433,Solyc03g119980.3,up,,
leaf,306.952732292838,-1.3828652352352,0.361361961546221,8.6725844880322e-06,0.000128254916856,Solyc02g087010.2,down,,
leaf,31.3495558241096,-1.48739849150788,0.390186923557177,8.67113688550967e-06,0.000128254916856,Solyc11g008820.2,down,,
leaf,219.066262104992,1.61431390628659,0.428701382915845,8.84402965040763e-06,0.0001305985668757,Solyc04g008730.3,up,,
leaf,33.1027863455963,-1.20138923297594,0.315865806435576,8.93578629802932e-06,0.0001317603276829,Solyc01g101260.2,down,,
leaf,475.589225177378,-1.37459131112489,0.360261698630186,9.03571340593976e-06,0.0001328273352768,Solyc01g095030.3,down,,
leaf,499.512802114243,-1.21011180979259,0.318301641250529,9.05061517955784e-06,0.0001328273352768,Solyc01g108190.3,down,,
leaf,12.2649573687903,-1.03540995817633,0.27607855732598,9.0935414286322e-06,0.0001333057579734,Solyc03g044625.1,down,,
leaf,119.990421194915,1.41553315508347,0.371880695605223,9.21999624139462e-06,0.0001350612103957,Solyc07g054760.1,up,,
leaf,761.264284954982,2.59367378298248,0.873759303404612,9.23020630166292e-06,0.0001351125111396,Solyc09g092110.3,up,,
leaf,52.5861851406094,-2.12815314599037,0.624929495704569,9.25801013958468e-06,0.0001353022565112,Solyc03g025710.3,down,,
leaf,75.7988773888313,-1.43036552941809,0.376096846068424,9.26332100729601e-06,0.0001353022565112,Solyc09g063010.3,down,,
leaf,67.1624563629073,2.07174108144211,0.600169329594263,9.27941353284452e-06,0.0001354390923033,Solyc01g086820.3,up,,
leaf,176.604236140711,1.53968758628756,0.407546886863843,9.28628445191863e-06,0.0001354412320279,Solyc04g079860.1,up,,
leaf,15.7185619563395,1.40272255380679,0.368788178734118,9.35380857288666e-06,0.00013613035569,Solyc08g075950.2,up,,
leaf,40.6704659154449,1.02077177586184,0.273065445861163,9.35210663159388e-06,0.00013613035569,Solyc09g010660.3,up,,
leaf,2476.87863960405,-1.36744241793507,0.359359091452121,9.37726970607643e-06,0.0001363732609529,Solyc04g040210.3,down,,
leaf,94.6616727283436,-1.96259759388724,0.555193304047213,9.38920900102807e-06,0.0001364483749629,Solyc02g078910.3,down,,
leaf,20.1180141592499,1.12929756490829,0.299462720031355,9.41302828748026e-06,0.0001366959017782,Solyc01g103640.3,up,,
leaf,1610.61820182118,1.07517570370366,0.286793028720807,9.60889976602255e-06,0.0001387399103227,Solyc03g031920.3,up,,
leaf,6.55232156241872,2.10964927098464,0.621526838168481,1.0013245715611e-05,0.0001437539523904,Solyc04g008090.3,up,,
leaf,1502.93825846305,1.5077097912508,0.400809589122834,1.01180098916481e-05,0.0001451545265224,Solyc08g068700.1,up,,
leaf,404.58033605243,1.63579115112995,0.440457263347369,1.01800679785054e-05,0.0001457526375528,Solyc04g007000.1,up,,
leaf,1099.57648848396,-1.77084643891388,0.486417021070097,1.02264331524447e-05,0.0001461893659024,ENSRNA050029741,down,,
leaf,293.670286503196,-1.19650609941845,0.317949549543181,1.03032518981881e-05,0.0001470787382943,Solyc03g111830.3,down,,
leaf,15.0037964881048,1.0466679374257,0.281409531059866,1.03743568126211e-05,0.0001478841436092,Solyc10g078380.2,up,,
leaf,75.2982069688558,1.10851615370713,0.296673641033702,1.04609361561492e-05,0.0001488023842211,Solyc06g069410.3,up,,
leaf,208.052996181339,1.12312311636449,0.300287452029153,1.04827100480045e-05,0.0001489575509546,Solyc02g077430.3,up,,
leaf,14.8025578327717,1.27393598200473,0.338210424034344,1.062399671053e-05,0.0001505901067864,Solyc03g063680.2,up,,
leaf,17.4352527578209,-1.24333774343747,0.330575524691135,1.06930768896344e-05,0.0001513755733351,Solyc01g017530.1,down,,
leaf,20.6903346577533,-1.82700984176679,0.509329374265172,1.08081597857672e-05,0.0001528068833918,Solyc06g008930.3,down,,
leaf,8.11008628874409,-2.12825707097449,0.635143635419678,1.08389378165461e-05,0.0001529397467548,Solyc00g047200.1,down,,
leaf,60.940488485328,-1.91837355883617,0.54538225371787,1.09681168370431e-05,0.0001542736098685,Solyc09g065525.1,down,,
leaf,330.066960028881,1.46356475973998,0.390512987463448,1.09768727583154e-05,0.0001542890237948,Solyc11g062440.2,up,,
leaf,20540.0881993744,1.38153311043768,0.367614654094591,1.1010435942284e-05,0.0001546528596579,Solyc09g007910.3,up,,
leaf,58.4463633847774,-1.1942237108566,0.318983321456245,1.10285593386442e-05,0.0001547994719156,Solyc06g054240.3,down,,
leaf,157.470511778852,-1.25310468544723,0.333865461435842,1.10454478141519e-05,0.0001549285584071,Solyc09g018890.3,down,,
leaf,12.0529213718109,1.17916611275664,0.315296808721151,1.10578085987542e-05,0.0001549940019457,Solyc05g008330.2,up,,
leaf,193.159344947813,-2.02266907914277,0.589885281997275,1.11924004075626e-05,0.0001567714388102,Solyc06g011490.3,down,,
leaf,10.7773544352123,1.9693570895604,0.567310541017146,1.1202030044981e-05,0.0001567972822557,Solyc10g078470.2,up,,
leaf,879.097885979477,1.3946644706135,0.371864473044518,1.12606018590628e-05,0.0001574961125522,Solyc05g007020.3,up,,
leaf,317.907562728738,1.45566835379315,0.38904962297102,1.12675949849976e-05,0.0001574961125522,Solyc08g023510.2,up,,
leaf,21.7384587486655,-1.30659719706534,0.348486577302458,1.13854805176162e-05,0.0001588132607935,Solyc03g116360.2,down,,
leaf,487.00315232976,-1.06051822168933,0.286697491424462,1.1381631439083e-05,0.0001588132607935,Solyc04g040160.3,down,,
leaf,1084.74836581934,1.86507858740391,0.526413603977097,1.14221722005062e-05,0.0001589947425449,Solyc02g093250.3,up,,
leaf,103.713841792247,-1.50089753428187,0.402660272436359,1.14157677076993e-05,0.0001589947425449,Solyc04g071590.2,down,,
leaf,16.5388438547009,1.34741310047458,0.35939624682272,1.14169032091629e-05,0.0001589947425449,Solyc07g017540.3,up,,
leaf,129.768016170365,-1.77285517090346,0.492155579369044,1.14981663298795e-05,0.0001599420346798,Solyc04g080380.3,down,,
leaf,326.387432873048,-1.02304887618481,0.277784254458022,1.15705544103947e-05,0.0001607072530924,Solyc02g080490.3,down,,
leaf,5.39137894453323,-2.86870852846981,1.17379215844625,1.1706267558714e-05,0.0001618309136359,Solyc01g056310.3,down,,
leaf,433.124844328647,-1.27143811579696,0.340230290618234,1.17845782669283e-05,0.0001626901819413,Solyc09g010940.3,down,,
leaf,3.99299792059701,-1.85041906512976,0.522910685373856,1.19447130624074e-05,0.000164675161193,Solyc01g088010.1,down,,
leaf,25.7788525652707,-1.0100988553185,0.27519341055609,1.19408401931683e-05,0.000164675161193,Solyc08g042000.3,down,,
leaf,8.32696076862978,1.46936869063253,0.394955337420572,1.19884160764862e-05,0.000165164621486,Solyc12g042300.2,up,,
leaf,27.9583415517709,-1.76035692224842,0.490035023585077,1.21494474670974e-05,0.0001671544883075,Solyc02g090770.1,down,,
leaf,77.3267449829465,-1.15803159693718,0.31228048281742,1.2173773361112e-05,0.0001673748416652,Solyc02g078240.3,down,,
leaf,12.6450905786544,-2.19975815664538,0.678232921595961,1.22460395191138e-05,0.0001681388738882,Solyc01g079170.3,down,,
leaf,68.0909340747105,-1.08204246513491,0.293586829746869,1.22620335258731e-05,0.0001682437869742,Solyc02g069960.3,down,,
leaf,8.62491880967834,1.42111389004402,0.381892274855315,1.23042233202719e-05,0.0001687077373158,Solyc00g042840.1,up,,
leaf,545.236613807744,-1.59398241962858,0.434485848020215,1.25007590939224e-05,0.0001711556138542,Solyc04g081460.2,down,,
leaf,173.434050677964,-1.41448533433677,0.380622910604423,1.25519425770832e-05,0.0001714441674086,Solyc01g099140.3,down,,
leaf,156.638830609089,-1.27643408564878,0.343173375923563,1.25473370658136e-05,0.0001714441674086,Solyc06g065040.3,down,,
leaf,72.3806103516335,-1.20818427705852,0.325633593269697,1.25548677851112e-05,0.0001714441674086,Solyc12g014480.2,down,,
leaf,6.11096516345604,-1.81601232837167,0.512163673733002,1.25637267625097e-05,0.0001714489054542,Solyc00g231780.2,down,,
leaf,43.8554001107139,1.07278608146211,0.291916151983339,1.26223141436564e-05,0.0001721317884099,Solyc07g005540.1,up,,
leaf,17.2833652748008,-1.74053989002034,0.485355191597767,1.2856603801181e-05,0.0001748532841076,Solyc00g014830.3,down,,
leaf,644.092934179077,-1.28708907118318,0.346765251128256,1.29281675467995e-05,0.0001755894475574,Solyc11g069940.1,down,,
leaf,16.0759744374591,-1.71485916109442,0.476665437217447,1.29931600968031e-05,0.0001761159022004,Solyc11g021290.2,down,,
leaf,98.4555751422677,-1.46968817111198,0.3976637189057,1.30059036872668e-05,0.0001761700820907,Solyc09g065100.2,down,,
leaf,779.506620383999,-1.66195286252076,0.458494004309414,1.3034265070759e-05,0.000176237457238,ENSRNA050030404,down,,
leaf,101.612736586462,1.32782435627647,0.357952160560466,1.30898501549173e-05,0.0001768314968613,Solyc02g068310.3,up,,
leaf,33.4190822422313,-1.42161596646732,0.383967705722401,1.31039483836322e-05,0.000176903303179,Solyc11g066950.2,down,,
leaf,3.8190405602415,1.79464531330427,0.506645590891923,1.3264741297639e-05,0.0001787146616836,Solyc05g009640.3,up,,
leaf,13.8545146588,-1.96110045278558,0.573485838074229,1.33076336857446e-05,0.0001791726989961,Solyc09g005610.3,down,,
leaf,1121.19461367392,-1.60202435996296,0.440314579879665,1.36347299559026e-05,0.0001828433626975,ENSRNA050029649,down,,
leaf,1341.59833239498,1.5377601129938,0.420227110134931,1.3778909344282e-05,0.000184408499676,Solyc05g053610.3,up,,
leaf,14.9494421805716,-1.3513686350495,0.36598424998509,1.38547291775821e-05,0.000185240181926,Solyc10g018140.2,down,,
leaf,31.3933209264556,-1.92980914091237,0.562733408732751,1.39014234976557e-05,0.0001856307520351,Solyc07g049460.3,down,,
leaf,438.829577964614,1.06787961024457,0.292793039332333,1.39070998322426e-05,0.0001856307520351,Solyc09g098030.3,up,,
leaf,3.29033058322047,-2.5088686572285,0.872007127765975,1.40334433667817e-05,0.0001871931233733,Solyc05g005830.3,down,,
leaf,86.5015026512694,1.42049263313282,0.385835033017695,1.40563008986642e-05,0.0001873015968768,Solyc08g066490.3,up,,
leaf,47.285057348086,2.03062288140598,0.607914781383624,1.41797670715165e-05,0.0001886452234838,Solyc05g016690.3,up,,
leaf,245.974928761918,1.09281867768883,0.29974418903601,1.43481051131478e-05,0.0001903817741693,Solyc03g093240.3,up,,
leaf,114.871283630547,-1.86886078062873,0.539564168442013,1.43926368456245e-05,0.0001907213758845,Solyc07g055560.3,down,,
leaf,321.636502497367,-1.0802255478162,0.297161640413329,1.4726633690075e-05,0.0001947628731355,Solyc07g061990.3,down,,
leaf,6.75546579080524,-2.4319158628482,0.827007440862701,1.47378529503969e-05,0.0001947833557263,Solyc00g094540.1,down,,
leaf,7.45481453464484,1.71277982407759,0.481788135901317,1.48863109829942e-05,0.0001964875988332,Solyc08g006550.3,up,,
leaf,248.200009867844,1.60101725714691,0.443342221900427,1.48859014831861e-05,0.0001964875988332,Solyc08g014130.3,up,,
leaf,969.4876064965,1.14187083600732,0.313077456454766,1.49485920496479e-05,0.0001970514012199,Solyc09g056385.1,up,,
leaf,84.4080810280775,-1.25438031343336,0.342195730684901,1.50161244855291e-05,0.0001978121513325,Solyc04g077220.3,down,,
leaf,141.882498980631,1.14528492974674,0.314124459031894,1.50609189893471e-05,0.0001982725688126,Solyc09g008940.3,up,,
leaf,19.0078950594281,1.03298816964527,0.285952881507302,1.52229424328692e-05,0.0001998829898845,Solyc05g041440.3,up,,
leaf,100.608801705651,1.15039098685527,0.315900827012838,1.53600915209467e-05,0.0002013701351896,Solyc08g068850.3,up,,
leaf,485.636595658776,1.06339132479014,0.293859603334114,1.53661949054947e-05,0.0002013701351896,Solyc11g008870.2,up,,
leaf,25.6347370919536,-1.22093175493001,0.334091282817518,1.53864780406376e-05,0.0002015048379028,Solyc06g008560.2,down,,
leaf,85.0270648801737,-1.63311265690277,0.455776669390346,1.55377322247855e-05,0.0002030895538427,Solyc06g084370.1,down,,
leaf,20.7885595926636,1.91226329930906,0.563499046203663,1.60532205830029e-05,0.0002084745125614,Solyc07g018290.3,up,,
leaf,684.040683133161,-1.04853319855661,0.291147190320453,1.6119281030727e-05,0.0002091975248201,Solyc10g051380.2,down,,
leaf,777.485835336935,2.01467937616009,0.609386056462918,1.62184084787585e-05,0.0002102131168463,Solyc01g104950.3,up,,
leaf,1084.68456722076,-1.01249943889106,0.282166277107593,1.62858023319158e-05,0.0002108153152759,Solyc02g082060.2,down,,
leaf,195.104635897124,-2.12947676632884,0.665693167962911,1.64362800694178e-05,0.0002126265595107,Solyc06g024210.2,down,,
leaf,172.83844792267,1.26374378144822,0.347261527452907,1.64983352978161e-05,0.0002132923424702,Solyc05g014390.3,up,,
leaf,743.871288754994,1.45366329941401,0.401373004754457,1.67791258157123e-05,0.0002167752785425,Solyc07g065320.3,up,,
leaf,305.792289090786,-1.29727803109491,0.356813906035918,1.68000302752911e-05,0.0002167752785425,Solyc08g006590.2,down,,
leaf,11.7531316333417,-1.98341795572805,0.597817644265784,1.69034895811861e-05,0.0002176918715756,Solyc09g050020.2,down,,
leaf,1793.79499575498,1.10760469942176,0.307550697883745,1.7087809194184e-05,0.0002197845803251,Solyc01g105560.3,up,,
leaf,29.9410003446598,-1.52861818727692,0.425743944315297,1.73605038355328e-05,0.0002227231007995,Solyc06g069130.3,down,,
leaf,93.6312944686707,-1.78033783684706,0.514526025560092,1.7479192432901e-05,0.000224103051549,Solyc01g097380.2,down,,
leaf,3771.34367783752,1.15163351775544,0.319700761467732,1.76754137838747e-05,0.0002260432917046,Solyc04g025650.3,up,,
leaf,937.54879157296,1.06845106185456,0.298292024314722,1.7658406665203e-05,0.0002260432917046,Solyc10g051390.2,up,,
leaf,5.42780038896569,-2.62908600879522,1.01101144512954,1.78110692137312e-05,0.0002274892556138,Solyc10g048065.1,down,,
leaf,73.1086930478523,-1.00341200022093,0.281826821321184,1.7890619748499e-05,0.0002282158726879,Solyc08g062960.3,down,,
leaf,466.919894361916,-1.13872761677627,0.31702810801083,1.81493707031114e-05,0.0002312236715383,Solyc04g009900.3,down,,
leaf,158.075706179103,2.54843404216928,0.942702230730704,1.81962306793062e-05,0.0002316741329599,Solyc09g083440.3,up,,
leaf,4396.79082337275,-1.42905305306182,0.397197954137968,1.84239518786238e-05,0.0002338639866604,Solyc08g082120.2,down,,
leaf,4.30981033481386,1.62073676168872,0.459374538430936,1.87701625281587e-05,0.00023777348477,Solyc03g026360.1,up,,
leaf,42.6838441387621,1.09897008659328,0.307681797515089,1.88460780300278e-05,0.0002378431727323,Solyc01g073880.2,up,,
leaf,5.71042394764934,1.26319532308073,0.350873012265794,1.88392010795056e-05,0.0002378431727323,Solyc02g081530.1,up,,
leaf,34.4647113593703,2.1518547788692,0.689806987459548,1.91410307055717e-05,0.0002403607484237,Solyc02g087980.3,up,,
leaf,318.402609262275,1.1261770118558,0.315557096357972,1.94886247807897e-05,0.0002439651214012,Solyc10g050890.2,up,,
leaf,19.9010285746782,-1.99994476426483,0.615103160356995,1.95262472841914e-05,0.0002441326336425,Solyc03g097580.3,down,,
leaf,3.78301723225838,1.47698032486224,0.414108724820259,1.96715668340382e-05,0.0002453403710038,Solyc08g005690.1,up,,
leaf,42.8021709010575,1.71244412089126,0.494616754921471,1.97416849967312e-05,0.0002460625118837,Solyc09g092715.1,up,,
leaf,252.36523444966,1.31981292251739,0.368293521070059,2.00148719916478e-05,0.0002490052820603,Solyc05g012900.3,up,,
leaf,156.259002429894,-1.35564158487747,0.379107649282055,2.04158080662833e-05,0.0002530922514195,Solyc01g095980.3,down,,
leaf,262.709013297136,-1.47147191303574,0.41375796916446,2.0418772145602e-05,0.0002530922514195,Solyc01g106310.3,down,,
leaf,17.0113040885455,1.71934764595724,0.499624067173312,2.07453845206592e-05,0.0002568245451844,Solyc11g012020.2,up,,
leaf,216.055656045929,1.2878047522475,0.360778499285548,2.0964923047796e-05,0.000259064711674,Solyc03g031980.3,up,,
leaf,25.2477271559151,-1.65817626793415,0.477921592513581,2.1174375104196e-05,0.0002608825057459,Solyc06g048840.3,down,,
leaf,49.7673536037202,1.32448027049702,0.371494805247011,2.12552807648778e-05,0.0002616894041358,Solyc11g010990.2,up,,
leaf,428.605422173286,-1.56366580111738,0.445503201217429,2.14499372548807e-05,0.0002636025846173,ENSRNA050030068,down,,
leaf,82.7604678662836,-2.03372437628235,0.638404501497544,2.14918558507793e-05,0.0002637958321428,Solyc02g072540.3,down,,
leaf,140.974230435343,-1.7351218220225,0.508454448222447,2.19304015305052e-05,0.0002686874377295,ENSRNA050030080,down,,
leaf,3999.7730219276,-1.28063266529176,0.360235797509045,2.19889548628283e-05,0.0002692410509708,Solyc05g006860.3,down,,
leaf,11.7957680997151,-1.41101851548218,0.398146966991197,2.21421109218687e-05,0.0002704587011451,Solyc06g070960.2,down,,
leaf,134.123709788941,1.24284309260958,0.350156089017312,2.22381824694623e-05,0.0002708110467351,Solyc02g077480.1,up,,
leaf,6.53033920414341,1.5835036134668,0.453738518488757,2.22280546453262e-05,0.0002708110467351,Solyc07g006045.1,up,,
leaf,18.064787407223,-1.69814744359377,0.495045874683932,2.22536113171019e-05,0.0002708351898181,Solyc06g050530.3,down,,
leaf,43.7567731649334,1.10740798029864,0.314136329693274,2.23798652217765e-05,0.0002719862818126,Solyc02g093040.3,up,,
leaf,43.4770208587068,1.20521327206343,0.340223342532155,2.24551349285678e-05,0.0002726288895305,Solyc02g085285.1,up,,
leaf,116.008627511793,1.65522835816476,0.480643391098782,2.29790005101346e-05,0.0002783113131012,Solyc12g014140.2,up,,
leaf,299.727964013824,1.14504311490581,0.324950551143047,2.31353299103375e-05,0.0002795391811961,Solyc01g074040.2,up,,
leaf,231.862209824855,1.97680331483078,0.616078599060529,2.31347346007236e-05,0.0002795391811961,Solyc11g018800.2,up,,
leaf,1726.25403955397,-1.04495559909484,0.298940038595197,2.35661981075664e-05,0.0002844040516971,Solyc04g078420.1,down,,
leaf,120.920590229057,2.17213606129768,0.720475453801978,2.36464432933392e-05,0.000284919772447,Solyc01g087810.2,up,,
leaf,763.694599040354,-1.55695516383099,0.44745183464094,2.37320680854233e-05,0.0002857210492388,Solyc01g108240.3,down,,
leaf,18.2830025715947,2.45902978062599,0.916292459062614,2.37613715532855e-05,0.0002859029544959,Solyc07g061750.3,up,,
leaf,40.0250408593647,-1.60582985214296,0.464643326699093,2.38785586445715e-05,0.0002871100240131,ENSRNA050030064,down,,
leaf,26.0133974162759,-1.97996829013856,0.619935632511222,2.38901995951792e-05,0.0002871100240131,Solyc07g051860.1,down,,
leaf,60.6473688556011,1.18043278562222,0.335393073145697,2.39792127914226e-05,0.0002880035481521,Solyc05g013290.1,up,,
leaf,185.78920614844,-1.13796477141643,0.32403771169937,2.39931463508731e-05,0.0002880035481521,Solyc07g042500.3,down,,
leaf,108.361644511634,1.30420196566886,0.369768645080608,2.41305688674994e-05,0.0002892613426767,Solyc01g087790.2,up,,
leaf,2274.24558619299,1.11442208407885,0.317937109884072,2.41410146479807e-05,0.0002892613426767,Solyc12g005860.2,up,,
leaf,1606.40682990647,-1.94141723839663,0.602390314480376,2.41771922984224e-05,0.0002895225964773,Solyc02g078650.3,down,,
leaf,24.8812200123177,1.53881915433881,0.442368108760043,2.43276210074993e-05,0.0002909779942595,Solyc01g057685.1,up,,
leaf,32.852283671413,-1.41586356423081,0.403053792155561,2.43811436380182e-05,0.0002914451009833,Solyc02g082767.1,down,,
leaf,89.1823247549817,-1.74653432163031,0.518515699834527,2.43975377974532e-05,0.0002914680939005,ENSRNA050029739,down,,
leaf,81.0733883273638,1.8460707062818,0.560537372805211,2.46444333886622e-05,0.0002942431400796,Solyc07g008570.3,up,,
leaf,17.801566550524,-1.25916228063374,0.357912007638431,2.47814300358021e-05,0.0002953535880361,Solyc06g071725.1,down,,
leaf,5.25714118145463,1.82474634607163,0.551651063381811,2.47682756014708e-05,0.0002953535880361,Solyc11g069730.1,up,,
leaf,194.087409921687,1.16279038684086,0.331695647693848,2.49034109394499e-05,0.0002961876497299,Solyc06g075010.3,up,,
leaf,89.9321407110226,1.14540665343461,0.327035392424942,2.49102312899708e-05,0.0002961876497299,Solyc12g019410.2,up,,
leaf,603.738430500283,1.00670746536376,0.290219631969056,2.50794151396577e-05,0.000297496807858,Solyc01g112220.3,up,,
leaf,24.8733534197787,-1.33156056124437,0.378881171981535,2.50668536106293e-05,0.000297496807858,Solyc06g069460.2,down,,
leaf,47.9267524144297,1.0005117796501,0.288717481434925,2.52545691145904e-05,0.0002990461676108,Solyc04g080200.3,up,,
leaf,23.8989564853785,1.10880268929021,0.317726399627973,2.53603918205975e-05,0.0003001228037899,Solyc01g005260.3,up,,
leaf,14.489199202258,1.04662915078086,0.301305254113095,2.55173281825804e-05,0.0003016256010877,Solyc02g091710.3,up,,
leaf,1913.35219600032,-1.72030619694666,0.510862818290835,2.56843156730382e-05,0.0003034213995814,Solyc11g011340.2,down,,
leaf,674.768770097684,-1.14435289835678,0.327615615445189,2.57126277394493e-05,0.0003035778123845,Solyc02g071800.3,down,,
leaf,21.1734859639288,2.42601544967994,0.903771563111822,2.58270170434607e-05,0.0003047497230752,Solyc02g080330.3,up,,
leaf,155.258996176251,-1.31101290468284,0.374353500801362,2.61690219231102e-05,0.0003080633778932,Solyc09g075140.3,down,,
leaf,28.5849089897286,-1.10832644616593,0.318531959049715,2.62775390648117e-05,0.000309160158787,Solyc11g072670.1,down,,
leaf,519.375401923664,-1.09975938029462,0.316285760234587,2.63262171178667e-05,0.0003095520520654,Solyc01g095530.2,down,,
leaf,122.205491451323,1.07139795833698,0.308850213391816,2.648614080886e-05,0.0003112507865647,Solyc10g005880.3,up,,
leaf,73.1558248603699,1.27395774318409,0.364357299110451,2.66622142213846e-05,0.0003129547312628,Solyc08g074970.1,up,,
leaf,599.778777058399,1.08196007298967,0.311927648949721,2.67457869885668e-05,0.0003135702220743,Solyc10g080940.2,up,,
leaf,124.969834419453,-1.6678279327924,0.493184341254308,2.70128403111631e-05,0.0003161491165296,Solyc04g079820.3,down,,
leaf,10.461941191736,-1.22702575927603,0.351678104625494,2.70860527336956e-05,0.0003168218781429,Solyc07g008520.3,down,,
leaf,77.9383697556129,1.48916286132127,0.431045662739711,2.75847999249187e-05,0.0003217215055516,Solyc08g078207.1,up,,
leaf,258.083458010879,-1.84756351532479,0.569036555281919,2.79190842003926e-05,0.0003252436055316,ENSRNA050030096,down,,
leaf,230.927019286508,1.12990679419563,0.326115104067072,2.8065633194999e-05,0.0003265730697941,Solyc12g009510.2,up,,
leaf,306.614256540843,-1.16463441710161,0.3358921365633,2.83997313528432e-05,0.0003296987832328,Solyc03g095510.3,down,,
leaf,175.613953509564,-1.85495692584431,0.573403252863433,2.83754561543319e-05,0.0003296987832328,Solyc03g116530.3,down,,
leaf,4083.12147486285,1.21316719790211,0.349349133968972,2.84831180928055e-05,0.0003302861051383,Solyc08g068870.3,up,,
leaf,100.939086613925,-1.40025149299718,0.404325881543355,2.87658301185483e-05,0.000333372468497,Solyc04g006950.3,down,,
leaf,203.284958774446,-1.04388383670569,0.303928309938717,2.92320996076256e-05,0.0003374171634938,Solyc01g081440.3,down,,
leaf,57.6757298354986,-1.33260258202829,0.384400752352257,2.92213415824198e-05,0.0003374171634938,Solyc09g061410.1,down,,
leaf,576.413808493809,-1.01779982064453,0.296916156423536,2.9311670478957e-05,0.0003381418481026,Solyc11g006020.2,down,,
leaf,51.5347800030767,1.57268200996373,0.46236688636046,2.94249568092376e-05,0.0003392544247576,Solyc02g089050.3,up,,
leaf,1730.58816516355,2.43701042393521,0.941449255138101,3.00017445952353e-05,0.0003447205588347,Solyc12g013710.2,up,,
leaf,5.30286131998607,-2.17494932778721,0.747265093213164,3.00621103278556e-05,0.0003450205277627,Solyc00g126000.1,down,,
leaf,25.5070357621363,-1.35293890499311,0.391657609481752,3.02093416329019e-05,0.0003461186343401,Solyc01g066200.1,down,,
leaf,1229.20838188062,-1.3739248973756,0.398001956675172,3.0182468956205e-05,0.0003461186343401,Solyc01g098130.2,down,,
leaf,505.211646583292,-1.05529800323481,0.308374937791868,3.08226746164695e-05,0.0003523441044976,Solyc09g010680.3,down,,
leaf,5.60974033239895,-2.62961400817263,1.36728227846758,3.09166117555931e-05,0.0003532174668072,Solyc10g055470.2,down,,
leaf,1246.15742012062,-1.77468126650061,0.543828629307342,3.10317638813856e-05,0.0003543221584625,Solyc03g098010.3,down,,
leaf,94.0737000306309,-1.16083152883036,0.337686867645462,3.13310374728736e-05,0.0003567872547931,Solyc06g050715.1,down,,
leaf,609.479359947353,-1.16393485881698,0.338871502129147,3.16821498674613e-05,0.0003601252046446,Solyc11g008540.2,down,,
leaf,94.34422617747,2.55190473005237,1.08637450755408,3.17953309102066e-05,0.0003609969936741,Solyc07g006560.3,up,,
leaf,281.477252882404,-1.15153954041137,0.335771821776192,3.20403113704437e-05,0.0003627633230036,Solyc01g096400.3,down,,
leaf,863.256821626896,1.52768908324316,0.450944455496143,3.24068902616226e-05,0.0003667076312638,Solyc11g068710.2,up,,
leaf,809.676547584591,-1.73035587728085,0.527980497330139,3.25257095516603e-05,0.0003676390806899,Solyc03g098100.3,down,,
leaf,103.195651813564,-1.41507912678773,0.413768666328783,3.25988949664311e-05,0.0003682596424082,Solyc03g119630.3,down,,
leaf,176.899438770249,1.0520322750303,0.308948943497464,3.26204000580809e-05,0.0003682960190414,Solyc03g118270.1,up,,
leaf,6.46244083353254,-1.85013567017569,0.581283765866276,3.29712720682971e-05,0.0003720489422967,Solyc00g125980.1,down,,
leaf,38.8550042182467,1.77947182509507,0.550096687628157,3.32262291220379e-05,0.0003745328185371,Solyc03g083720.1,up,,
leaf,71.4570226771455,1.34982039448937,0.394368153082591,3.34127597950485e-05,0.0003763981027918,Solyc10g038080.2,up,,
leaf,85.2870579172614,1.3913534580161,0.407378286250785,3.35448008590555e-05,0.0003776743314159,Solyc10g083890.2,up,,
leaf,4.20319003034674,1.84690287408872,0.581301173828742,3.37027115972571e-05,0.0003790284851993,Solyc02g069930.1,up,,
leaf,76.2719955426629,1.19991565442555,0.350963093479774,3.3884321235025e-05,0.0003804336668427,Solyc02g076930.2,up,,
leaf,22.0550797001179,-1.41701647177857,0.415968172433949,3.39272823100069e-05,0.0003807037996034,Solyc10g076820.2,down,,
leaf,8.66467429274315,-2.05693860241764,0.690486501584428,3.42095411219996e-05,0.0003830175526844,Solyc00g022103.1,down,,
leaf,6906.00304218003,1.19141019666424,0.348910419150055,3.42662760769365e-05,0.0003834396293009,Solyc09g091670.3,up,,
leaf,254.911254441873,-1.55312402035375,0.462687702248449,3.44248068796577e-05,0.000384999700261,Solyc08g081810.3,down,,
leaf,528.346316643448,-1.01357592640468,0.299861317252557,3.46033656506512e-05,0.0003866497127295,Solyc08g016080.3,down,,
leaf,5.43255714288548,1.7599965616491,0.544443626257581,3.47406849328047e-05,0.0003876713993997,Solyc12g087860.2,up,,
leaf,19.8678690319549,-1.71185894146409,0.524198335024112,3.47646228363e-05,0.0003877237171477,Solyc08g081457.1,down,,
leaf,1764.28615395937,-1.37596794946695,0.404052724615123,3.48764058052736e-05,0.0003887551553568,Solyc12g013620.2,down,,
leaf,4.44420100700797,-2.51643907861631,1.07855799369968,3.57884918848686e-05,0.0003976016566712,Solyc02g087670.3,down,,
leaf,29.1334210121926,2.57579355019825,1.1946119715536,3.57730030467973e-05,0.0003976016566712,Solyc12g096780.2,up,,
leaf,35.5720945138599,1.1439387661381,0.337041125686275,3.59538490387788e-05,0.0003992185376731,Solyc12g057030.2,up,,
leaf,337.683257542692,1.01600576157823,0.301626089826682,3.61253410286016e-05,0.0004009017184562,Solyc06g062670.3,up,,
leaf,17.0125944389413,1.95494943768731,0.639817074736234,3.6155596750171e-05,0.0004010165362015,Solyc04g076310.3,up,,
leaf,19.840778960529,1.35366041716433,0.399391984624191,3.70323721687944e-05,0.00040961342132,Solyc01g087840.3,up,,
leaf,27.3971949124691,2.25981233087071,0.832511266021936,3.7176177259555e-05,0.000410763846741,Solyc05g009880.3,up,,
leaf,4.76117589684335,-2.27111126237504,0.841801147908188,3.73496244540077e-05,0.0004124187410983,Solyc02g077575.1,down,,
leaf,161.758415385324,1.37992796054685,0.407974068017188,3.73678980490723e-05,0.0004124187410983,Solyc09g083380.3,up,,
leaf,383.506460461392,-1.08679187802177,0.322295224493438,3.74749456252843e-05,0.0004133736882718,Solyc05g053850.3,down,,
leaf,14.1093967486327,-1.61007781782473,0.488148356141648,3.76245066952219e-05,0.0004144575398507,Solyc04g014290.1,down,,
leaf,64.1441329477903,1.27223311433683,0.375274307352823,3.75955736889484e-05,0.0004144575398507,Solyc11g006230.2,up,,
leaf,74.211237988243,-1.02342852180033,0.30482706545737,3.7747323574759e-05,0.0004154446912812,Solyc02g072210.1,down,,
leaf,5.70407817338964,-1.40730018035736,0.41729119665312,3.78935072569711e-05,0.0004166217375381,Solyc04g007300.3,down,,
leaf,28.7644584608953,1.69576810972869,0.522976897317415,3.81542552659463e-05,0.0004192596887979,Solyc02g067680.1,up,,
leaf,24.9670844766914,-2.18346968907411,0.782813797021785,3.8546770013668e-05,0.0004226505398014,Solyc03g095700.1,down,,
leaf,304.011694269152,-1.23864455423471,0.366800561863578,3.91749729838098e-05,0.000428372587318,Solyc02g070580.1,down,,
leaf,6.91790571260813,1.1691375745843,0.346995196671851,3.94719792048484e-05,0.0004306850515406,Solyc04g005460.1,up,,
leaf,80.0237424907783,-1.37187461219703,0.40785538796128,3.97483069142502e-05,0.0004327623772253,Solyc11g011330.2,down,,
leaf,8.87620678863031,1.25298986648507,0.371691318063727,3.99539816531183e-05,0.0004345319106139,Solyc06g072310.3,up,,
leaf,61.1437937864084,-1.55299276780077,0.470001491456589,4.00977030581422e-05,0.0004358596519142,Solyc03g115770.3,down,,
leaf,10.7513383104158,-1.82939567983376,0.585521551669665,4.01758968993569e-05,0.000436238768381,ENSRNA050030062,down,,
leaf,7.06960974832299,-2.13858390172123,0.759434797822306,4.0685840861312e-05,0.0004410625439335,Solyc05g009730.1,down,,
leaf,268.213394330436,-1.89971868296045,0.62158606486554,4.0953905249321e-05,0.0004437297254071,Solyc02g093180.3,down,,
leaf,110.967748341357,-1.13824557947358,0.339422114333405,4.10530833340598e-05,0.0004443262786215,Solyc10g006330.3,down,,
leaf,10.4821380181545,1.55147020007435,0.471044781247394,4.1413193252154e-05,0.0004475024348094,Solyc02g076830.1,up,,
leaf,6819.74010749772,-1.25532268449976,0.373665634153023,4.14557261058829e-05,0.0004477218419435,Solyc01g110360.3,down,,
leaf,34.8846889073773,1.24643993297289,0.371255383972329,4.1725222024792e-05,0.000450149663644,Solyc09g083090.3,up,,
leaf,139.491652908096,1.52268844594124,0.462067478957372,4.27241326954689e-05,0.0004590737225205,Solyc02g077590.1,up,,
leaf,30.4441011694615,1.06131310454591,0.318825902683623,4.27347447982309e-05,0.0004590737225205,Solyc09g009810.1,up,,
leaf,290.353974977219,1.17719421424065,0.351946997711309,4.28957541054406e-05,0.0004603123490632,Solyc03g093410.3,up,,
leaf,84.9715116816445,-1.67354941301455,0.520951576856132,4.30874100446984e-05,0.0004616311771916,Solyc09g005840.1,down,,
leaf,12.4120408169124,1.3138662385405,0.393317886095743,4.36684325916282e-05,0.0004667992241989,Solyc11g011940.2,up,,
leaf,52.7150379772399,2.18729494926789,0.803753567413748,4.40379975285569e-05,0.0004693192308043,Solyc09g075360.3,up,,
leaf,53.6481964962562,1.15707142507277,0.347013275577237,4.40762375943279e-05,0.0004694783593997,Solyc05g055400.3,up,,
leaf,35.817890728976,1.34958012151972,0.405036984513041,4.4254239479264e-05,0.0004711252069721,Solyc01g097290.3,up,,
leaf,32.6711366366679,-1.37402374811765,0.413048085207683,4.44482775192559e-05,0.0004726912385389,Solyc11g012980.1,down,,
leaf,9.16311806864326,-1.30836101451323,0.39234167672663,4.45135854528013e-05,0.0004728864125476,Solyc02g091800.3,down,,
leaf,141.281891956957,-1.05328282304752,0.317783614897137,4.46571181967454e-05,0.0004737966880896,Solyc02g062610.3,down,,
leaf,892.677671421602,-1.75384368377451,0.558012057695399,4.4692196551447e-05,0.0004737966880896,Solyc06g024245.1,down,,
leaf,21.4623892551033,1.2107436128116,0.363043448337444,4.46467330577374e-05,0.0004737966880896,Solyc09g010510.3,up,,
leaf,173.678998810895,1.06982925783269,0.322665070892842,4.49318288259279e-05,0.000475823815043,Solyc04g045600.3,up,,
leaf,408.713624716582,-1.40457497351833,0.424018342427895,4.54791787388378e-05,0.0004813671141133,Solyc01g109120.3,down,,
leaf,275.242692762638,-1.06471888843941,0.321603530122518,4.55538032299071e-05,0.0004819037314373,Solyc01g111040.3,down,,
leaf,55.4182285742111,1.69205655977264,0.532756230083482,4.60154905691649e-05,0.0004854237769063,Solyc11g069020.2,up,,
leaf,6.57570612685982,-2.40914772030081,1.02054460994153,4.64055282698562e-05,0.000488859911303,Solyc09g091040.3,down,,
leaf,257.770286003972,1.66208192606666,0.520717333819631,4.64810139188585e-05,0.0004892963150306,Solyc01g099410.3,up,,
leaf,13.4599585737545,1.59581691810215,0.49396242448438,4.64955390213775e-05,0.0004892963150306,Solyc12g098630.2,up,,
leaf,290.250108407652,-1.4460874366645,0.439099207192479,4.65750878047181e-05,0.0004898775031658,Solyc06g050440.3,down,,
leaf,309.082745212002,-1.29425894860148,0.390066539649473,4.70308891988425e-05,0.0004938978989797,Solyc10g007900.3,down,,
leaf,1530.76971192126,1.14678175243678,0.346145250631921,4.7090374375123e-05,0.0004942648883083,Solyc03g111310.3,up,,
leaf,914.480192384573,-1.5774850065215,0.488975419033979,4.83697292473078e-05,0.0005063737455817,Solyc03g121420.3,down,,
leaf,5138.48693012182,-1.74816413027769,0.561613896639302,4.89170019225923e-05,0.0005107756623768,ENSRNA050029920,down,,
leaf,177.559436178994,1.47130867111327,0.450171869007823,4.8900950606609e-05,0.0005107756623768,Solyc06g076160.3,up,,
leaf,1987.39867652774,-1.2789873621489,0.387321183045265,4.95475945135715e-05,0.0005168242613632,Solyc02g082930.3,down,,
leaf,183.542301307922,1.6555800201769,0.522075756991112,4.97142444982016e-05,0.000518026028289,Solyc07g008440.3,up,,
leaf,66.1301653608568,1.58932736267243,0.495168876177551,4.97584711196105e-05,0.000518218782467,Solyc05g018050.1,up,,
leaf,755.124969314221,1.61241111409666,0.5046054171473,4.99597693341136e-05,0.000520046343115,Solyc09g011870.2,up,,
leaf,3048.17771630085,-1.28068437895554,0.388653745877269,5.0612480778032e-05,0.0005253865167929,Solyc01g081450.3,down,,
leaf,102.736724561742,-1.13310734996873,0.344485885027365,5.06292934711151e-05,0.0005253865167929,Solyc01g106790.3,down,,
leaf,25.3045203329622,1.20877977857052,0.366846007472192,5.07068850816808e-05,0.0005259207411509,Solyc01g066440.3,up,,
leaf,332.05766466069,1.04856441316595,0.320100724673404,5.08030947385442e-05,0.0005266474185402,Solyc04g078690.3,up,,
leaf,5027.32063106958,-1.75708649352186,0.568953696152073,5.11992925280684e-05,0.0005291206516677,Solyc00g068970.2,down,,
leaf,169.30509520018,1.08122894601794,0.329843799244693,5.13163641325394e-05,0.0005297868817824,Solyc09g011640.3,up,,
leaf,19.7107231278241,-1.52189334765671,0.471051270109306,5.1415130214855e-05,0.0005299915827981,Solyc01g099820.3,down,,
leaf,483.10973591788,-1.75950851760124,0.570586658158949,5.15568440146121e-05,0.0005311805381802,Solyc00g011160.2,down,,
leaf,16.1804562830562,-1.8599169533783,0.622439652441492,5.29657894939587e-05,0.0005443045571363,Solyc05g014280.3,down,,
leaf,61.4922045390826,1.4252115151398,0.437860493199055,5.30580622385368e-05,0.0005449747524776,Solyc05g005930.2,up,,
leaf,45.9878766438794,2.07185177821162,0.748933446790009,5.34375603905701e-05,0.0005485929364866,Solyc06g065680.3,up,,
leaf,230.301963761691,-1.82281572996836,0.605367131789624,5.42758889132578e-05,0.0005560655923147,Solyc05g007950.3,down,,
leaf,21.7887483981198,1.00263155139277,0.308705776359039,5.44553811039679e-05,0.0005573375437988,Solyc03g111210.3,up,,
leaf,45.0880376057726,1.26281050645667,0.386322893452194,5.50636296281955e-05,0.0005632766013057,Solyc07g055380.2,up,,
leaf,24.4384853531905,-1.75426017238872,0.573448968284102,5.54721088451188e-05,0.0005663047219251,ENSRNA050030069,down,,
leaf,6.74025259577067,2.12153189486299,0.78867419595073,5.53993094323188e-05,0.0005663047219251,Solyc01g090340.2,up,,
leaf,3.53568214530839,-1.83682348368587,0.614937097766565,5.58677100504934e-05,0.0005697657801706,Solyc07g014690.3,down,,
leaf,176.0407835291,1.57382112484243,0.495805992064332,5.61112319724528e-05,0.0005716704271062,Solyc05g055990.3,up,,
leaf,601.456018396212,1.62436673918927,0.516623001700514,5.63070577187908e-05,0.0005727963417029,Solyc10g086180.2,up,,
leaf,27.4593774771234,-1.22403863278523,0.375358744966427,5.65298717124158e-05,0.0005747726784611,Solyc10g076300.2,down,,
leaf,370.607483426096,1.55736699164204,0.490152769726933,5.69646013431843e-05,0.0005777346426255,Solyc02g087850.1,up,,
leaf,95.8481693781809,-1.86734690655119,0.633370829671168,5.73620093781974e-05,0.000581179875702,Solyc09g018460.1,down,,
leaf,10.5991723111656,-1.73918004821848,0.568939749302203,5.74856104552489e-05,0.000582139349316,Solyc02g021770.1,down,,
leaf,305.928509451178,-1.23871915238244,0.381037547097526,5.83235395965549e-05,0.0005903280073134,Solyc01g067380.3,down,,
leaf,155.086329146995,1.02824067300383,0.318214918315991,5.84088272344368e-05,0.0005906050926856,Solyc08g076870.1,up,,
leaf,68.4668863407626,2.01049743334333,0.719433605223171,5.84095593600367e-05,0.0005906050926856,Solyc10g008910.1,up,,
leaf,18.1077836562484,-2.1028924111865,0.783159925457186,5.86228006993618e-05,0.0005918699005947,Solyc07g051930.2,down,,
leaf,7.42926871849208,-1.93635881601497,0.674457461622314,5.87129133963273e-05,0.0005924827162469,Solyc01g006580.3,down,,
leaf,75.0719556848693,-1.78508885333144,0.59332740725939,5.91415463800948e-05,0.0005962107243182,Solyc12g006720.1,down,,
leaf,39.9069082286217,1.68462858421895,0.546122508617491,5.93548041445679e-05,0.0005980612631715,Solyc12g100030.2,up,,
leaf,113.75283702788,-1.58074107816535,0.501953418064906,5.94715269956425e-05,0.0005986384291585,Solyc12g013850.2,down,,
leaf,395.720326122821,-1.20775516694421,0.372537375789284,5.99570513082972e-05,0.0006026222192872,Solyc01g105370.3,down,,
leaf,6.65400573307752,-1.87010173869278,0.639003475569917,6.00301137825525e-05,0.000603055636812,Solyc05g005720.3,down,,
leaf,1006.92300737442,-1.82469354120244,0.614821400806262,6.00964381180917e-05,0.0006034209653911,ENSRNA050030525,down,,
leaf,5.76497830320645,-1.97699686401232,0.701884175729036,6.02914950725896e-05,0.0006047765407131,Solyc02g086480.1,down,,
leaf,125.078162362098,1.40505044472474,0.436925757947025,6.04432154502819e-05,0.000605434879193,Solyc04g078660.1,up,,
leaf,27.0772290908104,-1.13082611023214,0.349605749922285,6.04473012638862e-05,0.000605434879193,Solyc09g010140.2,down,,
leaf,63.0088452320216,-1.32450440794883,0.410625999072863,6.17022060812944e-05,0.0006164711482586,Solyc02g078890.1,down,,
leaf,223.661300588359,2.39477428414352,1.11964640924082,6.21789435357807e-05,0.0006203111840998,Solyc12g087940.2,up,,
leaf,488.465138881258,-1.4038195814556,0.437955946453624,6.23469287096476e-05,0.0006216791277572,Solyc02g089630.3,down,,
leaf,40.8960430276375,-1.22252631527211,0.37859918012924,6.24447717402652e-05,0.0006222923562826,Solyc06g050800.3,down,,
leaf,28.8108698261161,1.62681981321948,0.524196009764965,6.25037371537666e-05,0.0006222923562826,Solyc07g054770.1,up,,
leaf,5.65471756201054,-1.78367356693241,0.597414750685619,6.27746862225249e-05,0.0006240228841712,Solyc01g068365.1,down,,
leaf,49.861377768009,-2.14752492339557,0.828273842918421,6.28166485488767e-05,0.0006240228841712,Solyc07g064660.1,down,,
leaf,7.84417579118753,1.57235774869432,0.50213554680219,6.31906720722865e-05,0.0006269884319605,Solyc10g078495.1,up,,
leaf,2800.07127778106,-1.86845291052734,0.642966478681097,6.32532761492166e-05,0.000627273846684,ENSRNA050030529,down,,
leaf,39176.7878214319,1.21710922389803,0.377479859870114,6.33793315833452e-05,0.0006279323643638,Solyc12g094620.2,up,,
leaf,44.1405959284636,-1.61448742411485,0.520304190721955,6.38629042151877e-05,0.000632101531549,Solyc06g005090.3,down,,
leaf,24.3316392053025,-1.12700195789437,0.350488340312142,6.42063993532884e-05,0.0006348774156965,Solyc12g055920.2,down,,
leaf,17.2261015308228,-1.93259721200461,0.683205745578755,6.51961667390799e-05,0.0006440319717795,Solyc05g052340.3,down,,
leaf,39.4173328644812,1.1422911849541,0.355687894938668,6.53225873772848e-05,0.0006449644877221,Solyc05g051780.3,up,,
leaf,329.600022290205,1.57144451998749,0.504565572110892,6.62177871680654e-05,0.0006528432056481,Solyc02g083310.3,up,,
leaf,3.39476796610213,-1.68529151286255,0.554104721522948,6.62614503556801e-05,0.0006529540768415,Solyc08g079317.1,down,,
leaf,53.8577051686206,1.00608835704609,0.315553801830837,6.68159024883202e-05,0.0006576515668835,Solyc00g091170.3,up,,
leaf,13.1839162092146,1.05224795235741,0.329396858466306,6.68361015495283e-05,0.0006576515668835,Solyc03g098200.3,up,,
leaf,69.0290713621635,-1.55047817937908,0.496622141534552,6.68712207891575e-05,0.0006576758443043,Solyc07g052910.3,down,,
leaf,59.0498856616379,1.26041091035706,0.393244432063134,6.69522511544718e-05,0.0006580035742741,Solyc07g056670.3,up,,
leaf,467.216497844137,1.32468225242531,0.414346486689732,6.71606243785214e-05,0.0006592345498207,Solyc05g015850.3,up,,
leaf,493.9175381115,-1.02418271610022,0.321557522790095,6.81073688966514e-05,0.0006665785346532,Solyc02g085600.1,down,,
leaf,166.655781499309,-1.09110955067609,0.34165350907458,6.80923981974475e-05,0.0006665785346532,Solyc04g006960.3,down,,
leaf,68.0251559087164,1.36281218705363,0.428324872141417,6.87708419530014e-05,0.0006714407652047,Solyc03g113130.3,up,,
leaf,2365.02564169321,-1.00200355594918,0.315326990080511,6.91409540456669e-05,0.0006744005309384,Solyc12g099930.2,down,,
leaf,28.0531363737233,-1.18919503582231,0.372461982496571,6.9838468757105e-05,0.0006795586655582,Solyc09g092300.3,down,,
leaf,276.006124135669,1.50606260165578,0.481996288296657,7.04428239386304e-05,0.0006851083340279,Solyc09g009535.1,up,,
leaf,32.2059987388733,-1.24922008257189,0.392088552515358,7.10959846524261e-05,0.0006901278664429,Solyc01g066570.3,down,,
leaf,903.706006672995,-1.33695914118646,0.42147517193516,7.18287024170687e-05,0.0006955642904252,Solyc03g031860.3,down,,
leaf,6.1701701526268,-1.75187781109769,0.592828770665571,7.2221359489502e-05,0.0006989211969167,ENSRNA050030206,down,,
leaf,103.391543563086,1.87003048041836,0.656824093092272,7.22447588114709e-05,0.0006989211969167,Solyc07g055950.3,up,,
leaf,9.07782404718993,-1.40837192649382,0.447201214732388,7.29377799480464e-05,0.0007052869724981,Solyc12g036380.1,down,,
leaf,3349.3540354987,-1.67332329605056,0.55568585398376,7.31347218043421e-05,0.00070685199932,Solyc01g058500.3,down,,
leaf,8.76320160626892,-1.33684843322481,0.422329579484828,7.32498795101485e-05,0.000707625454721,Solyc12g099580.2,down,,
leaf,198.101784937534,1.3015152644164,0.410699251944588,7.37128242525696e-05,0.0007114152880188,Solyc12g019320.2,up,,
leaf,137.392509661435,-1.05826983039131,0.334570485513668,7.43155177038216e-05,0.0007162024677465,Solyc05g010180.3,down,,
leaf,2193.13784830752,1.1315776398668,0.357554608476098,7.56213163545012e-05,0.0007267006459982,Solyc09g090970.3,up,,
leaf,26.9486923269285,1.65651025378031,0.550441363697494,7.57483007705264e-05,0.0007272270134032,Solyc03g058160.3,up,,
leaf,28.097283674566,1.67653693288335,0.560056285821384,7.60304809067974e-05,0.0007292409268689,Solyc03g112100.3,up,,
leaf,39.7246874915122,-1.24195395842541,0.392561127835061,7.61748871113173e-05,0.0007299308164586,Solyc06g060910.2,down,,
leaf,136.157977880114,-1.35848246846283,0.431968144418381,7.67322287785905e-05,0.0007338749060106,Solyc04g080640.1,down,,
leaf,80.0493997309242,-1.22940768341814,0.389030195300027,7.71375433426688e-05,0.0007367019431048,Solyc02g089615.1,down,,
leaf,262.26193251694,-1.87916978423626,0.66981982735597,7.77350778177011e-05,0.000741705323261,Solyc01g095080.3,down,,
leaf,5.37188544041594,-1.77454879119928,0.611289482266505,7.81391419629091e-05,0.0007445026477847,Solyc07g025140.3,down,,
leaf,67.0720793529584,1.04613716140217,0.332602601528696,7.84191766631961e-05,0.0007468175207329,Solyc03g019670.3,up,,
leaf,125.995177012791,1.21318324142415,0.384935034909965,7.92946114578545e-05,0.0007533736150868,Solyc04g074470.1,up,,
leaf,113.490077135624,-1.63207008830011,0.543049131874341,7.98870091916325e-05,0.0007579002362741,Solyc03g114160.1,down,,
leaf,108.078693420374,1.37486074410649,0.439727441929839,7.99215620020981e-05,0.0007579002362741,Solyc11g007690.2,up,,
leaf,50.4516376432523,1.06252386434841,0.338621924561605,8.08426419278926e-05,0.0007655535936584,Solyc12g088650.2,up,,
leaf,21.8452403449591,-1.32570040320407,0.423547408526421,8.17080913062738e-05,0.0007726593310286,Solyc09g075270.1,down,,
leaf,7.36473984728447,-1.54694995653202,0.507457626091266,8.18061234849469e-05,0.0007732233407948,Solyc02g069300.1,down,,
leaf,23.662396062512,1.07757335205295,0.34396659293316,8.25662763158726e-05,0.0007774971219035,Solyc10g049890.2,up,,
leaf,258.056105820079,1.21590669494039,0.38744001415221,8.25670908426071e-05,0.0007774971219035,Solyc11g071640.2,up,,
leaf,9.29777461340424,1.00983245211231,0.323209052110169,8.29111325138836e-05,0.0007796433385129,Solyc06g073137.1,up,,
leaf,161.159924432276,-1.46592874723103,0.475790892346857,8.3250700933546e-05,0.0007824711237533,ENSRNA050029954,down,,
leaf,77.6779880233893,1.42095618156759,0.459016360654154,8.38323644329276e-05,0.0007868366656141,Solyc09g057630.3,up,,
leaf,13.1914636315488,-1.15893896796666,0.369936222104984,8.39796601129095e-05,0.0007874852486006,Solyc12g042590.2,down,,
leaf,2.70376810770722,-1.78601198902849,0.624248504039819,8.41706878833724e-05,0.0007885423234171,Solyc08g006520.1,down,,
leaf,38.9079279894486,1.70635418085474,0.58287949725024,8.45809978516946e-05,0.0007909147904962,Solyc01g088400.3,up,,
leaf,199.781394772507,-1.32746422308225,0.426097859192032,8.51518563216317e-05,0.0007955142347079,Solyc02g081600.3,down,,
leaf,14.1013778853948,-1.33337485538078,0.428231883296276,8.52825263732004e-05,0.0007959965923118,Solyc03g078150.3,down,,
leaf,338.205923433593,-1.23071747444668,0.394011084647022,8.6158381838906e-05,0.0008030145513031,Solyc01g110150.2,down,,
leaf,152.40950810034,1.20905985472591,0.38719263708365,8.66529488383981e-05,0.0008061726076226,Solyc02g090430.3,up,,
leaf,262.065024246076,-1.08183372106905,0.347104447837077,8.70521071641843e-05,0.0008087654716333,Solyc01g005000.3,down,,
leaf,5.53889303528764,2.26801371032073,1.04639088948926,8.73261418770279e-05,0.0008109373673061,Solyc01g008870.2,up,,
leaf,178.038761353931,-1.27045545313656,0.408179224348633,8.81360758855721e-05,0.000817704670883,Solyc07g051820.3,down,,
leaf,11.901392579232,1.79191242200231,0.632348726035331,8.85375847363103e-05,0.0008202962427593,Solyc03g044085.1,up,,
leaf,1010.22633014077,-1.07703491171754,0.346331376663358,8.88848201861133e-05,0.000822756455969,Solyc03g114940.3,down,,
leaf,16.1919870934455,1.71015559776413,0.589079352721258,8.90467335116408e-05,0.0008238765762018,Solyc06g063110.2,up,,
leaf,243.846696599593,-1.24047875030553,0.39883328788999,8.94838496266138e-05,0.0008267815133849,Solyc09g005200.3,down,,
leaf,32.1982311494919,-1.51333975431077,0.499334819091013,8.98415008579624e-05,0.0008295158284727,Solyc02g079370.3,down,,
leaf,6.00168271650631,1.99486634808364,0.765530269905701,8.98621555817493e-05,0.0008295158284727,Solyc02g083610.3,up,,
leaf,6.28278757903782,1.25085414920133,0.402548391865269,9.0033551681267e-05,0.0008300680538833,Solyc07g065735.1,up,,
leaf,56.9418360385523,-1.11568410491039,0.358876109321893,8.99763537991721e-05,0.0008300680538833,Solyc08g005100.3,down,,
leaf,439.026680047325,-1.10328326664659,0.355294796622483,9.07721633079902e-05,0.0008352365981496,Solyc11g045100.2,down,,
leaf,38.2729212802705,-1.49825389006345,0.494186763227342,9.13947621627308e-05,0.0008384503182959,Solyc02g079280.3,down,,
leaf,32.9148744879789,1.04290192737116,0.336963738794716,9.23339443821456e-05,0.0008461284384645,Solyc10g083500.2,up,,
leaf,13.3438965638664,1.45164492357226,0.476425743673007,9.28167201165319e-05,0.000849779262085,Solyc06g076700.1,up,,
leaf,222.239808617614,-1.6393052762724,0.558107821432974,9.35893523123844e-05,0.0008552979738094,ENSRNA050030422,down,,
leaf,10.5045974858128,-1.68872643992786,0.582336786408335,9.35536412730553e-05,0.0008552979738094,Solyc01g102900.3,down,,
leaf,153.330020585486,1.96764933992119,0.751972811018397,9.4039803181484e-05,0.000859024814368,Solyc07g041920.3,up,,
leaf,79.2545143988731,1.65487200418323,0.566382321069217,9.45185111388642e-05,0.0008626152475573,Solyc02g024070.3,up,,
leaf,284.990783264675,-1.11543259508988,0.360810345009452,9.50261734770109e-05,0.0008664631897573,Solyc02g070530.3,down,,
leaf,1633.20514991905,1.0315205575555,0.334339442990679,9.49883607277848e-05,0.0008664631897573,Solyc04g049670.3,up,,
leaf,19.4086730084586,1.2967425368456,0.420805077913825,9.54288064069665e-05,0.0008689543483947,Solyc05g009100.3,up,,
leaf,608.045929600372,-1.04996575320483,0.340987748853543,9.73809348744141e-05,0.0008843312850497,Solyc10g085910.2,down,,
leaf,81.2041952069585,1.50852763202121,0.50298542475853,9.82628876944523e-05,0.000891536524298,Solyc09g092760.2,up,,
leaf,12.6074177396275,1.16659891777051,0.378893923411952,9.91899333044559e-05,0.0008983289732996,Solyc12g014270.2,up,,
leaf,25634.5514762216,-1.6380144866351,0.562368472742408,9.96559787645458e-05,0.0009017388698452,ENSRNA050029894,down,,
leaf,354.057563876569,-1.3694620940064,0.449187394317042,9.99546897565104e-05,0.0009040356358669,Solyc01g009760.3,down,,
leaf,17.0678018729912,1.60396906213236,0.548076253223913,0.0001022036214957,0.0009223052617239,Solyc06g007610.3,up,,
leaf,21.459872412475,1.11806134018513,0.364415411099908,0.0001022743369583,0.0009225300918112,Solyc08g013940.3,up,,
leaf,69.6370173032415,1.34819333892901,0.442770747431335,0.0001026961612645,0.0009250921646645,Solyc02g070780.3,up,,
leaf,12325.0908964536,-1.21784664421769,0.397821489237624,0.000104058741613,0.0009344410047126,Solyc10g086580.2,down,,
leaf,3.86851665736196,-1.8622163215414,0.692558614110945,0.0001041974555836,0.0009352696748508,Solyc09g014310.3,down,,
leaf,13.9624651805283,1.29332028752082,0.423929510033418,0.0001044652212099,0.0009364212219003,Solyc02g085310.3,up,,
leaf,7.78829358516315,1.69180777528089,0.593536633942036,0.0001046732643653,0.0009374517078024,Solyc02g068070.3,up,,
leaf,54.2399343120953,1.64800959736466,0.571380296697126,0.0001048891540061,0.0009385505730752,Solyc08g075920.3,up,,
leaf,203.006673923371,1.17796609278524,0.385340723026537,0.0001060101617978,0.0009473188460212,Solyc10g084150.2,up,,
leaf,218.506743422627,-1.03708250910737,0.34023915716456,0.0001073011858456,0.0009570872999513,Solyc02g089540.3,down,,
leaf,5.53249375236788,-1.33461740115114,0.440117433245964,0.0001073884072033,0.0009570872999513,Solyc03g034165.1,down,,
leaf,94.9525764840133,-1.37802953856144,0.456429548612495,0.000107726843585,0.0009588307925278,Solyc03g033410.3,down,,
leaf,16.2588481297461,-2.21388939559384,1.04954440561287,0.0001083613381331,0.0009632012677305,Solyc02g036240.1,down,,
leaf,8.89133974432619,-1.91030480356055,0.730613701698051,0.0001084760037426,0.0009633702237142,Solyc02g077360.1,down,,
leaf,57.8275196945086,1.20519424114981,0.395443670010486,0.000108620666586,0.0009642112243273,Solyc07g052207.1,up,,
leaf,6104.09638221159,-1.63649927238451,0.568787103130334,0.0001089675560252,0.0009646657435325,ENSRNA050029918,down,,
leaf,11.093023832247,-1.82756068866523,0.675893134852014,0.0001092396385524,0.00096622399834,ENSRNA050030434,down,,
leaf,4.11076970442375,-2.25431822301347,1.19130143086535,0.0001097762582946,0.0009702121081923,Solyc10g050550.2,down,,
leaf,160.69962516996,1.69793678769019,0.601687140669234,0.000110554981595,0.0009758044999059,Solyc09g011330.2,up,,
leaf,446.890123343148,-1.30468526463531,0.430839423103602,0.0001107352263037,0.0009765450648903,Solyc12g088170.2,down,,
leaf,17.3957677501938,-1.64124067511412,0.573291060732183,0.0001118314965176,0.0009840585420966,Solyc09g091060.3,down,,
leaf,2.70666558086933,-1.96791503617728,0.77920382597776,0.0001121526543332,0.0009861991043818,Solyc02g085880.2,down,,
leaf,7.81271332582296,-1.86449732968318,0.703261094698485,0.0001121726813692,0.0009861991043818,Solyc04g015110.3,down,,
leaf,52.9049968630222,-1.46413637285687,0.493360850816032,0.0001130219947828,0.0009927993976954,ENSRNA050029937,down,,
leaf,52.9049968630222,-1.46413637285687,0.493360850816032,0.0001130219947828,0.0009927993976954,ENSRNA050029938,down,,
leaf,4.71771560234632,-2.05715798976428,0.860713960513149,0.0001136721925742,0.0009980755461332,Solyc03g005500.1,down,,
leaf,39.0759153580971,-1.76439483787301,0.64227089931716,0.0001142654945929,0.0010028477525452,Solyc06g068900.3,down,,
leaf,17.7070747777781,-1.51377826118516,0.515645056348104,0.0001149753814093,0.0010077607190372,Solyc09g057760.3,down,,
leaf,125.833755200744,-1.15150154324541,0.37998531147125,0.0001150533351755,0.001008005340194,Solyc02g092470.3,down,,
leaf,318.345517017587,1.27025856693523,0.420492839503277,0.0001151097533642,0.0010080611531575,Solyc08g068790.2,up,,
leaf,56.9973803451851,1.00249283194545,0.331602236614888,0.0001154173129902,0.0010103153056273,Solyc01g111937.1,up,,
leaf,41.86289802959,-1.40197806449725,0.469663999696731,0.0001156218718288,0.0010116662651504,Solyc02g070820.1,down,,
leaf,3.72021497137928,1.97947428161027,0.794223517813803,0.0001159140615263,0.0010133424597494,Solyc01g079980.3,up,,
leaf,19.2571553123483,1.17265279620167,0.387419052479741,0.0001161437281446,0.0010149097493661,Solyc02g067010.3,up,,
leaf,27.5010073986199,-1.34942543393648,0.450026757674574,0.0001167518182785,0.0010188973673163,Solyc12g098900.2,down,,
leaf,79.2388152751244,-1.02779598277613,0.340250849079325,0.0001169550029515,0.0010202285272629,Solyc05g046310.3,down,,
leaf,33.1070521656998,1.99764039563544,0.812244744092122,0.0001175362139889,0.0010248547282101,Solyc10g079350.2,up,,
leaf,149.33989092902,-1.15434785756593,0.381856697466444,0.0001176539856736,0.0010254377236859,Solyc05g007800.3,down,,
leaf,1348.47316555396,1.16656018731409,0.386029958194857,0.0001179320676887,0.0010274168284545,Solyc07g008250.3,up,,
leaf,544.002126928026,1.40938406908595,0.474254407484297,0.0001189362048109,0.0010343752319955,Solyc08g067620.3,up,,
leaf,536.340516721585,1.7103554946482,0.616220881312611,0.0001200124256652,0.0010414865479315,Solyc07g055050.3,up,,
leaf,11.7027682052532,1.8503930909589,0.702862881654203,0.0001204600736199,0.0010449211037264,Solyc01g091230.3,up,,
leaf,19.1403278563965,-1.07814633446878,0.35791571100318,0.0001211468311795,0.0010491388406357,Solyc05g009130.3,down,,
leaf,894.856671867183,-1.37287145123611,0.46101518919172,0.0001211546491569,0.0010491388406357,Solyc10g054910.1,down,,
leaf,17.5296924070393,-1.30361680302193,0.435195314048179,0.0001215660664866,0.001052249123839,Solyc01g099880.3,down,,
leaf,3.06058568867607,-2.19842986577012,1.32267852674123,0.0001217607290961,0.0010534813597313,Solyc00g030510.3,down,,
leaf,43.8311543909185,1.56419697744792,0.542764547347611,0.0001219353263504,0.0010545390053034,Solyc05g013680.3,up,,
leaf,1447.41911930852,-1.62908984545332,0.574891626216392,0.000122594369174,0.0010584208246477,Solyc11g063520.1,down,,
leaf,37.9088690955054,1.48380926238532,0.507009254559097,0.0001226512940817,0.0010584585969988,Solyc11g011500.2,up,,
leaf,6.55907606071587,-1.59750921003112,0.559578936605175,0.0001232394651365,0.0010630789322399,Solyc04g054440.2,down,,
leaf,142.428773202857,-1.27472329223263,0.425481956729361,0.0001233642346783,0.0010636996639088,Solyc09g008660.3,down,,
leaf,60.5279135308427,-1.76457170724706,0.650761350056291,0.0001235469366714,0.0010648191692069,Solyc04g054257.1,down,,
leaf,197.584531252009,-1.40227951180307,0.473949422222388,0.0001240806592337,0.0010685047619862,Solyc09g005830.1,down,,
leaf,10.7539965343527,1.27036455516733,0.424499202902318,0.0001248106399027,0.001072498254659,Solyc07g063165.1,up,,
leaf,24.5018648711543,2.05514592183695,0.880270991261789,0.000124978312106,0.0010734810927248,Solyc09g062970.1,up,,
leaf,3.56181121891263,1.65955379542968,0.592940632929035,0.0001257441622999,0.0010789852958754,Solyc02g065290.1,up,,
leaf,9.16405368941922,1.8412068532804,0.702235233271961,0.0001258067323861,0.0010789852958754,Solyc05g009990.3,up,,
leaf,24.7623242081573,-1.42653587975414,0.484834950826183,0.0001262942649701,0.0010806368245664,Solyc02g068400.3,down,,
leaf,104.870353955191,-1.7930228073242,0.671271882804589,0.0001266552296095,0.001083265237705,ENSRNA050030531,down,,
leaf,20.0287896885696,1.86529685380253,0.723318684403563,0.0001297586902143,0.0011055835610393,Solyc07g056650.3,up,,
leaf,365.995500696467,-1.0905010411573,0.364799723271553,0.0001302931923398,0.0011084855744015,Solyc06g060760.3,down,,
leaf,196.155495264326,1.27518014316438,0.428405328751481,0.000130319424098,0.0011084855744015,Solyc10g049600.2,up,,
leaf,315.886576706297,1.43374077304393,0.490065982291828,0.0001308886562885,0.0011123878966088,Solyc06g052070.3,up,,
leaf,10.6073002654081,-1.62609370785913,0.579163637488526,0.0001311372313284,0.0011140304147691,Solyc01g106920.3,down,,
leaf,184.170912179874,1.06881166648252,0.358536129808648,0.000133444435931,0.0011326750225546,Solyc03g007920.3,up,,
leaf,152.587343617679,-1.2031252904449,0.404675549238233,0.0001354620404972,0.0011464186637375,Solyc10g078260.2,down,,
leaf,548.977628881879,-1.29599325118078,0.438208704013262,0.0001358758214883,0.0011484728478466,Solyc10g018120.2,down,,
leaf,682.510848265649,1.83381695475133,0.707493625298329,0.0001360497986337,0.001148979054122,Solyc01g087800.2,up,,
leaf,7.71122091655111,1.34493992775568,0.456955184711072,0.0001363858794288,0.0011513346116747,Solyc06g069220.1,up,,
leaf,696.199530198657,1.52382517498933,0.533337365112597,0.0001381051112128,0.0011643839054202,Solyc05g050350.2,up,,
leaf,1.5219347702038,-2.00703941275514,0.855581573621415,0.0001392686051913,0.0011727208385302,Solyc07g014660.2,down,,
leaf,15.9340581049081,-1.08628050821785,0.366297388408712,0.0001401802834737,0.001179904416936,Solyc04g072890.3,down,,
leaf,33.3007168670998,-1.14947470486521,0.388398364110617,0.0001424681589434,0.0011961624249431,Solyc07g042000.3,down,,
leaf,242.704772193222,1.2274530369038,0.415700588364748,0.0001425477015315,0.0011963315851033,Solyc12g006460.2,up,,
leaf,5768.42742729376,-1.60456708015588,0.575460459258457,0.0001427182989246,0.001197264463532,ENSRNA050029895,down,,
leaf,20.7344786456169,-1.20765475702923,0.408821855191991,0.0001430133351657,0.0011987409891422,Solyc02g079290.3,down,,
leaf,64.852654817454,1.00374921091293,0.339669046848391,0.0001438062395252,0.0012033839952294,Solyc02g092980.3,up,,
leaf,184.440479330634,-1.13364665929725,0.383571593673581,0.0001444286216933,0.0012074338848836,Solyc03g007030.3,down,,
leaf,76.6345880708199,-1.13144232207092,0.382818872699881,0.0001444309128186,0.0012074338848836,Solyc10g086440.2,down,,
leaf,72.4132655131174,1.45669012528074,0.506979043624242,0.0001457137430577,0.0012158103615035,Solyc04g078730.2,up,,
leaf,10429.9870033344,-1.24642578252042,0.424310432911165,0.0001476765554141,0.0012281177453148,Solyc02g089610.2,down,,
leaf,113.89060754609,1.12222698513722,0.380681603748262,0.0001478793834932,0.0012287898276898,Solyc10g018340.1,up,,
leaf,10.400477679884,-1.31612517483737,0.450426594118078,0.0001478652067652,0.0012287898276898,Solyc10g081740.2,down,,
leaf,40.6067039510537,-1.46090433839543,0.509982164236448,0.0001481512131218,0.0012305409215255,Solyc01g111250.3,down,,
leaf,20.5665322225436,1.13726642325468,0.386226552591001,0.0001491982443552,0.0012361789542587,Solyc02g037540.2,up,,
leaf,11.0745115870756,-1.74411110104662,0.659435370922671,0.0001491632935538,0.0012361789542587,Solyc04g011600.3,down,,
leaf,94.8419888574118,-1.19840921052737,0.407501911839708,0.0001489885409304,0.0012361789542587,Solyc09g091910.2,down,,
leaf,20.8829886004578,-1.22279432756234,0.416245741864794,0.0001491170877038,0.0012361789542587,Solyc12g010800.2,down,,
leaf,135.608442819931,-1.3175562316252,0.451940368603217,0.0001504089589652,0.0012451858822348,Solyc01g096250.2,down,,
leaf,465.261727844343,-1.18528848022514,0.4034165589761,0.0001507361669843,0.001247382035907,Solyc11g011440.1,down,,
leaf,84.050203030826,1.47362788669069,0.517010195355222,0.0001510319445587,0.0012490535912308,Solyc01g091490.3,up,,
leaf,23.0234330005819,1.65127914985117,0.605777428311306,0.0001511241982836,0.0012490535912308,Solyc07g043500.1,up,,
leaf,35.3276916605612,-1.58832778207154,0.572095036499746,0.0001511023177109,0.0012490535912308,Solyc12g006130.2,down,,
leaf,9.43656226839823,1.57803866334629,0.566960121673248,0.0001513074337015,0.0012500550982837,Solyc10g078680.2,up,,
leaf,1012.05613145721,1.35265284257631,0.466312930060369,0.0001519965742488,0.0012536916455856,Solyc01g100200.3,up,,
leaf,62.7167573294704,-1.01356812659599,0.345704031714943,0.0001549570671174,0.0012760201332297,Solyc12g094410.2,down,,
leaf,484.351539607123,1.12705220052,0.384731874179532,0.0001562729076591,0.0012842304798333,Solyc05g052040.1,up,,
leaf,33.6864482460275,1.90421906552671,0.786922691981954,0.000159536888812,0.0013051957816618,Solyc01g080600.3,up,,
leaf,13.9398991485604,-1.38233307600898,0.481575107819565,0.0001600592578866,0.0013089377070047,Solyc00g278110.3,down,,
leaf,31.1486504329365,1.44576698501872,0.509201426595647,0.0001611310139982,0.0013166332186423,Solyc09g066150.1,up,,
leaf,135.888836384291,1.33734980291717,0.464048145089077,0.0001620427190529,0.0013219378076809,Solyc11g071460.2,up,,
leaf,8.90858034573664,-1.20751241397478,0.414890661595232,0.0001621746473236,0.0013224784398355,Solyc09g098265.1,down,,
leaf,93.5742230872808,2.08806791750793,1.00975455099491,0.0001625436138682,0.0013249508176987,Solyc01g066680.3,up,,
leaf,11.8047929378339,-1.61384494756968,0.592824527233856,0.0001636090087466,0.0013314798602727,Solyc01g109480.3,down,,
leaf,128.089848375634,1.15220356859774,0.396015587386925,0.0001651894904464,0.0013400107597954,Solyc08g080380.3,up,,
leaf,17.3001300355454,1.09967745979671,0.378407956173954,0.0001680567776978,0.0013583465555338,Solyc05g023770.3,up,,
leaf,305.507439062228,-1.59069109773892,0.583147699471584,0.0001685552495157,0.0013607374091165,Solyc03g063480.2,down,,
leaf,7.30660774556914,-1.22555286518458,0.42362435067403,0.0001691632667315,0.0013645520698866,Solyc06g071080.3,down,,
leaf,13.7888823372668,-1.85750110391929,0.758933874054421,0.0001701956236238,0.0013706838268817,Solyc04g080530.3,down,,
leaf,16.9712682288275,1.63904402664445,0.611269841875296,0.0001710807194847,0.0013761612826925,Solyc09g075350.3,up,,
leaf,267.525020329011,-1.27261779757405,0.441937822886525,0.0001711670414317,0.0013763060073926,Solyc09g073030.3,down,,
leaf,4.29434425519309,-1.68923823755064,0.641400724785237,0.0001716912268226,0.00137941950166,Solyc11g006140.1,down,,
leaf,177.167124845239,1.70085931589116,0.64865469648843,0.0001717598870561,0.0013794209111181,Solyc02g069490.3,up,,
leaf,8.36428085210624,-1.22807456929141,0.42569444759643,0.0001728997186493,0.0013869160227141,Solyc01g066710.3,down,,
leaf,2.65304624365957,-2.08023509906625,1.31864338780812,0.000173163011176,0.0013884750681163,Solyc03g078260.3,down,,
leaf,63.6888292556151,1.62599474654246,0.605905274166621,0.0001745833981087,0.0013965285165634,Solyc03g113680.3,up,,
leaf,23.4780733375672,-1.93555136976335,0.835804483410873,0.0001760147207886,0.0014063024617714,Solyc07g053900.2,down,,
leaf,1964.91591901426,-1.08216104270176,0.374811911453214,0.0001781294646835,0.0014209440307551,Solyc02g092790.3,down,,
leaf,27.187341385381,-1.30148051169877,0.455741687435933,0.0001790509449121,0.0014277292685751,Solyc09g075470.2,down,,
leaf,36.9358478467714,1.8173823480316,0.73815410322535,0.0001824159183103,0.001448825483678,Solyc06g071330.3,up,,
leaf,12.2363410135997,-1.20211658240461,0.418987439134007,0.0001828833403243,0.0014503956553237,Solyc02g088395.1,down,,
leaf,1363.75949921935,1.21828472883838,0.425009618000056,0.0001829427332135,0.0014503956553237,Solyc02g093270.3,up,,
leaf,222.851266407068,-1.1519569218828,0.400732303578845,0.0001829736550579,0.0014503956553237,Solyc06g011350.3,down,,
leaf,5.60342657437007,-1.47345806114584,0.531500540554053,0.000183408181135,0.0014532681291987,Solyc01g104110.3,down,,
leaf,26.7008775582913,-1.35052878590979,0.477170601325556,0.0001836310760184,0.0014538903825324,Solyc08g083370.3,down,,
leaf,55.9302670594982,1.40336580072406,0.500016013112333,0.0001844549103029,0.0014592658300559,Solyc01g080070.3,up,,
leaf,470.556661887688,-1.19576075700602,0.417603235544122,0.0001863561345445,0.0014731496318666,Solyc02g085020.3,down,,
leaf,132.772423576156,1.10689063411277,0.385532070849687,0.0001865112102472,0.001473797095645,Solyc02g090560.3,up,,
leaf,6.05756167516375,-1.81289659282315,0.738273389080022,0.0001866420185059,0.0014742523673517,Solyc11g063600.2,down,,
leaf,80.2803226252659,1.22216157072669,0.427729405849869,0.0001873732914912,0.0014777105862239,Solyc07g006420.1,up,,
leaf,84.3753863678398,1.71713029653376,0.670686395932698,0.0001888791367228,0.0014884208027667,Solyc11g006250.2,up,,
leaf,1223.26093258126,-1.37701526153665,0.490532604512996,0.0001897742184653,0.0014948894440081,Solyc09g010380.3,down,,
leaf,20.6699838041182,-1.11966966409761,0.390997604811636,0.0001902929513023,0.0014978040739088,Solyc11g006290.2,down,,
leaf,715.44061285162,1.32633447243049,0.470034951336459,0.0001920835709122,0.0015083615147424,Solyc10g052880.1,up,,
leaf,75.4038020145797,1.70924642290613,0.66865182070851,0.0001937362135881,0.001519228969676,Solyc06g075050.2,up,,
leaf,32.1949556693405,-1.28108727354338,0.452330603916406,0.000193769199836,0.001519228969676,Solyc11g011800.2,down,,
leaf,159.259369124217,1.17891945502634,0.414722664005184,0.0001989842232991,0.0015522618999581,Solyc01g094010.3,up,,
leaf,100.741722664064,-1.72015333767579,0.679750384699976,0.0001993854589891,0.0015547897464031,Solyc07g042400.2,down,,
leaf,8.50703655130682,1.883444927286,0.812504390871884,0.0002003878993108,0.0015595877387628,Solyc07g053820.3,up,,
leaf,789.796947826795,1.75238932705744,0.703510004097346,0.0002007713897436,0.0015619688421072,Solyc11g018805.1,up,,
leaf,358.186557819745,1.08821440103088,0.382350461673869,0.0002014539930831,0.0015654863303739,Solyc04g015340.3,up,,
leaf,21.4011511473632,-1.85824946297762,0.790252135005212,0.0002017449365731,0.0015671216785409,Solyc10g018200.2,down,,
leaf,52.7663622862257,1.25767683383288,0.445570959588482,0.0002021269200094,0.0015688787756572,Solyc10g086500.1,up,,
leaf,18.1176661185803,-2.0248837370839,0.999340028251416,0.0002035399902842,0.0015780225112802,Solyc06g060870.1,down,,
leaf,28.8014015737783,1.79906398391547,0.741727042093076,0.0002040754997726,0.0015815654930434,Solyc01g107730.3,up,,
leaf,366.780980570354,1.36666066167338,0.491422082241799,0.0002052820250051,0.0015884712053988,Solyc05g053100.3,up,,
leaf,417.960786615789,-1.17055407456285,0.413304095121428,0.0002056666605125,0.0015902256721859,Solyc02g090450.3,down,,
leaf,110.102344969366,1.54695628531898,0.579112758375865,0.000207443614706,0.0016015060511341,Solyc10g084320.2,up,,
leaf,47.8910985861279,-1.73261259765701,0.694081923458773,0.000207757643616,0.001602088230365,Solyc01g105360.3,down,,
leaf,360.10274191147,-1.13182222993782,0.399528135059265,0.0002077051374697,0.001602088230365,Solyc03g115850.3,down,,
leaf,160.821053000949,1.7537777827622,0.709481369828139,0.0002077114557626,0.001602088230365,Solyc04g015620.3,up,,
leaf,1023.68030980126,1.89164892622791,0.828661025753821,0.000207911352831,0.0016026599574137,Solyc08g079900.2,up,,
leaf,1.08805854034371,-2.05716749165962,1.11506612651388,0.0002100027487167,0.0016163069792332,Solyc04g081000.3,down,,
leaf,28.5335772165766,-1.80001682393832,0.748439441753315,0.0002114652440236,0.0016238402383239,Solyc11g005985.1,down,,
leaf,9.78598492137023,-1.66208828401476,0.650848988758122,0.0002153208592224,0.0016521877129365,Solyc02g089480.1,down,,
leaf,786.383547213619,-1.02157267201615,0.36152654766707,0.0002157884801486,0.0016551453035622,Solyc01g103470.2,down,,
leaf,31.5526618161154,1.0498830740442,0.371783257324052,0.0002163865709136,0.0016591009940401,Solyc06g053780.3,up,,
leaf,68.2784206582008,1.06571843515905,0.377569363443024,0.0002168386123361,0.0016619342959186,Solyc06g072660.3,up,,
leaf,125.553825330116,-1.54001022804409,0.581079500908094,0.0002203074846321,0.0016859549222877,ENSRNA050029812,down,,
leaf,265.48808232914,1.29537399951986,0.466379330772682,0.0002218704249383,0.0016959825803064,Solyc02g062890.2,up,,
leaf,35.7190900465817,1.0070935378421,0.357535117416863,0.0002221098810979,0.0016971689017732,Solyc07g062270.3,up,,
leaf,1152.4386238732,1.00069737020459,0.355497326771132,0.000223518829512,0.0017065456664869,Solyc09g014860.3,up,,
leaf,190.079361623134,1.12438733661418,0.400655804016932,0.0002248200406434,0.0017139762523244,Solyc12g098850.2,up,,
leaf,8.65366381684825,1.8635010551782,0.818465683230195,0.0002256289721109,0.0017181923464114,Solyc01g101180.3,up,,
leaf,63.1572131961412,1.80055063127063,0.761456261208912,0.0002272296677933,0.0017288189153165,Solyc07g043480.1,up,,
leaf,38.1425243834113,1.0492176904929,0.373710751487838,0.0002273674917639,0.0017288189153165,Solyc10g052500.2,up,,
leaf,4.04453876881873,1.47251898180058,0.548749647982217,0.0002276200438706,0.0017300841221291,Solyc10g086450.1,up,,
leaf,6.25988677740173,-1.73365577704376,0.708665189090462,0.0002285357690909,0.0017363890837532,Solyc11g006240.1,down,,
leaf,354.65907906294,1.16987297920208,0.41883137186988,0.0002298588268464,0.0017451249492427,Solyc08g079420.3,up,,
leaf,102.041215913676,1.54333150135741,0.587310321543765,0.0002305081406297,0.0017474200107508,Solyc11g072860.2,up,,
leaf,6.24283919047839,-1.47112859408739,0.549278186015804,0.0002308889220517,0.001748950317486,Solyc10g083900.2,down,,
leaf,137.893188485356,-1.64259042971651,0.646973663735952,0.0002312845081641,0.0017506698847958,ENSRNA050030528,down,,
leaf,250.26904457001,1.17605720057415,0.421816852509748,0.0002325812773829,0.0017591633830446,Solyc09g074230.3,up,,
leaf,7.14285227653546,-1.93373417544874,0.908585538721007,0.0002334522501992,0.0017650882971143,Solyc07g052650.2,down,,
leaf,30.009263126097,1.99364924958695,1.01095037967015,0.0002347819183631,0.0017711525841462,Solyc03g083990.1,up,,
leaf,23.5795676835333,1.2704222606394,0.45980153961332,0.0002353173423693,0.0017738629902705,Solyc09g082220.1,up,,
leaf,6.13387179744827,1.33753284967788,0.488374645211839,0.0002359854431471,0.0017782337433104,Solyc09g031910.2,up,,
leaf,1461.86401894012,-1.64869291491206,0.653772908514189,0.0002366492613,0.0017819025873289,Solyc04g072280.3,down,,
leaf,62.9803630049885,1.33141305297167,0.486045563498774,0.0002371386314653,0.0017849201475992,Solyc08g067180.3,up,,
leaf,299.847494960667,-1.50628582816793,0.571062597189509,0.0002401042505963,0.0018005137064451,Solyc11g027760.1,down,,
leaf,76.1243062867391,-1.23197178569275,0.445493647461588,0.0002402560477518,0.0018009815086781,Solyc01g099290.3,down,,
leaf,74.251641569762,1.23309835037486,0.44611988742457,0.0002409687104559,0.0018033840441191,Solyc09g072810.3,up,,
leaf,32.0460110785017,-1.20478782193332,0.43656099542655,0.0002480817856911,0.0018493202544009,Solyc02g066800.2,down,,
leaf,10.9757808641539,1.48682132192342,0.564012409887013,0.0002487340202329,0.0018528108859212,Solyc01g098985.1,up,,
leaf,3.52255188524602,-1.98371850283275,1.26714199225874,0.000249801331928,0.001858012713329,Solyc02g067450.3,down,,
leaf,2.82374147756297,1.43545763340181,0.538348767859166,0.0002503413581951,0.0018613420586068,Solyc02g079080.2,up,,
leaf,3.37161347189687,1.60028345121345,0.630748738125396,0.0002528439678184,0.0018785625967539,Solyc04g009780.1,up,,
leaf,20.736919786584,1.42331540911571,0.533272432769364,0.0002530527757679,0.0018794207262234,Solyc12g011040.2,up,,
leaf,2.90091971067778,-1.705590155828,0.703363428970713,0.0002538725245737,0.0018841195246738,Solyc11g005610.1,down,,
leaf,223.009294832855,-1.52888421646087,0.588947310225102,0.0002540333886489,0.0018846189739106,ENSRNA050029646,down,,
leaf,1005.58041015868,1.52691144510285,0.587968338538298,0.0002543596985146,0.0018863450101187,Solyc10g076240.2,up,,
leaf,41.3155143269657,1.13287204228821,0.410499414235696,0.0002564531507309,0.0018990732948616,Solyc03g032040.3,up,,
leaf,134.896568476467,1.07975754765781,0.390906420218178,0.0002587593923858,0.0019154471449595,Solyc12g005040.2,up,,
leaf,1722.63597538353,1.29779772060904,0.478024172127964,0.0002609211607219,0.001928614318995,Solyc06g074530.1,up,,
leaf,14.1382721093711,1.111617667013,0.40355025254696,0.0002621703037922,0.0019351907000017,Solyc02g079310.2,up,,
leaf,51.6842917368433,1.60877789536203,0.641233343636088,0.0002638597638334,0.0019467631366791,Solyc01g079110.3,up,,
leaf,7.95407188638171,-1.53693690239223,0.59762150721133,0.0002643233303232,0.0019473904773814,Solyc09g007880.1,down,,
leaf,302.166513847554,1.0458795088867,0.379276763772533,0.0002643315244345,0.0019473904773814,Solyc11g011180.2,up,,
leaf,34.3090889550298,1.01883261247935,0.369208509589562,0.0002641664117312,0.0019473904773814,Solyc12g006220.2,up,,
leaf,3.58584372980957,-1.94087507263528,0.971681617452557,0.0002671623389775,0.0019638616462161,Solyc05g006310.2,down,,
leaf,1881.39225672427,-1.33426462714074,0.496163831904545,0.0002687262518126,0.0019725525379047,ENSRNA050029905,down,,
leaf,746.378909859059,-1.24957069604204,0.459906625900328,0.0002703136993064,0.0019827598439297,Solyc08g036640.3,down,,
leaf,21.4062967120556,1.05909326056208,0.385378218739978,0.0002710041354073,0.0019871005807695,Solyc03g007290.3,up,,
leaf,69.3818351534045,-1.39338120517952,0.525131338526532,0.0002736450927993,0.0020020920665324,Solyc03g112390.3,down,,
leaf,144.383855872288,-1.23326518117758,0.454111193743979,0.0002745053705388,0.0020061999903462,Solyc03g032090.1,down,,
leaf,13.7107515839293,-1.34126322687146,0.500878815400945,0.0002744139993581,0.0020061999903462,Solyc04g072760.3,down,,
leaf,102.042091240305,-1.23000291612944,0.453062118927731,0.0002758183546508,0.0020150646715187,Solyc02g092145.1,down,,
leaf,711.647241859905,-1.06753061176657,0.389536535912213,0.0002766308117038,0.0020188035541083,Solyc09g082660.3,down,,
leaf,3.39161594373281,-1.5250182913939,0.595712062348903,0.0002771547131288,0.0020218943251871,Solyc01g097825.1,down,,
leaf,10.6380796506209,1.65483491092975,0.679207575277709,0.0002777356430508,0.0020235757647736,Solyc04g070980.3,up,,
leaf,19.43472177697,-1.16545113726733,0.427461333712299,0.0002777870613444,0.0020235757647736,Solyc11g010940.2,down,,
leaf,233.842791963132,1.08330064865941,0.396016436451268,0.0002795066502124,0.0020331610504074,Solyc01g096040.3,up,,
leaf,205.696107755273,-1.37315710377907,0.517366441696133,0.0002803065688501,0.0020382436497399,Solyc09g097760.3,down,,
leaf,4.94142266593872,-1.94409877241037,1.00713868704251,0.0002819927827077,0.0020475481720615,Solyc01g067370.3,down,,
leaf,30.6660982659824,1.61249777961512,0.652266785382891,0.0002825965832871,0.0020511929299351,Solyc03g115050.3,up,,
leaf,12.706650293128,1.67539793258404,0.697698321896621,0.0002843020817766,0.002060440069235,Solyc12g007020.2,up,,
leaf,179.729634746357,-1.05901828677575,0.387709233226887,0.0002847160956806,0.0020621185182306,Solyc04g072920.3,down,,
leaf,11.7236416570381,-1.49667128458828,0.582848253268792,0.0002860916135894,0.0020705919083433,Solyc04g007810.1,down,,
leaf,115.063144167495,1.44569869570131,0.555577174366092,0.0002871023174349,0.0020764146778363,Solyc11g066680.2,up,,
leaf,14.3504082272564,-1.38524381791377,0.525520981427282,0.0002885634219906,0.002085484192944,Solyc08g062340.3,down,,
leaf,3.07883775092403,1.24714999044841,0.46350792343775,0.0002904242283805,0.0020974273245036,Solyc05g054670.3,up,,
leaf,29.4917808883603,-1.03150292448051,0.37909891189664,0.000295793664837,0.002128819508949,Solyc01g057275.1,down,,
leaf,59.0956770127784,1.30929956701379,0.491837761205238,0.0002955417201475,0.002128819508949,Solyc05g013450.3,up,,
leaf,603.131193601395,-1.08350133693379,0.399056302024767,0.0002964936834345,0.0021320870302527,Solyc09g091510.3,down,,
leaf,109.8872148304,-1.01514068574588,0.373472559764279,0.0002994906639568,0.0021505671848198,Solyc03g111120.3,down,,
leaf,2619.65599428977,-1.29325190708953,0.485715281724249,0.0002999532214474,0.0021531210927992,ENSRNA050030066,down,,
leaf,54.278264210691,-1.29765521384864,0.488079131515657,0.000301624166505,0.0021635733481993,Solyc01g005400.3,down,,
leaf,370.563663694671,-1.05736637248018,0.390035483098975,0.0003025569286752,0.0021687194510239,Solyc07g064820.1,down,,
leaf,36.3807862358904,1.01046061173911,0.372242071642931,0.0003030794933862,0.0021709200411759,Solyc04g005430.3,up,,
leaf,18.1483818251807,-1.23499657240869,0.461243848860204,0.0003035866540735,0.0021737181894581,Solyc04g080520.1,down,,
leaf,12.034744429645,-1.41977733484759,0.547495367276038,0.0003047250128385,0.0021803805359123,Solyc04g080510.3,down,,
leaf,5.92447778630209,1.15952503123069,0.430428639643957,0.0003050055309875,0.0021805576085235,Solyc02g089040.3,up,,
leaf,118.859938265142,-1.01764271695554,0.375272830106715,0.0003050745378224,0.0021805576085235,Solyc03g059390.3,down,,
leaf,111.482956981928,1.7381855073166,0.761848986622397,0.0003058920336512,0.0021856251655917,Solyc11g022590.1,up,,
leaf,8.55571071764044,-1.68029635631533,0.714147541492169,0.0003082512599016,0.0022001406367609,Solyc03g058910.3,down,,
leaf,9.49350216920647,-1.8328149567552,0.863673355717039,0.000309173388379,0.0022051594860944,Solyc00g020020.2,down,,
leaf,17.7896273152082,-1.94178934805197,1.08413725089427,0.0003100024151607,0.0022084062289405,Solyc01g103860.3,down,,
leaf,10.4601357072392,-1.53965681749831,0.61676154679665,0.0003100097349167,0.0022084062289405,Solyc11g056637.1,down,,
leaf,2.95656598170563,-1.83089601796871,0.867702406437068,0.0003160518487396,0.0022430994846069,Solyc03g120020.3,down,,
leaf,6326.05775081891,1.54117790801911,0.620518244976263,0.0003176031579325,0.0022509369483028,Solyc03g005760.1,up,,
leaf,29.8967321191736,1.02748250897646,0.380943766047155,0.0003177464262565,0.0022511602242913,Solyc07g008810.1,up,,
leaf,8.48794031040825,1.10561209757785,0.41144180504181,0.0003187111420693,0.0022568141439721,Solyc03g005180.1,up,,
leaf,1721.29860952636,-1.39822293835097,0.540795269275776,0.0003200531615701,0.0022651127127007,Solyc03g098740.1,down,,
leaf,1.84896021623103,1.77210051429579,0.804842690136381,0.0003211467803157,0.002271256477921,Solyc10g078235.1,up,,
leaf,17.1152841158632,1.10733764344374,0.41283455736735,0.0003229330758652,0.0022822870224836,Solyc02g093935.1,up,,
leaf,73.0732812752388,-1.00909157629125,0.374985070568746,0.0003253153821829,0.0022942935672023,Solyc12g043030.2,down,,
leaf,3.22791283939224,-1.89117660668518,0.977094880841909,0.0003281200610594,0.0023108371572937,Solyc10g049750.2,down,,
leaf,5.57532044260897,-1.65035107081465,0.701079797956228,0.000329075416022,0.0023159458523812,ENSRNA050030007,down,,
leaf,4.58751150876823,-1.26039307081945,0.478164319436803,0.0003313826911108,0.0023289288780024,Solyc04g009515.1,down,,
leaf,1955.80044634015,-1.37211314230569,0.530950075631215,0.0003326268046365,0.0023352279884941,Solyc02g089620.3,down,,
leaf,61.5871424630406,-1.05063810245884,0.392661520648859,0.0003361226732458,0.0023556655826438,Solyc12g009630.2,down,,
leaf,10.3323223920037,-1.02089534105307,0.381159973609444,0.0003366112583355,0.0023582692053548,Solyc02g063170.3,down,,
leaf,21.3002779516831,1.31975727660243,0.506640489527802,0.0003373148084864,0.0023623765203527,Solyc06g006010.2,up,,
leaf,2.93492089508469,-1.51978758137084,0.61521836800276,0.0003401631837291,0.0023798426004417,Solyc02g091130.3,down,,
leaf,14.1718559519292,-1.39440221465757,0.544522518773359,0.000341144777069,0.0023850531411751,Solyc01g060260.3,down,,
leaf,11.6530980585183,-1.74735472441712,0.794763584047825,0.0003435670306048,0.0024003215853077,ENSRNA050030039,down,,
leaf,5067.6646307354,1.12000923790869,0.42152645014997,0.0003447646901709,0.0024053459440544,Solyc01g111980.3,up,,
leaf,4.74043433272477,1.6120241289313,0.679327520106582,0.0003450507842756,0.0024056811688751,Solyc11g064840.1,up,,
leaf,51.7926975859681,1.27766198215605,0.489514266341538,0.0003482851111875,0.002423659888541,Solyc04g070983.1,up,,
leaf,222.66221888791,-1.2412782264602,0.473464681897258,0.0003497043576418,0.0024305538894486,Solyc04g078140.3,down,,
leaf,210.346693547283,-1.26891563314619,0.486083094706782,0.0003509097515445,0.0024372497295211,Solyc08g080040.3,down,,
leaf,7.12753880643036,-1.64773780277461,0.710189265595383,0.0003527487782574,0.0024466480343189,Solyc12g096400.2,down,,
leaf,67.3908781072168,-1.14414754536694,0.432997987490122,0.0003545621368847,0.0024549984740916,ENSRNA050029745,down,,
leaf,107.747307131664,1.68722199037121,0.74484241002064,0.0003555890707188,0.0024612629080475,Solyc07g043460.3,up,,
leaf,397.154030569502,1.85314942668835,0.94674774903158,0.0003584656826309,0.0024769179346665,Solyc08g074680.2,up,,
leaf,8.68470607961044,1.3806051186482,0.541958544179972,0.0003589473806351,0.0024785458144509,Solyc03g120660.3,up,,
leaf,4.03371028811621,1.47859613724389,0.596533056130981,0.0003598000366686,0.00248188093787,Solyc08g042030.2,up,,
leaf,23.1452481191745,1.01946145522187,0.383860355467494,0.0003599938466563,0.0024823677026194,Solyc04g082750.3,up,,
leaf,1549.99398357053,1.12017371298545,0.424311619441244,0.0003615474080561,0.0024922272050197,Solyc04g005160.2,up,,
leaf,7.64004983823477,-1.35387895363976,0.529187527025399,0.0003625038404953,0.0024971109286108,Solyc07g063470.1,down,,
leaf,4.74311150556044,1.55587072626796,0.64703286484828,0.0003639712226591,0.0025037938411203,Solyc02g077520.3,up,,
leaf,119.025887574676,-1.12718811869923,0.427817744944748,0.000365510178382,0.002510094106025,Solyc04g076480.3,down,,
leaf,1001.41135932049,1.21493097623806,0.465177976733793,0.0003668945127237,0.0025171496476397,Solyc06g036310.3,up,,
leaf,10.2943840274915,-1.17234950584284,0.446839095416966,0.0003667301523947,0.0025171496476397,Solyc09g007460.3,down,,
leaf,8.10509847181734,-1.70325223274284,0.76633639110006,0.0003682267316486,0.0025253056959029,Solyc03g111130.1,down,,
leaf,515.799369029517,-1.015943905641,0.38365226300654,0.0003687262167691,0.0025272811739359,Solyc06g053260.1,down,,
leaf,413.725311808905,-1.08011279508538,0.409249884053075,0.0003691475500286,0.0025290373988698,Solyc09g065550.3,down,,
leaf,10.644713872353,1.20099200504452,0.45957316165731,0.0003694275734713,0.0025300952685684,Solyc06g074370.2,up,,
leaf,17.598242944991,-1.20598336839119,0.461771498358768,0.0003696042519675,0.0025304448820973,ENSRNA050029789,down,,
leaf,37.6977836942815,-1.12972782413193,0.43025426527484,0.0003742249236469,0.0025586009545475,Solyc02g082613.1,down,,
leaf,84.4260837261942,-1.35139536814872,0.531258212903176,0.0003766802886685,0.0025718963980886,Solyc04g081810.3,down,,
leaf,21.164005812298,-1.39861489921953,0.557057156356432,0.000381050889823,0.0025990948265544,Solyc10g074800.2,down,,
leaf,2.14526054064809,1.29029861852005,0.50244462712115,0.000382044155044,0.0026049876001685,ENSRNA050029701,up,,
leaf,28.7094768514351,-1.7628372455681,0.842939835668599,0.0003887628039597,0.0026467351464025,Solyc01g096720.3,down,,
leaf,150.913048256644,-1.19158456152541,0.459395397393395,0.0003917576054835,0.0026631055314377,Solyc03g111100.1,down,,
leaf,11.8965882526358,1.54790924202174,0.651749030730085,0.0003927334758755,0.0026661400981076,Solyc01g089910.3,up,,
leaf,51.1632931144947,-1.28244929013087,0.500877860184419,0.000392719500056,0.0026661400981076,Solyc03g005320.3,down,,
leaf,574.904927796405,-1.0464899933553,0.399067045616852,0.0003929315821029,0.0026665862286785,Solyc09g074570.1,down,,
leaf,21.022251158787,1.81756429025306,0.924657064772281,0.000393192867868,0.002667460675176,Solyc09g075900.3,up,,
leaf,4.60516214690862,1.6637268277464,0.743056455304236,0.0003935335141356,0.0026688727413196,Solyc01g104230.3,up,,
leaf,34.3609029752668,1.19691975097163,0.463578296254065,0.0004025745268493,0.0027192005767268,Solyc12g013700.2,up,,
leaf,14.1309459138621,1.07956223201014,0.413848910088112,0.0004027484591483,0.0027194634475918,Solyc01g103960.3,up,,
leaf,3.12381025433471,1.55822365720198,0.665522606620881,0.0004112364391282,0.0027674989498569,Solyc02g071080.2,up,,
leaf,5.32385124024936,-1.30960609380959,0.517844236195245,0.0004114254779028,0.0027678463513421,Solyc10g084265.1,down,,
leaf,24.9062280546806,1.24048795816535,0.485176537242695,0.0004135997721889,0.0027805814466891,Solyc04g015470.3,up,,
leaf,22.9733352410252,1.08186396102444,0.417255678415232,0.0004205673026989,0.0028199289650341,Solyc08g066530.3,up,,
leaf,33.5087327577837,-1.49817732235735,0.627580799418707,0.0004221188285551,0.0028293753252858,Solyc01g108350.3,down,,
leaf,10.5727453325638,1.41344767197936,0.576672478261393,0.0004265341847478,0.0028532546932818,Solyc02g038690.1,up,,
leaf,3.41965936252972,1.75310227084741,0.858201917891075,0.0004268124511398,0.0028532546932818,Solyc02g090960.1,up,,
leaf,1.55072836858835,-1.83768413150178,1.18840929560843,0.000429899850359,0.0028700837871834,Solyc04g081840.3,down,,
leaf,12.1869517356854,-1.25527007299737,0.495325833012562,0.0004314948722295,0.0028797779047207,Solyc12g036670.1,down,,
leaf,74.3574552690425,1.08287313118005,0.419181985171842,0.0004317011135502,0.0028802000096483,Solyc06g069650.3,up,,
leaf,429.951468049435,-1.23304441551505,0.485625545844905,0.0004357578099975,0.0029034183952927,Solyc01g090210.3,down,,
leaf,26.8293432157081,1.41806254989861,0.582232996700765,0.0004382264696963,0.0029151204854199,Solyc03g007050.3,up,,
leaf,82.1587214704334,1.15129436888482,0.449537631001716,0.0004402028860927,0.0029246813411444,Solyc12g049360.2,up,,
leaf,85.3416402153644,1.5020124029273,0.635685962212305,0.0004407315150213,0.0029259110664335,Solyc12g094610.2,up,,
leaf,2505.6482445062,1.65827368109384,0.760624557901121,0.0004409502156393,0.0029263984327537,Solyc03g005770.2,up,,
leaf,4.21098205964221,-1.67390407463796,0.777160763580822,0.0004432596459405,0.0029386420953282,Solyc02g014220.3,down,,
leaf,27.7960230462406,1.24507775559676,0.492946750231637,0.0004453692732318,0.0029488471019591,Solyc04g080490.3,up,,
leaf,2.21318870886181,1.58208955421091,0.695960763183962,0.0004455040081055,0.0029488471019591,Solyc11g072080.1,up,,
leaf,16.0859574323137,-1.09048386623679,0.424458936813969,0.0004472827606248,0.0029577049784985,Solyc12g042120.2,down,,
leaf,16.0454843899402,1.21704537170327,0.480199353556101,0.0004476054805096,0.002958867603684,Solyc01g057310.3,up,,
leaf,167.295361546291,-1.06894108936746,0.416176484736291,0.0004532706216798,0.0029884703312194,Solyc05g010060.3,down,,
leaf,73.758023065667,1.48349755000099,0.627834274105906,0.0004565017677792,0.0030078045818152,Solyc02g068760.3,up,,
leaf,1146.60134284931,1.0106437998349,0.392646293888805,0.0004589137707122,0.0030217198985573,Solyc08g078950.3,up,,
leaf,51.8400276673298,1.34598295135636,0.546523409350109,0.0004594332298117,0.0030241516715259,Solyc04g015030.3,up,,
leaf,158.049090964581,-1.01290816906278,0.393808551035241,0.0004609012253095,0.0030328234172443,Solyc01g108880.3,down,,
leaf,114.97949661416,1.13625602924612,0.446700085825521,0.0004660885409655,0.0030601328999392,Solyc02g071870.3,up,,
leaf,2168.53630761893,-1.20017607711476,0.475935726697156,0.0004696095950284,0.0030810672518119,ENSRNA050029737,down,,
leaf,101.011894288549,1.65089419839534,0.769920720787128,0.0004763868524505,0.003121465186096,Solyc01g091320.3,up,,
leaf,662.985060945111,1.16772269262832,0.462319929326968,0.000477510775589,0.0031278120461514,Solyc09g082230.1,up,,
leaf,8.12137464597671,1.34709580286301,0.551117255778202,0.0004788701914566,0.0031346777368607,Solyc03g006300.2,up,,
leaf,48.8513195062628,1.31900581445646,0.536184481778473,0.000479752094494,0.0031394303727414,Solyc07g039570.3,up,,
leaf,23.407226935397,-1.35295912928525,0.555443272675557,0.0004842365767958,0.0031656907269786,Solyc09g097810.3,down,,
leaf,20.3951197306549,-1.06982020065547,0.420791927151131,0.0004873476015358,0.0031798365371348,Solyc02g092490.3,down,,
leaf,15.5240397306613,1.48860690013367,0.6402574866685,0.0004886101445818,0.0031870419469456,Solyc02g085630.3,up,,
leaf,13.4464971057091,1.00802586314135,0.395288490937332,0.0004922450800301,0.0032076351996011,Solyc03g025380.3,up,,
leaf,10.5887314644372,1.41481860985049,0.593843178517141,0.0004950873453124,0.0032219868527572,Solyc10g009380.3,up,,
leaf,5.22025314135407,-1.0470555864688,0.412237311805953,0.0004968339831194,0.0032302227527413,Solyc08g005510.2,down,,
leaf,12.4804755148945,1.33644821126734,0.549842490879586,0.0005018149121232,0.0032552515169038,Solyc02g093480.3,up,,
leaf,42.858161964206,1.6918261065031,0.828712492249859,0.0005027932130591,0.0032591110518536,Solyc07g008210.3,up,,
leaf,69.8295040694858,1.0091047143923,0.397269345549707,0.0005063558122151,0.0032752147622468,Solyc09g089680.3,up,,
leaf,683.160298741814,1.10570588135784,0.439389885656848,0.0005120779355875,0.0033069168895817,Solyc06g065560.2,up,,
leaf,199.484329389629,1.12195576974611,0.446918244767651,0.0005147307065651,0.0033219179402867,Solyc03g019890.3,up,,
leaf,11.8312504610914,1.07574141388701,0.426825798881994,0.000516339762482,0.0033291022714191,Solyc10g082000.2,up,,
leaf,12.0094189908858,1.66525350892581,0.805333536783806,0.0005181762653668,0.003336670823855,Solyc05g054610.1,up,,
leaf,7.37826822648353,1.64078197620247,0.778938814099077,0.0005190365677226,0.0033390081593963,Solyc12g005250.2,up,,
leaf,210.214430414026,1.01540982741692,0.401885755505774,0.0005246158566534,0.0033705941259056,Solyc02g089160.3,up,,
leaf,12.9365989818365,1.14808230156988,0.460177338940509,0.0005260994390515,0.0033779709599541,Solyc09g065780.3,up,,
leaf,20.5284855461218,1.31287585777837,0.541836944498917,0.0005276688471247,0.0033848108021616,Solyc04g016190.1,up,,
leaf,5.31833581575332,-1.15408831078785,0.465121112516742,0.0005425829224559,0.0034727375990171,Solyc01g008650.3,down,,
leaf,4.54337853184425,-1.56780209795378,1.34283196320809,0.0005465399296779,0.0034936233778398,Solyc01g066390.3,down,,
leaf,4.74862166187895,1.3933498009083,0.592851886811581,0.0005504989891631,0.0035089084302927,Solyc01g091090.3,up,,
leaf,222.107034692039,-1.14692446656976,0.462832914181596,0.0005503817819996,0.0035089084302927,Solyc04g076950.3,down,,
leaf,13.379847841658,-1.20613365991383,0.491064306612038,0.0005518873635905,0.0035144215230604,Solyc01g097220.2,down,,
leaf,439.051903060114,-1.02972363253134,0.410922096082873,0.000552089606828,0.0035145982492829,Solyc11g066560.2,down,,
leaf,26.9584852811888,-1.07923031106081,0.432573262743127,0.0005525126458247,0.003516180003855,Solyc06g051060.3,down,,
leaf,2.19735802543957,1.45476168955703,0.633778450693551,0.0005537842940724,0.0035231595866099,Solyc02g030130.3,up,,
leaf,167.958345968653,-1.03409346097219,0.413489287138126,0.0005585054866062,0.0035464746252281,Solyc04g077140.3,down,,
leaf,526.994482062952,1.25743044132026,0.51789654857676,0.00055948242879,0.003551558487453,Solyc04g050620.3,up,,
leaf,421.634821663461,1.66612126392199,1.28866313026775,0.0005614948742036,0.00355984568971,Solyc02g080200.3,up,,
leaf,17.4480707550813,-1.11040642796922,0.447792212880848,0.0005635242737943,0.0035715877667608,Solyc02g070610.3,down,,
leaf,10.0670354425967,1.24738329357643,0.513619575163905,0.0005651957861219,0.0035788033712885,Solyc03g006220.3,up,,
leaf,187.824916484847,-1.07054471590024,0.431048439363147,0.0005731243855866,0.0036204948276214,Solyc12g014450.2,down,,
leaf,27.2962337629512,-1.46166170269204,0.644763994712586,0.0005788031120544,0.0036534792488248,Solyc10g024490.2,down,,
leaf,3.72788455175228,1.35893145432281,0.577681209725876,0.0005794186341939,0.0036562187123857,Solyc06g069880.1,up,,
leaf,110.759336848311,1.06706635764577,0.430368486762296,0.0005810048149158,0.0036639320544884,Solyc05g009680.1,up,,
leaf,26.3750743557567,1.53219079630726,0.700123137121269,0.0005813294084865,0.0036645637453662,Solyc01g091465.1,up,,
leaf,24.4226341794676,-1.44921332416187,0.636808284762254,0.0005824604422904,0.0036685172697356,Solyc10g005460.3,down,,
leaf,374.957317631143,-1.0407475939056,0.419043591555194,0.0005838472746583,0.0036749536894278,Solyc02g081340.3,down,,
leaf,14.5535433606831,1.54997079928382,0.716551035255072,0.0005849144349884,0.0036787660450817,Solyc03g114540.2,up,,
leaf,47.167992986629,1.29658872203486,0.543217251057143,0.000586968534075,0.0036865357696723,Solyc02g065090.3,up,,
leaf,5.60236370230322,-1.36901241728871,0.586670741044053,0.0005943219903072,0.003722633206811,Solyc01g102285.1,down,,
leaf,12.0623644013071,1.37309880189556,0.589391502011844,0.0005953289969426,0.0037251061374398,Solyc06g053715.1,up,,
leaf,13.4558058221764,1.23188778033307,0.510157587151818,0.0005951496542747,0.0037251061374398,Solyc09g091650.3,up,,
leaf,133.59286228755,-1.20755844119773,0.498263123835174,0.000597997277442,0.0037394787836813,Solyc12g056480.2,down,,
leaf,61.4511162835339,-1.516410228109,0.692892873370761,0.0006015751492621,0.0037552328843892,ENSRNA050030063,down,,
leaf,5.75419666488701,-1.68494528641686,0.879633626109772,0.0006040941066189,0.0037659125643821,Solyc07g063400.3,down,,
leaf,96.7062006715967,1.74907383698644,1.09775573513324,0.0006063985836823,0.00377794007811,Solyc05g053960.3,up,,
leaf,3.16485042111092,-1.74851020884259,1.06047301166922,0.0006071155216892,0.0037800682651822,Solyc10g085890.1,down,,
leaf,207.267157793966,1.02841701251688,0.416215938282303,0.0006095660910011,0.0037884895771202,Solyc09g090470.3,up,,
leaf,3.90159598149701,1.14838945261424,0.471090756329536,0.0006106109443189,0.0037924531731334,Solyc06g007530.2,up,,
leaf,2.66590337114286,-1.37202423335944,0.592760075641026,0.0006162071032604,0.0038213188035319,Solyc08g005500.3,down,,
leaf,28.9750634955045,1.03735536349219,0.421400633034499,0.000621879971655,0.003844277846088,Solyc02g081210.3,up,,
leaf,8.52547056491209,-1.60005693767237,0.778530134289931,0.0006221996712465,0.003844277846088,Solyc03g115960.3,down,,
leaf,555.684384141169,-1.19857230272199,0.497033888584497,0.0006221070892224,0.003844277846088,Solyc08g036660.3,down,,
leaf,4.96296002405243,1.22475702091393,0.51121334273574,0.000628416069762,0.0038779278422634,Solyc09g005180.3,up,,
leaf,24.2015787622803,-1.15856842169945,0.478358075459862,0.0006300950424068,0.0038859076375254,Solyc06g008360.3,down,,
leaf,5.11482673837486,1.46668092093229,0.661826306248462,0.0006335437098766,0.0039023967597355,Solyc03g078620.1,up,,
leaf,56.8286392317634,-1.51299186489593,0.699508119773444,0.0006351769940856,0.0039112610867849,Solyc08g075320.3,down,,
leaf,38561.8700915269,-1.15941850917822,0.479798583415272,0.0006385191371674,0.0039252789020961,ENSRNA050029732,down,,
leaf,2.4962309908652,-1.47918212892095,0.673423172029414,0.000641244299245,0.0039341890573844,Solyc02g067720.2,down,,
leaf,1496.80812039248,1.09096438186465,0.448352973662816,0.0006473845393163,0.0039670274995161,Solyc12g056650.2,up,,
leaf,16.7904361310687,1.44703091564997,0.65181394509899,0.0006538975098526,0.003997208996495,Solyc12g056540.1,up,,
leaf,7.56733035967286,-1.53420356090321,0.726820252757073,0.0006643557978954,0.0040464029274902,Solyc00g010525.1,down,,
leaf,182.446965007447,-1.49639005809638,0.69337393846603,0.0006643190975977,0.0040464029274902,Solyc03g078500.3,down,,
leaf,64.540720901406,1.28350670509475,0.548174859218654,0.0006640904823402,0.0040464029274902,Solyc10g080960.1,up,,
leaf,14.7917265948952,1.1910567885947,0.498752256325634,0.0006646180527401,0.0040467765472468,Solyc06g072550.3,up,,
leaf,679.460568083258,1.08818329537643,0.448947154427845,0.000665278207376,0.0040483685590456,Solyc02g067660.3,up,,
leaf,21.2690195005661,1.14970695571173,0.478255966022454,0.000665281497887,0.0040483685590456,Solyc03g115540.2,up,,
leaf,26.7287178460133,-1.31127838131536,0.565223898632481,0.0006702264605262,0.0040747664859401,Solyc09g015850.3,down,,
leaf,42.6757513923544,1.16523248296875,0.486681671138217,0.0006718922169115,0.0040836611445481,Solyc02g089730.1,up,,
leaf,11.8321465476702,1.1388598228106,0.474046066759605,0.0006745891543483,0.0040963445121747,Solyc03g007940.3,up,,
leaf,13.9246914627901,1.18785375191252,0.498364873361012,0.0006744953699974,0.0040963445121747,Solyc09g065480.2,up,,
leaf,3.0257939903123,1.44136790287936,0.652421311951337,0.0006753838563473,0.0040986988956155,Solyc07g054690.1,up,,
leaf,1509.48065520771,-1.17891108841818,0.494492127667571,0.0006798384402622,0.0041207661341446,ENSRNA050030065,down,,
leaf,4.15901823209378,-1.41932362719585,0.637566972559903,0.0006815229485545,0.0041281807550764,Solyc03g097390.3,down,,
leaf,9.50517126984485,1.40118983120903,0.627811234533807,0.0006969475930005,0.0042054878424855,Solyc06g051990.3,up,,
leaf,26.3586881022577,1.0778893100065,0.447639766528388,0.0006996944966534,0.0042195348956868,Solyc07g018200.1,up,,
leaf,10.7856364254936,-1.48353743185127,0.691914275495852,0.0007007836263753,0.0042248380133051,Solyc00g118680.2,down,,
leaf,29.2985979354556,1.27703176291488,0.550032610123609,0.0007012146051453,0.0042261713275995,Solyc06g035580.3,up,,
leaf,16.2317533090523,1.62374155133592,0.843728274698128,0.0007060380029499,0.0042476157274244,Solyc06g064820.3,up,,
leaf,38.2678155294304,1.55524180333337,0.760634367968353,0.000705953495907,0.0042476157274244,Solyc12g014355.1,up,,
leaf,1010.7368570011,1.08916318005973,0.455183036956397,0.0007219209190678,0.0043225122330155,Solyc04g071615.1,up,,
leaf,22.3552351872001,1.26251514871622,0.546179082621184,0.0007324419695292,0.0043725092324418,Solyc01g104900.3,up,,
leaf,14694.0278373866,-1.38900808008099,0.626190546506525,0.0007329805264603,0.0043739510713282,ENSRNA050029910,down,,
leaf,13.1915786246836,-1.65148514285365,0.905319372031587,0.0007343231207204,0.004376447331942,Solyc00g012430.1,down,,
leaf,7.37851373384334,1.39648134604564,0.6323953035317,0.000737700135,0.004392183304514,Solyc09g083445.1,up,,
leaf,1522.02460663101,1.62660902496663,0.866813468256496,0.0007435151465124,0.0044228830717817,Solyc07g043420.3,up,,
leaf,17.0885142093514,1.07738852647933,0.452269190606119,0.0007496600609041,0.00445023664802,Solyc03g093490.3,up,,
leaf,30.5074051678281,-1.5858322456003,0.813201476015447,0.0007538859919678,0.0044661093088874,ENSRNA050030070,down,,
leaf,3.92715775816598,-1.67157814199733,0.979089866246614,0.0007610903918053,0.0045015260897415,Solyc01g007950.3,down,,
leaf,2.86997929743556,1.23175006504101,0.53311112192658,0.0007647769699235,0.0045179072783122,Solyc05g018185.1,up,,
leaf,10.1972365582419,1.67272616630183,1.0980317994384,0.0007824376795062,0.0046014189023691,Solyc01g091010.3,up,,
leaf,10.8552813773112,1.15669084046874,0.495129888212797,0.0007842733273753,0.0046095224277775,Solyc11g012610.2,up,,
leaf,312.931769683547,-1.6682142710275,0.998654532586148,0.0007845596015593,0.004609859829232,Solyc02g076910.3,down,,
leaf,22.564442347347,-1.18052650552196,0.507670875990221,0.0007848142118492,0.0046100110396814,Solyc01g102910.3,down,,
leaf,38.7013419860349,-1.32943181457938,0.595062411095818,0.0007867579790264,0.0046187348334451,Solyc04g080685.1,down,,
leaf,103.923391750584,1.13825413092117,0.486044177558144,0.0007877709546315,0.0046233340816401,Solyc05g051200.1,up,,
leaf,392.089106946482,-1.15744231406888,0.495957303438481,0.0007883230059925,0.004623879437013,Solyc06g054270.3,down,,
leaf,4.38969344971177,-1.65103075914976,0.947886996351717,0.000791750251118,0.0046367080841211,ENSRNA050030029,down,,
leaf,6.75157257927011,-1.29642167602024,0.574798522779722,0.0007917354489624,0.0046367080841211,Solyc01g099660.3,down,,
leaf,172.926261585122,1.00083147242511,0.420166622039481,0.000795062957483,0.0046525735298153,Solyc02g088600.3,up,,
leaf,1884.58641386171,1.39743303638278,0.645055911514777,0.0008007763927023,0.0046832863245675,Solyc08g068600.3,up,,
leaf,2.61044146195009,-1.66280651918935,1.09919283998433,0.0008079645153621,0.0047198437553436,Solyc10g007270.3,down,,
leaf,120.077159399547,1.18161301220942,0.511453251586891,0.0008132474293918,0.0047424521490475,Solyc01g109380.3,up,,
leaf,6.01609934386891,-1.54867064500249,0.793168072233884,0.0008264879168842,0.004805750468211,Solyc12g010360.2,down,,
leaf,9.17637063557346,-1.42075844499131,0.669101578186963,0.0008309548271094,0.0048275431576689,Solyc06g035520.3,down,,
leaf,11.01627364833,1.45034096812861,0.697353139783349,0.0008462521920195,0.0049037962429313,Solyc04g082430.3,up,,
leaf,211.336017238004,-1.28265327964755,0.574279353319653,0.0008489519446591,0.0049179148890782,Solyc02g087890.3,down,,
leaf,20.9566087871718,1.29591245577099,0.582794150086664,0.0008498369609838,0.0049202115746295,Solyc01g073970.3,up,,
leaf,425.371362798018,-1.41565595530981,0.668896458165885,0.0008508416288648,0.004924612669137,Solyc02g062390.3,down,,
leaf,9.66892222479248,1.63439248516713,0.956726786725197,0.0008536760853826,0.0049353454970659,Solyc07g064990.3,up,,
leaf,153.113225112409,1.60910223969188,0.897682980812245,0.0008567201468501,0.0049452625437919,Solyc02g086180.3,up,,
leaf,4.3476749337151,1.40674430830284,0.663569451699528,0.0008605168791818,0.0049620758604296,Solyc03g064010.3,up,,
leaf,195.467167653153,-1.06788016212669,0.458024619040847,0.0008639317828083,0.0049789167294206,Solyc06g071540.3,down,,
leaf,23.7123231225029,-1.0905927304726,0.469641842864597,0.0008672566048494,0.0049925827833885,Solyc09g059650.3,down,,
leaf,3.26503991717025,1.07900843590751,0.463975905705195,0.0008688057626152,0.0049998530487416,Solyc01g103340.3,up,,
leaf,8.35103980275897,1.39177767062985,0.654855176154771,0.0008775019466029,0.0050398187078633,Solyc08g075080.3,up,,
leaf,177.149839624885,1.12659002012518,0.489145134396927,0.0008788348024564,0.0050460349461453,Solyc01g096450.3,up,,
leaf,885.034168983183,1.44334221850679,0.699098587403885,0.0008829892210935,0.0050655565056296,Solyc12g009650.2,up,,
leaf,28.9405535971725,1.0377878633323,0.445104652088909,0.0008861877146871,0.0050766760378921,Solyc06g068770.3,up,,
leaf,94.3499694020919,1.04536045804277,0.449873234136328,0.0008992468309808,0.0051412516802769,Solyc04g077510.3,up,,
leaf,30.9548188069419,1.30561577375354,0.596230068365762,0.0009000357598557,0.0051428426312097,Solyc02g093610.3,up,,
leaf,11.7923167312823,-1.35205823366675,0.628908910639333,0.0009016424747766,0.0051476424963016,Solyc05g052950.3,down,,
leaf,11.3797534605868,-1.35782732911179,0.633256316983287,0.0009022904688584,0.0051498822963293,Solyc00g013180.1,down,,
leaf,6.9442431125051,1.20576109380842,0.534931453833218,0.0009033453527472,0.00515444251984,Solyc04g014260.2,up,,
leaf,6.3812743684996,-1.57479846233379,0.860145874058293,0.0009054711486137,0.0051651089989743,Solyc10g086270.2,down,,
leaf,18.7645346074208,1.18077164441479,0.521747798058548,0.0009124180868581,0.0051965648060036,Solyc01g008300.2,up,,
leaf,991.733327112346,-1.23174611261909,0.551247491969861,0.0009127914945705,0.0051965648060036,Solyc09g089580.3,down,,
leaf,13.041431070058,-1.00178574383931,0.429669490872895,0.0009126322680917,0.0051965648060036,Solyc10g050960.2,down,,
leaf,188.265687391965,1.09246543221772,0.475240016602131,0.0009195224085156,0.0052260215441087,Solyc07g064970.3,up,,
leaf,49.26068543424,1.10004862039126,0.479239528873231,0.0009206156423628,0.0052292837756549,Solyc09g009420.1,up,,
leaf,16.2569021680452,1.02040440270754,0.440272129468914,0.000933231532604,0.0052845514562019,Solyc07g066160.1,up,,
leaf,150.117941280029,1.06191725083225,0.461465326630616,0.0009403319308349,0.005318777239786,Solyc10g009410.1,up,,
leaf,13.2687299925064,1.55150288463243,0.842129740256403,0.000952028356471,0.0053728649918858,Solyc11g005820.1,up,,
leaf,5.11889417537044,-1.5676596062081,1.17760450736984,0.0009771694739118,0.0054947368909917,Solyc09g091520.2,down,,
leaf,4.61567235133295,-1.55895000051973,0.867611125126516,0.0009837454735556,0.0055209254188795,Solyc01g057170.3,down,,
leaf,31.4723102629185,1.4179451562912,0.696664916446301,0.0009831779402482,0.0055209254188795,Solyc05g005865.1,up,,
leaf,730.755357346722,1.19466209686444,0.537164860684327,0.0009834755012441,0.0055209254188795,Solyc06g006000.3,up,,
leaf,8.86423694777339,-1.38555672169487,0.668607113280015,0.0009833845902617,0.0055209254188795,Solyc11g056410.2,down,,
leaf,5.26542600490138,1.20243273330456,0.542832541664372,0.000993745516545,0.0055692883122566,Solyc03g006770.3,up,,
leaf,2.82888634129779,1.34140813462801,0.636651731577469,0.0010024939268906,0.0056145246774186,Solyc03g116610.3,up,,
leaf,5.88373198792839,1.52189955207734,0.822410593307116,0.0010202697103786,0.0056989108448273,Solyc09g048980.3,up,,
leaf,106.825846670824,1.57242598503099,0.915587037899903,0.0010230981003125,0.0057115415566781,Solyc04g071070.2,up,,
leaf,510.784821151655,1.30191902770542,0.61156461585692,0.0010299981093871,0.0057452843863957,Solyc03g020040.3,up,,
leaf,56.2582272245793,1.56118830723042,0.89467627329889,0.0010314398097814,0.0057501413364564,Solyc01g109500.3,up,,
leaf,2.30769610282136,1.58171283053013,0.963356693088832,0.0010489485148558,0.005829288023714,Solyc04g071075.1,up,,
leaf,5.93355498538874,1.03363262526652,0.455642807366989,0.0010513007524774,0.0058382409033364,Solyc03g078710.2,up,,
leaf,2.07087324857787,1.28092786556761,0.600034057380357,0.0010545423872512,0.005851626593387,Solyc01g098980.3,up,,
leaf,28.8670760487406,1.26999085684661,0.592829739241556,0.0010568749797101,0.0058598020827251,Solyc05g054750.3,up,,
leaf,9.67181919778059,-1.43494505637625,0.728546726648872,0.0010603350214039,0.0058738360839159,Solyc00g011150.1,down,,
leaf,3.69872459164372,-1.22220489787815,0.562732610410642,0.0010666799723878,0.0058973547122203,Solyc10g079240.2,down,,
leaf,440.298773414764,-1.11679705829035,0.502372654361941,0.001084301602768,0.0059716599848949,Solyc03g097170.3,down,,
leaf,48.1586184532922,1.02110691199412,0.451697400126144,0.001085933484358,0.005977827887931,Solyc12g096320.2,up,,
leaf,29.3297664995071,1.1671785108373,0.532452160282879,0.0010988914086497,0.0060359614815988,Solyc02g093300.3,up,,
leaf,22.6597823632004,-1.354258198783,0.661549114602979,0.0010988360257252,0.0060359614815988,Solyc08g007070.2,down,,
leaf,5.29283334081655,1.41442608209327,0.717265700425574,0.0011067635443424,0.0060709235594079,Solyc10g008930.1,up,,
leaf,32.2326056159637,-1.31805480065098,0.634294714237606,0.0011097245763038,0.0060838520457025,Solyc05g052360.2,down,,
leaf,15.6084358623018,1.07250056756662,0.481150421883795,0.001120793070442,0.0061345146806639,Solyc09g047930.1,up,,
leaf,2.21139917889088,-1.49240035192389,1.19878884640228,0.0011347419032081,0.0061957092476061,Solyc01g011050.3,down,,
leaf,8.19327325987573,1.00567584253078,0.447459156530467,0.0011403502981834,0.0062212718596997,Solyc08g061240.2,up,,
leaf,14.7941040073558,1.19559849173499,0.554022188887352,0.0011439656924941,0.0062376169405024,Solyc03g083710.1,up,,
leaf,6.49773008575545,-1.19693252111477,0.554996607979749,0.0011453959846258,0.0062437255540822,Solyc09g092415.1,down,,
leaf,15.5862238985758,1.28914134046877,0.617418793564708,0.0011463925443939,0.0062457772867685,Solyc07g054790.1,up,,
leaf,2.84965961647425,1.1987247445824,0.55656116388221,0.0011498574035744,0.0062595750872423,Solyc12g040740.2,up,,
leaf,48.3066767224071,1.09019915239453,0.493404324267825,0.0011550395065943,0.0062843883689417,Solyc11g007410.2,up,,
leaf,29.1163752318331,1.15894659542932,0.53298249030557,0.00115782566723,0.0062978462299074,Solyc06g072830.3,up,,
leaf,329.549804764867,-1.5405041084716,0.915177834503569,0.0011582636445909,0.0062985276267147,Solyc03g116390.3,down,,
leaf,4.79898662022287,-1.56194480151893,1.03566698824472,0.0011602008724871,0.0063008762486245,Solyc01g100470.2,down,,
leaf,36.8737224639007,1.39735480212341,0.710360137433849,0.0011596358126521,0.0063008762486245,Solyc04g082840.3,up,,
leaf,23.1771198548598,1.14180191390245,0.523395364725016,0.0011638824816261,0.00631714388168,Solyc09g072800.3,up,,
leaf,4.56713171464601,-1.09052253897294,0.494386215384383,0.0011654237300873,0.0063221020122324,Solyc06g048430.3,down,,
leaf,5163.92944329955,1.16114475964078,0.535358837242429,0.0011696223545584,0.0063410783915028,Solyc02g077880.3,up,,
leaf,617.776095185237,1.11519627183672,0.508566329061168,0.0011698663143096,0.0063410783915028,Solyc02g093230.3,up,,
leaf,116.907197462082,-1.11799972002599,0.510538929877878,0.0011744886622194,0.0063627086160366,Solyc10g007880.3,down,,
leaf,532.513417955128,1.24098044072002,0.587151195913254,0.0011785803619817,0.0063814423793109,Solyc08g074620.2,up,,
leaf,69.3071741687065,1.49559537932646,0.83543687733968,0.0011814825636611,0.006392001557148,Solyc11g056680.1,up,,
leaf,6.01699171803941,1.05147289710175,0.47433127803551,0.0011818272866699,0.0063921496262368,Solyc03g006760.3,up,,
leaf,94.1075540381837,1.35390345785932,0.6756209574446,0.0011923338997928,0.0064317057872595,Solyc12g100250.2,up,,
leaf,29.1968463223486,1.34585396663308,0.669045454539218,0.0011951040210975,0.0064431870547067,Solyc01g006290.3,up,,
leaf,5.90091488579438,-1.18220156472636,0.550582545000638,0.0011951576746522,0.0064431870547067,Solyc02g071790.2,down,,
leaf,101.403936074227,1.15471144461166,0.533795319405813,0.0011954804201653,0.0064431870547067,Solyc12g008510.2,up,,
leaf,4.47753323545249,-1.23699153718257,0.586400408609908,0.0011967363822558,0.0064461211206933,Solyc06g005270.2,down,,
leaf,1098.80211738779,1.53508462816688,0.931509274366144,0.001209238167579,0.0065054687957738,Solyc02g070935.1,up,,
leaf,13.3525052149838,-1.2831174311044,0.620925445196001,0.0012109710310572,0.0065095752622246,ENSRNA050030523,down,,
leaf,42.3282952464275,1.19353149836887,0.559913871733659,0.0012181854436122,0.0065396298521424,Solyc10g045240.2,up,,
leaf,3.03936502809602,1.4360060077011,0.763596645878869,0.0012186033843046,0.0065401303934624,Solyc08g083270.2,up,,
leaf,29.3811449014577,1.19495604501199,0.563698464746288,0.0012482941544867,0.0066832682053658,Solyc06g062845.1,up,,
leaf,5.47145664642033,1.35765185861031,0.689319836945224,0.0012593627809235,0.0067319758846502,Solyc01g060415.1,up,,
leaf,3.91609310739249,-1.24665805906891,0.600178767118282,0.0012621083221061,0.0067448622509582,Solyc11g056470.2,down,,
leaf,70.5119325503774,1.02229418695527,0.464244770988149,0.001264408609999,0.0067535715254842,Solyc08g081940.3,up,,
leaf,5.40957735298664,-1.31933433382103,0.6565258357049,0.0012654760098302,0.0067556898462764,Solyc05g025870.3,down,,
leaf,805.092605276564,1.38658619620143,0.71879659584203,0.0012676633770144,0.0067637816529335,Solyc11g018777.1,up,,
leaf,13.8046261181941,-1.51009814738238,1.12663264274034,0.0012691550916305,0.0067699475253237,Solyc05g053160.3,down,,
leaf,534.557597211221,-1.02182449849412,0.464516334483334,0.001272573958592,0.006786387258131,Solyc05g056120.3,down,,
leaf,4.17667569349914,1.18737390439037,0.562146835269386,0.0012842424669875,0.0068431777169477,Solyc12g008930.2,up,,
leaf,7.58028435058417,-1.28701220406837,0.634260865558785,0.0012962799645173,0.0068945526921862,Solyc02g076710.3,down,,
leaf,4.5906404444158,-1.48806653638385,0.862676160681244,0.0012992293831855,0.0069044745900982,Solyc03g112750.3,down,,
leaf,11218.314385148,-1.26700570437889,0.619530771234304,0.0013020822989666,0.0069103631523182,ENSRNA050029735,down,,
leaf,3.14616205448106,-1.23161930465488,0.593742349214183,0.0013019819701082,0.0069103631523182,Solyc03g115290.3,down,,
leaf,592.564629458367,-1.07083652016846,0.493515656466828,0.0013031559351676,0.0069128698567677,Solyc08g067630.3,down,,
leaf,78.1829090941041,1.13427591661646,0.530735778529786,0.001305647577782,0.0069206193451803,Solyc10g011815.1,up,,
leaf,3.54911898752393,-1.52761033019557,1.02835861293233,0.0013075766875626,0.0069271987482603,Solyc01g099190.3,down,,
leaf,51.91295605176,1.20213773492329,0.574372055000008,0.0013108535403436,0.0069395413131747,Solyc04g064760.3,up,,
leaf,35.6944610695588,1.03025284839612,0.471954971466976,0.0013174802722381,0.0069668384466845,Solyc11g066520.2,up,,
leaf,504.516953313532,1.00312843361121,0.457712700556536,0.001324669226747,0.0069993409142548,Solyc07g005600.3,up,,
leaf,4.6054410660805,-1.43305623450222,0.78672037993352,0.0013379814655538,0.0070659734345008,Solyc00g126010.1,down,,
leaf,4.08673002757277,1.10208722494273,0.514853545724391,0.0013492539165766,0.0071105893217391,Solyc03g006470.3,up,,
leaf,84.4610940301726,1.00599946964966,0.461308040484171,0.001358739361587,0.007149865286493,Solyc08g061560.3,up,,
leaf,4.49540298549481,-1.12051979807925,0.527543410940849,0.0013712974961063,0.0072002636184744,Solyc10g084510.1,down,,
leaf,15.542880479903,1.0541243981218,0.489121238108333,0.0013775372602664,0.007223732230223,Solyc09g014160.2,up,,
leaf,3.62294771241069,1.14581015631961,0.544380682667185,0.0013864087062151,0.0072615200694781,Solyc02g069280.3,up,,
leaf,51.8683058833732,-1.33092047949284,0.683328328706051,0.0013865458339396,0.0072615200694781,Solyc02g092820.3,down,,
leaf,53.2785873357155,1.22642442343101,0.599139858934534,0.001391938387909,0.0072878666517453,Solyc04g008900.3,up,,
leaf,5.50617417985228,1.50968805615773,1.01275544319969,0.0013935643954911,0.0072906945594758,Solyc02g068540.2,up,,
leaf,7.05520777242894,-1.50096711683764,0.942417704465708,0.0013930814109397,0.0072906945594758,Solyc12g005310.2,down,,
leaf,8.6417802447371,1.42646733646577,0.793261572632164,0.0014054788082787,0.0073415856214603,Solyc09g014970.3,up,,
leaf,12.0884733461613,-1.2168944555794,0.594666787238364,0.0014162335936664,0.0073843585409342,Solyc08g065540.3,down,,
leaf,4.74320761700204,-1.17722898176394,0.567344999377947,0.0014172153821509,0.0073875652762122,Solyc07g005980.2,down,,
leaf,31.2565560835152,-1.03633309391426,0.481706869973337,0.0014185308739835,0.0073915073101122,Solyc02g063330.3,down,,
leaf,26.714095019118,-1.39737221913866,0.758911402183668,0.0014217765903883,0.0074036773742506,Solyc01g057000.3,down,,
leaf,35.7959835890663,1.49437971122704,0.942997866479808,0.0014288552490708,0.0074328518664216,Solyc01g086920.3,up,,
leaf,38.2420506224063,-1.40417339431374,0.769360350713931,0.001432034089113,0.0074455422361679,Solyc01g018020.2,down,,
leaf,5.17880536986305,1.49415523111972,1.05871324439212,0.0014444748913175,0.0075005447952869,Solyc01g006390.2,up,,
leaf,20.5243371424399,-1.35677367451482,0.717352555928711,0.0014450914362452,0.0075011731023225,ENSRNA050030073,down,,
leaf,1.48580164152443,1.49794797294527,1.0000456717437,0.0014515267149357,0.007529128749934,Solyc11g013220.2,up,,
leaf,9.21437250627556,1.27521623896813,0.645282645934956,0.0014712342961203,0.0076198511680267,Solyc11g013450.2,up,,
leaf,5588.25124125119,-1.25475387871885,0.629619041349967,0.0014798407047512,0.0076527409334579,ENSRNA050030060,down,,
leaf,66.5530115078097,-1.1717136138715,0.568983910473625,0.0014798642605411,0.0076527409334579,Solyc02g092120.3,down,,
leaf,2.76787280300537,-1.38340596947964,0.754560532575622,0.0014888787572654,0.0076869456250229,Solyc04g080650.3,down,,
leaf,6.39271821406235,1.38815075701909,0.76304937899386,0.0015032655807929,0.0077419522700923,Solyc03g121760.3,up,,
leaf,2.1407270667935,1.34205780162465,0.7115992646203,0.0015076494539436,0.007756596500979,Solyc12g057020.2,up,,
leaf,4.18201602052168,-1.48206249627663,0.968025091478459,0.0015221218362237,0.0078184432781731,Solyc04g016420.3,down,,
leaf,23.8917346748822,-1.27434913356978,0.652807815247057,0.0015438961207414,0.0079027079196884,Solyc02g091820.2,down,,
leaf,11.3531730882717,-1.00519147351061,0.471866572451077,0.0015492941285085,0.0079263099660702,Solyc05g012670.1,down,,
leaf,5228.3799910841,-1.25051200892752,0.634210530691019,0.0015556817456479,0.0079519928015776,ENSRNA050029653,down,,
leaf,20.9349373994676,1.12050068072608,0.541237920298378,0.0015556304360139,0.0079519928015776,Solyc02g005110.3,up,,
leaf,11.1407266900623,-1.2386433778443,0.624766173199641,0.0015562881354294,0.0079519928015776,Solyc06g060470.1,down,,
leaf,64.7298608275691,-1.00782958526856,0.475856474900362,0.001594104491648,0.0081000132872794,Solyc02g078130.3,down,,
leaf,4.68804090163822,1.36686946287645,0.753938487837274,0.0015989711135075,0.0081185974712048,Solyc08g077100.3,up,,
leaf,10.1594161375275,1.2002736297318,0.599440419470537,0.0015988004338837,0.0081185974712048,Solyc12g049550.2,up,,
leaf,100.065615865294,-1.11089484860506,0.538220363812196,0.0015995290727168,0.0081193837153887,Solyc02g079430.3,down,,
leaf,55.0339825174434,1.26428709139685,0.65354496999423,0.0016287712474302,0.0082499159727021,Solyc07g049370.2,up,,
leaf,114.597247648772,1.04538069763629,0.499760337924382,0.0016290623750338,0.0082499159727021,Solyc09g090350.3,up,,
leaf,941.595236201335,1.11426723344827,0.545992840939308,0.0016798249073988,0.0084536079174182,Solyc12g006470.2,up,,
leaf,55.4308285452134,1.28269387577604,0.676090344377662,0.0016817795342492,0.0084580283093252,Solyc09g007940.3,up,,
leaf,23.0488509111621,1.13027783931833,0.557061510663625,0.0016859008845867,0.0084745234882321,Solyc12g005030.2,up,,
leaf,51.948070122822,-1.08252548935344,0.526224045712198,0.0016893840994703,0.008485679434297,Solyc11g056360.2,down,,
leaf,566.941391661137,-1.04301848100044,0.50195017530853,0.0016903166019469,0.0084882465710336,Solyc04g081530.1,down,,
leaf,13.1112245546755,1.00421769551899,0.479038397702938,0.0016909852584921,0.0084889009428635,Solyc03g112880.1,up,,
leaf,10.0923680065677,1.20240522259893,0.609820092979703,0.0016980223972065,0.0085099694263585,Solyc07g049680.3,up,,
leaf,15.8672634087156,1.19305578959932,0.603748431708057,0.0017104091170642,0.0085592696735175,Solyc03g034000.3,up,,
leaf,6.11051692464765,-1.41023078275818,0.842332898905221,0.0017103127978487,0.0085592696735175,Solyc12g021320.1,down,,
leaf,18.2637798413578,1.37811826538957,0.789564868375807,0.0017116497832232,0.0085618297014043,Solyc05g009890.1,up,,
leaf,21.3355959043428,1.36965127382683,0.77762125728302,0.001711770837432,0.0085618297014043,Solyc08g005960.2,up,,
leaf,39.3029444303407,1.37041268943007,0.779214412812076,0.0017146899178538,0.0085721728283473,Solyc03g118780.3,up,,
leaf,1.7617963706038,-1.42289196252544,0.872878992778195,0.0017226374862007,0.0085927103137831,Solyc12g019180.2,down,,
leaf,10.948409222142,-1.21325983475813,0.622560528280399,0.0017451817216314,0.008672946024451,Solyc04g014320.1,down,,
leaf,23.0074886374968,-1.18628094858122,0.602986730568664,0.0017624763215013,0.0087394874612704,Solyc00g019740.1,down,,
leaf,4.60082625374394,-1.33526512860705,0.74426619055428,0.0017771207325351,0.008790463112653,Solyc08g081630.2,down,,
leaf,3.3913425824416,-1.39462060713422,0.832037744282086,0.0017831954870611,0.0088161815170313,ENSRNA050029932,down,,
leaf,8.53673977456658,-1.07150356224799,0.525405559146824,0.0017883321409635,0.0088394076032608,Solyc01g102435.1,down,,
leaf,5.66180849049874,1.43076958692835,0.927572150849821,0.0017917655877844,0.0088520339634912,Solyc07g043000.3,up,,
leaf,11.385691510706,1.27490239095424,0.682550607830427,0.0018027632834144,0.0088932789749043,Solyc06g065250.1,up,,
leaf,49.3812140480877,-1.25930363445421,0.668254209229672,0.001807278942617,0.008911190321222,Solyc00g068980.2,down,,
leaf,10.3252924165762,-1.3831359796746,0.82221130544721,0.0018282482342931,0.0090013629760776,Solyc07g052620.1,down,,
leaf,7.27981207515069,1.31539783665884,0.729197554027315,0.0018348454133476,0.0090272243076815,Solyc08g074260.3,up,,
leaf,50.5358658053766,1.16376198521599,0.592504361919894,0.0018437914626209,0.0090645954698832,Solyc07g062730.1,up,,
leaf,5.1630864216351,1.31390814351594,0.729896332287038,0.0018523907507924,0.009097989393431,Solyc06g062340.3,up,,
leaf,4.47023649894647,1.3973826456168,0.857174344053473,0.0018563726632178,0.0091070442235762,Solyc09g009860.1,up,,
leaf,544.048564223802,1.15768531083332,0.589651788890903,0.0018658175189804,0.0091438677536017,Solyc12g088390.2,up,,
leaf,4.90087806812779,-1.16266743674076,0.593669788392556,0.0018697253324033,0.009160789989119,Solyc02g067870.3,down,,
leaf,119.324110687799,1.05618632183784,0.521319343739655,0.0018845909086679,0.0092224076973735,Solyc06g053640.1,up,,
leaf,17.315919098775,-1.13455951158277,0.57414916312343,0.0018845765761475,0.0092224076973735,Solyc10g008050.2,down,,
leaf,8.36728541561675,-1.07776842106807,0.535765317764323,0.0018926017266342,0.0092414021764527,Solyc02g067410.2,down,,
leaf,15.6689506492173,-1.11392982213334,0.560903488902729,0.0019037976177434,0.0092803222692616,Solyc11g056320.1,down,,
leaf,19.1252862388187,1.27818639988757,0.699292081192772,0.0019200425915517,0.0093346603618237,Solyc11g065760.2,up,,
leaf,3.48523664333273,1.32123995976611,0.749244433292768,0.0019264800568009,0.0093614381915764,Solyc04g077570.1,up,,
leaf,805.161848667129,1.03241686312421,0.50878932434938,0.0019297684634797,0.0093706355813428,Solyc08g014570.3,up,,
leaf,1.94000409266238,-1.41522493744816,0.951337242778447,0.0019293903293222,0.0093706355813428,Solyc11g068390.1,down,,
leaf,3.10435873196543,-1.4042597479184,0.917460281437425,0.0019634450979147,0.0095043766311458,Solyc06g054060.1,down,,
leaf,2.81160245502741,1.17610977332777,0.611527118864354,0.0019662050676503,0.009515449897312,Solyc01g088630.2,up,,
leaf,5.15766825587795,1.24677656510946,0.673586950582733,0.0019723990808525,0.0095408410870632,Solyc10g079510.2,up,,
leaf,5.12276899378187,-1.28720516158881,0.715952768944501,0.001978382891581,0.009563735426598,Solyc07g063880.3,down,,
leaf,5.43354284154783,1.00010822179788,0.49221774120482,0.0019976689333202,0.0096306959442162,Solyc01g065680.2,up,,
leaf,12.1549286930368,1.07989806343051,0.543662409021666,0.0020009070858776,0.0096439986895781,Solyc12g042760.1,up,,
leaf,4.10323565673356,-1.4047954051474,0.962708569577504,0.0020125264032662,0.0096917982999998,Solyc01g112230.3,down,,
leaf,19.3693283186159,-1.21813619204512,0.65142304870048,0.0020185717155573,0.0097071081871337,Solyc06g065050.2,down,,
leaf,4.31894859058225,1.27904974501508,0.711988203036641,0.002020525368943,0.009712988539678,Solyc08g081710.3,up,,
leaf,613.346026899004,1.17642577657829,0.617113291679939,0.0020342083682582,0.0097578054187802,Solyc08g068640.3,up,,
leaf,14.1840780869552,-1.04466358840491,0.523688024127346,0.0020616544094575,0.0098800483262656,Solyc06g063280.1,down,,
leaf,512.467510562428,1.00719185083554,0.499842561431151,0.0020637461922714,0.0098856861059197,Solyc07g045530.2,up,,
leaf,14.3231286286304,-1.0623097205247,0.535838771762886,0.0020704445022461,0.0099103833565212,Solyc09g007840.3,down,,
leaf,1.35777417131821,-1.36169429242138,0.840698446791557,0.0020798673258042,0.0099507571677787,Solyc06g071700.1,down,,
leaf,3.79307969923573,1.07194299476564,0.543350844166549,0.0020881974758681,0.0099834971656624,Solyc01g090120.3,up,,
leaf,9.88613898505205,1.30200065631289,0.7506323962173,0.0021088618289414,0.0100536556114885,Solyc08g066050.3,up,,
leaf,16.1810671526988,1.13240430434717,1.20223497330931,0.0021104034245164,0.0100586241780903,Solyc03g098710.1,up,,
leaf,12.4050434623831,1.14491999234712,0.597930583931165,0.0021135396384051,0.010068806858268,Solyc03g043770.3,up,,
leaf,66.2178205678631,1.09926976397425,0.563999008369068,0.0021148377802086,0.0100702275576743,Solyc05g015150.3,up,,
leaf,1.53061603988893,1.38385667375253,1.03283964328598,0.0021184593582574,0.0100827051970749,Solyc08g076980.3,up,,
leaf,8.44007818947975,-1.19992582922367,0.64469344583968,0.0021277709371434,0.0101055938598828,Solyc00g019950.1,down,,
leaf,11.9762103697837,1.37184051666187,0.877603457195744,0.0021253906999239,0.0101055938598828,Solyc06g083490.3,up,,
leaf,10.1228426222716,1.30893178068157,0.763453601462295,0.0021338455076464,0.0101256588342613,Solyc02g088830.3,up,,
leaf,560.785762187249,-1.03763578306566,0.522904833441516,0.0021340195487756,0.0101256588342613,Solyc09g082270.3,down,,
leaf,8.70046206082372,1.36240693047013,0.857141094744617,0.0021376125619905,0.0101337131575918,Solyc03g117730.3,up,,
leaf,5.34269628394378,1.37934053616175,0.909802230860775,0.0021439082779452,0.0101580768428869,Solyc04g064610.3,up,,
leaf,20.1725269281824,1.11345607318955,0.57845108667161,0.0021805885384547,0.0102908655908048,Solyc02g078850.1,up,,
leaf,763.25930726349,1.18009129146999,0.63171618018008,0.0021815400542578,0.0102929444302792,Solyc03g083480.3,up,,
leaf,13.6620204172549,1.2143861437347,0.663866847696782,0.0021953544997428,0.0103363324763488,Solyc02g080850.1,up,,
leaf,13.6601422577589,-1.33068021447709,0.807839350240383,0.0022006735314122,0.0103526674331667,Solyc02g082940.3,down,,
leaf,117.525637813794,-1.01050574544309,0.508592905714896,0.0022008798505024,0.0103526674331667,Solyc10g047030.2,down,,
leaf,3.1542303213536,1.09512582793148,0.567501434536417,0.0022221211003447,0.0104403926296115,Solyc10g076280.2,up,,
leaf,28.0914720489416,-1.26099288585031,0.715479566120759,0.0022273297587873,0.0104575468534953,Solyc06g072620.3,down,,
leaf,53.4300225189737,1.20561984228905,0.659521918130436,0.0022403578059976,0.0105064695991628,Solyc04g008820.3,up,,
leaf,9.9044015796295,-1.14129495662302,0.605746497277189,0.002267841251103,0.0106042496477988,Solyc08g083130.3,down,,
leaf,8.84262626324296,-1.10452607424699,0.577371167823785,0.0022705780643257,0.010613595584045,Solyc02g090920.2,down,,
leaf,9.77963260324491,1.35809950171383,0.889728873862726,0.0022783564765479,0.0106450141847897,Solyc03g114240.3,up,,
leaf,73.597010935743,1.06205085660114,0.548116712590643,0.0022973023959724,0.0107111724212215,Solyc08g079680.3,up,,
leaf,2.78172670566591,-1.33011809087188,1.08942324069695,0.0023042239800426,0.0107363730667046,Solyc10g087010.2,down,,
leaf,43.1008561455172,1.05150773633063,0.541445343410324,0.0023102138736761,0.0107614079194228,Solyc08g080375.1,up,,
leaf,13.400578685211,-1.20981445523805,0.669741953406551,0.0023112943990392,0.0107614636582173,Solyc03g112755.1,down,,
leaf,1.98109664333565,1.33696526872044,0.853432870354638,0.0023535417081044,0.0109278554828584,Solyc07g055110.3,up,,
leaf,6.14027870814651,1.1460449095472,0.617130616704358,0.0023767299421934,0.0110228170609397,Solyc02g094100.3,up,,
leaf,0.992783243775385,-1.34244704761873,0.878170402225667,0.00238818611358,0.011055583704833,Solyc06g060500.1,down,,
leaf,15.4680629155143,1.09240294004564,0.576045524416881,0.0024017196525978,0.0111105735513611,Solyc09g014710.3,up,,
leaf,1121.13009491356,1.22993726384221,0.699272351234106,0.0024050766716894,0.0111207825035178,Solyc10g006900.3,up,,
leaf,16.4349000005264,1.10922295525315,0.589262367541916,0.0024066464751118,0.0111207825035178,Solyc10g008320.1,up,,
leaf,4.79434353275576,1.30101962095873,0.794228842947529,0.002412044711415,0.0111353207832503,Solyc01g106540.3,up,,
leaf,16.5603390854628,1.11343932492648,0.593596643926214,0.0024232501888786,0.0111819256138359,Solyc02g089250.3,up,,
leaf,1.71919023277987,1.31936279153202,0.83115847136594,0.0024281703591436,0.0111982282778131,Solyc04g008480.2,up,,
leaf,75.5158300670916,1.27744046420228,0.760585478580384,0.0024284510533952,0.0111982282778131,Solyc09g082870.2,up,,
leaf,1.23628596081464,-1.28808012519157,0.777346040700481,0.0024365899689646,0.0112254792211544,Solyc06g024310.1,down,,
leaf,78.6340069558098,1.04364543672931,0.542605689000785,0.0024400018578806,0.0112360579381416,Solyc06g065330.3,up,,
leaf,10.9741548861744,1.17532246447007,0.647940431786517,0.0024458100134814,0.0112602297809243,Solyc03g006320.1,up,,
leaf,26.5916771138645,-1.09181791311367,0.57830864929501,0.0024485822491652,0.0112704167419304,Solyc07g006850.2,down,,
leaf,3.83808277210757,-1.28578997655685,0.779372517588512,0.0024748379022844,0.0113730743846255,Solyc02g093890.1,down,,
leaf,54.7481300576084,-1.10938452875145,0.593932912480054,0.0024813634536664,0.011384879882403,Solyc06g075100.3,down,,
leaf,13.6967945768699,-1.21080652175455,0.687533632008254,0.0025000808440985,0.0114498927607623,Solyc11g056400.2,down,,
leaf,3.47328568744929,-1.33269350826736,0.88649668921078,0.0025059064446576,0.0114679496887156,Solyc11g012120.2,down,,
leaf,27.2605199910517,1.03995506244898,0.543766958780664,0.0025158060073962,0.011508826845554,Solyc05g005760.3,up,,
leaf,10.2956638117124,1.10394179858958,0.59197309839628,0.0025208488578256,0.0115278039743178,Solyc12g099515.1,up,,
leaf,14.4631082256448,1.15008588946335,0.633739447788755,0.0025661272591366,0.0116912316791517,Solyc07g048085.1,up,,
leaf,15.2825325718544,1.18941441108574,0.672081271767278,0.0025785697581326,0.0117386066782215,Solyc03g113450.3,up,,
leaf,16.3342674822434,1.13301349519601,0.619986336997209,0.0025846863533795,0.0117545162632131,Solyc07g006230.1,up,,
leaf,5.08744492366319,-1.19168606052504,0.675551461870583,0.0025925934934018,0.0117824950686145,Solyc06g064900.3,down,,
leaf,5.95636626809375,1.21019536352462,0.69648009283672,0.0026065651568536,0.0118326426390232,Solyc12g088930.1,up,,
leaf,12.263653245533,-1.17808619118836,0.66401330172487,0.0026196297145926,0.0118785640953005,ENSRNA050030035,down,,
leaf,71.0774759343143,-1.02016378278009,0.535534334102444,0.0026372206558366,0.0119529474459633,Solyc10g076660.2,down,,
leaf,9.17616935162211,-1.15558397716726,0.643881277862021,0.0026390955839336,0.0119587543873097,Solyc01g088260.3,down,,
leaf,3.70523443578477,1.04552598821875,0.55393858723201,0.0026408817480215,0.0119641565831422,Solyc01g107630.3,up,,
leaf,36.7991273686194,1.12958814791039,0.621630279373753,0.0026559206754388,0.012024174925756,Solyc06g084090.3,up,,
leaf,28.1164617700991,1.02146664480231,0.538134472614116,0.0026738060662073,0.0120779999519059,Solyc12g005610.2,up,,
leaf,5.14266820375264,-1.17693982083225,0.669683340361915,0.0027071710232893,0.0121986216445403,Solyc02g084005.1,down,,
leaf,279.587297666698,-1.01779981596922,0.537408930187805,0.0027152530118958,0.0122268334821385,Solyc01g100020.3,down,,
leaf,2.20625676430115,1.28213020607519,0.814928141860569,0.0027407810359733,0.0123197526504294,Solyc03g063720.3,up,,
leaf,200.77048146356,1.13786474867276,0.634750560874551,0.0027439817109587,0.0123258875160864,Solyc05g009120.3,up,,
leaf,69.7068885029954,-1.1975629683717,0.69618451176447,0.0027619904470824,0.0123902030256425,Solyc04g078450.3,down,,
leaf,1.83826710249914,1.29184031682619,0.840448409188695,0.0027640185096604,0.0123965399290982,Solyc08g081960.2,up,,
leaf,18.5581079302121,-1.06953177028004,0.580499580867714,0.0028050710981027,0.0125387798619585,Solyc05g053620.3,down,,
leaf,11.8255364518136,-1.19682379019676,0.701503136774431,0.0028327851994203,0.0126281235122811,Solyc05g056470.1,down,,
leaf,31.5779124757098,1.0349617024189,0.55532104308744,0.0028327591468004,0.0126281235122811,Solyc11g008810.2,up,,
leaf,5.87561045827037,1.19514239216599,0.701841812642251,0.0028589620052419,0.0127260138584716,Solyc05g008300.2,up,,
leaf,2.12810818950287,-1.16644873649818,0.670837186904439,0.0028630131613018,0.01273560315701,Solyc02g093670.3,down,,
leaf,5.09016845511364,1.0668758749063,0.58178721215201,0.0028707673802211,0.0127535464675681,Solyc08g079235.1,up,,
leaf,11.8318083769691,1.10143054360223,0.610235630680323,0.0028687947959262,0.0127535464675681,Solyc10g083310.2,up,,
leaf,1.59377480524484,1.19664547075828,0.709224228770321,0.0029229819168952,0.0129366516743801,Solyc02g067040.3,up,,
leaf,2.72443650957751,1.13398322025397,0.643672086678295,0.0029348694661507,0.0129807072435679,Solyc06g053440.3,up,,
leaf,4.1178931640531,-1.25851401979474,0.800818494183115,0.0029344801003843,0.0129807072435679,Solyc09g005970.1,down,,
leaf,10.9226051813456,1.29092651044982,0.884257623150654,0.0029403595701477,0.0129964280144648,Solyc07g005150.2,up,,
leaf,25.068600925856,1.07941269638415,0.596272695040767,0.0029526348248681,0.0130449595618542,Solyc11g010290.2,up,,
leaf,35.6827706552472,-1.01416085601338,0.545471916994342,0.0029570432173368,0.0130581243873929,Solyc12g006280.2,down,,
leaf,10.3259601633556,1.05430982863431,0.576551619287516,0.0029655278672843,0.0130781742220753,Solyc04g078590.3,up,,
leaf,12.3123321877248,1.16355267814781,0.675724992258807,0.0029689210730695,0.0130853409745659,Solyc02g085390.3,up,,
leaf,3.38416019547727,-1.09354959352887,0.61032835753362,0.002990284516786,0.0131708529930251,Solyc01g102260.3,down,,
leaf,4.47041171125379,1.1785473204163,0.697756262559449,0.0030386879866089,0.0133373836187138,Solyc09g008840.3,up,,
leaf,50.4224938814082,1.0321771183511,0.562797075003141,0.0030408712591381,0.0133411520151516,Solyc04g071660.3,up,,
leaf,1.95468542979877,1.28718828153525,0.918133211677621,0.0030531250648609,0.0133774298578267,Solyc05g052660.1,up,,
leaf,8.41060245516031,-1.09142690451334,0.612317007419053,0.0030594072017217,0.0133991258658575,Solyc09g092470.2,down,,
leaf,3.11399912635934,-1.03523101153037,0.567724131241025,0.0030968592600215,0.0135219898580868,Solyc01g008940.2,down,,
leaf,39.7153397906947,1.20034432359077,0.729957300344755,0.0030989260715987,0.0135280816935723,Solyc12g005430.1,up,,
leaf,4.5332606285737,1.19073122042807,0.721794676648538,0.0031465815351771,0.0137004853613356,Solyc02g067100.3,up,,
leaf,3.40056448106297,-1.14181873850002,0.666327824988776,0.0031578407053553,0.0137376301268397,Solyc12g095970.2,down,,
leaf,20.9951195286938,1.26097441327314,0.847737430453843,0.0031671850504842,0.013766387847832,Solyc07g014730.3,up,,
leaf,2.46568952944629,-1.27800272997378,0.928960026927442,0.0031691658246349,0.0137720254670544,Solyc11g006530.2,down,,
leaf,7.87012870327512,-1.25382896307544,0.833589749677626,0.0031895951941157,0.0138488524250655,Solyc00g257110.3,down,,
leaf,15.2934918221612,-1.03698168426026,0.574400611532161,0.003212783920986,0.0139113726129081,Solyc02g083520.2,down,,
leaf,14.1008730826776,1.00882639339712,0.552490409283744,0.0032160634340175,0.013916826225318,Solyc12g088530.2,up,,
leaf,8.73126615511179,-1.0719757590552,0.604284286702103,0.0032272075622067,0.0139550053065626,Solyc11g056310.1,down,,
leaf,3.97747668146623,1.22082573936416,1.07337963637576,0.0032458611670945,0.0140107738404512,Solyc03g098720.3,up,,
leaf,247.031236187775,1.08768242141865,0.620136560721877,0.0032632835013157,0.0140626992476467,Solyc07g055730.3,up,,
leaf,66.0513287997307,1.01265572127236,0.557681701727533,0.0032695687911395,0.0140840219789712,Solyc08g013900.3,up,,
leaf,8.24474889610244,-1.22983167523879,0.795373260982829,0.0032724429690517,0.0140901125016333,Solyc01g066957.1,down,,
leaf,19.0989859393582,-1.06451925244875,0.602031050501873,0.0033107420891394,0.014224936084937,Solyc10g086100.2,down,,
leaf,27.7330377451813,1.20453574647505,0.759099760469602,0.0033304489539201,0.0143001285077509,Solyc06g009190.3,up,,
leaf,46.9998040305191,-1.2106243758879,0.773497468709116,0.0033713915341413,0.0144389896407984,Solyc03g007080.3,down,,
leaf,24.2211476052121,1.1482978006832,0.689229245846775,0.0033835271043638,0.0144755741155683,Solyc09g074300.1,up,,
leaf,19.26511848298,1.21893338318858,0.791308158455249,0.003396123653505,0.0145232956749256,Solyc02g080160.3,up,,
leaf,9.21773119372445,-1.08847865808291,0.628847039925838,0.0034100123512545,0.0145720042512936,Solyc05g013285.1,down,,
leaf,5.21851685298921,1.19903068937923,0.760495397351386,0.0034251958985729,0.0146134920120857,Solyc07g045450.1,up,,
leaf,13.6925949601732,-1.03114874711372,0.580431558174817,0.0034537524789948,0.0146956429262187,Solyc01g110365.1,down,,
leaf,83.487031103567,-1.00576963662875,0.560147608968721,0.0034599576950507,0.0147119417128376,Solyc02g071365.1,down,,
leaf,9511.76587346389,-1.09496928498382,0.638211877732305,0.00346697823986,0.0147324632293799,ENSRNA050030201,down,,
leaf,8.20939763142487,-1.25082057643641,0.910508777664946,0.0034858148554279,0.0147944445446044,Solyc04g079700.3,down,,
leaf,3.12197251492511,-1.23817786253046,0.996034930528543,0.0035379352009014,0.0149582474426021,Solyc12g009130.2,down,,
leaf,24.5353398163819,1.13582847171503,0.686139552424184,0.0035440458122442,0.0149777949538867,Solyc09g042710.3,up,,
leaf,34.9573202896749,-1.21571663410366,0.810135855704163,0.0035797942024731,0.0151098522267843,Solyc09g082310.2,down,,
leaf,15.8347921652537,1.06668021039162,0.620119012047839,0.0036350859665057,0.0152983496734973,Solyc01g006100.3,up,,
leaf,9.62389274922393,1.20820739684102,0.802256560540115,0.0036375343373405,0.0153054557390252,Solyc08g075240.3,up,,
leaf,7.17340910354029,-1.04874658280773,0.603938088137725,0.0036389007255739,0.0153074413714581,Solyc02g005513.1,down,,
leaf,22.7245467343753,1.16366757408241,0.728391509384474,0.0036395262003729,0.0153074413714581,Solyc05g055540.2,up,,
leaf,6.18091693884758,1.14883922087771,0.712612973299315,0.0036905114235805,0.0154927638794829,Solyc03g113760.3,up,,
leaf,312.748805037487,1.05010661179217,0.608648583061954,0.0037136364089022,0.0155768564240127,Solyc12g057060.2,up,,
leaf,3.77520378414311,-1.23427312246084,0.921314053114656,0.0037154733811463,0.0155813168526025,Solyc06g084620.1,down,,
leaf,5.82923863259194,-1.12621160347571,0.693591262533333,0.0038208672654349,0.0159387384293566,Solyc11g063620.2,down,,
leaf,8.10204006911103,1.04928655448877,0.613156571706861,0.0038264428519979,0.01595367665596,Solyc12g100260.1,up,,
leaf,7.12475469059446,-1.12212194833718,0.695591762959985,0.0039251385359224,0.016297699523923,Solyc07g062630.1,down,,
leaf,3.03031957616344,1.12024713387782,0.69466454731695,0.0039458849895419,0.016363602112282,Solyc06g072240.1,up,,
leaf,42.7424970567449,1.08746265702402,0.659427406500361,0.0039874004892959,0.0165017917927676,Solyc01g067460.2,up,,
leaf,15.8122617368258,1.19909830548077,0.837090912572731,0.004003562240819,0.0165414873137596,Solyc07g065210.3,up,,
leaf,8.51169090661511,1.16792571000716,0.768491328695617,0.0040060405461257,0.0165483323790123,Solyc10g080950.2,up,,
leaf,95.3783759859308,-1.16235682645193,0.764980229258318,0.0040685683558077,0.0167585079391982,Solyc04g040190.1,down,,
leaf,1.7113454292638,-1.18713031399487,0.818985187239451,0.0040926506571646,0.0168439251198632,Solyc03g080030.3,down,,
leaf,10.2980331222095,-1.04001200141289,0.617190322472769,0.0041058124685264,0.0168842945571785,Solyc01g103060.3,down,,
leaf,3.59545972710927,1.16036866740171,0.765795790008808,0.0041123247396063,0.0169041724296226,Solyc01g097070.3,up,,
leaf,6.42138276149315,1.04406022198799,0.624543854688665,0.0041817786114352,0.0171337235133297,Solyc06g076860.3,up,,
leaf,57.8392590023154,1.12664824936515,0.720321881396788,0.0041950922046244,0.0171742982084443,Solyc04g082710.3,up,,
leaf,3.50223606072483,-1.02052235952257,0.602931784888511,0.0041992872610588,0.0171809961430523,Solyc09g010568.1,down,,
leaf,4.13262742760458,-1.10369878937844,0.694272963015903,0.0042590942888329,0.0173727576277182,Solyc12g040870.2,down,,
leaf,1.91094222679548,1.18069169625817,0.839688167250654,0.0043259352822332,0.0175919621350174,Solyc02g065020.2,up,,
leaf,11.8602226411054,-1.19099182095047,0.908150118840804,0.0043497029819959,0.0176850459150913,Solyc08g007845.1,down,,
leaf,2.17477828778571,-1.12869504201308,0.736579285412109,0.0043711292002084,0.0177616489853939,Solyc08g067795.1,down,,
leaf,5.79863387843069,1.06374090379055,0.654799748863923,0.0043883540023686,0.0178170180035695,Solyc06g084150.3,up,,
leaf,5.63364488914684,1.12842290920527,0.737875495058931,0.0043930430497141,0.0178324613275577,Solyc10g084560.2,up,,
leaf,13.6200882123974,1.18623092467769,0.938581756064196,0.0044049399891892,0.0178699499017622,Solyc07g005765.1,up,,
leaf,1.70047490311508,-1.03179214867261,0.622778507546545,0.0044133678748611,0.0178983759689578,Solyc01g110730.3,down,,
leaf,1952.0186561322,-1.05859730973497,0.653057316131439,0.0044661025295188,0.0180671293732816,Solyc01g090890.3,down,,
leaf,85.5130793202359,-1.13540688390491,0.762336097634363,0.0045463377001574,0.0183401429915024,ENSRNA050029900,down,,
leaf,5.74572849818236,-1.03760116280031,0.639840125315535,0.0046648196442746,0.0187131641655007,Solyc03g116620.3,down,,
leaf,4.7505054273659,-1.08650846574039,0.697504847694238,0.0046726241862572,0.0187407400158488,Solyc02g091810.2,down,,
leaf,6.15801296096769,1.02431526416834,0.626784327999761,0.0046816402695571,0.0187674191494525,Solyc07g063080.3,up,,
leaf,7.9124653089082,1.14403355954454,0.79892071497625,0.0047315531439022,0.0189205764193921,Solyc03g007130.3,up,,
leaf,17.083713410525,1.02433035561533,0.630759140275707,0.0047750322633439,0.0190641625070908,Solyc09g091390.3,up,,
leaf,15.0494126152352,1.12379465036953,0.782904206080071,0.0050018655378783,0.01978157778597,Solyc01g099180.3,up,,
leaf,3.37966602250847,1.06284494506894,0.686687845127165,0.0050236574650397,0.0198521696411281,Solyc12g088220.2,up,,
leaf,4.46875686376527,-1.13405746134524,0.975002210881369,0.0050887495267393,0.0200621634307269,Solyc02g069430.3,down,,
leaf,4.84425771051383,-1.07701276125821,0.711673164214668,0.0051245183187838,0.0201759040106922,Solyc11g021310.1,down,,
leaf,1.43074420497227,-1.13198081240509,0.965673601050072,0.0051848470814018,0.0203692588089713,Solyc02g030380.2,down,,
leaf,4.95548134718575,1.13730707027983,0.854084195204249,0.0052124455049242,0.0204497618543406,Solyc02g083640.3,up,,
leaf,49.3619132895644,1.13558335602674,0.949444572813622,0.0052110172955668,0.0204497618543406,Solyc03g121900.1,up,,
leaf,33.4527728728618,1.04372209445878,0.672436018042745,0.0052146080203501,0.0204542618784602,Solyc05g050210.3,up,,
leaf,97.0712477976871,1.08080002209889,0.727106626415025,0.0052789808839621,0.020646453002867,Solyc02g086467.1,up,,
leaf,10.0586846882808,1.06885066767291,0.712700839681718,0.0053388394419834,0.0208382175927825,Solyc07g042390.2,up,,
leaf,3.32696534967501,1.0891812132853,0.753723640863611,0.0054538272764642,0.0211903913970956,Solyc00g156980.3,up,,
leaf,3.5272172665646,1.07415073608566,1.02633270155862,0.0054563167423338,0.021195975279477,Solyc04g082690.1,up,,
leaf,12.3267839997902,1.03548938705794,0.673976497441165,0.0054594817589514,0.021200092845344,Solyc09g055180.3,up,,
leaf,218.018011980616,1.12226201591121,0.943725814276135,0.0054798065977446,0.0212585255184464,Solyc07g043390.3,up,,
leaf,8.26925033865207,-1.04242657300316,0.692795895298926,0.0056571535511831,0.0218413622441885,Solyc03g117130.3,down,,
leaf,3.80720480145583,1.04667456799236,0.699444298781767,0.0056712607903596,0.0218900412217528,Solyc04g016080.2,up,,
leaf,4.28273881658081,-1.11189743350158,0.904409435744657,0.0058109306735678,0.0223067973369553,Solyc08g080950.1,down,,
leaf,268.8988194182,-1.0169246561811,0.667307051689182,0.0058224164502832,0.0223423722883607,Solyc05g053150.2,down,,
leaf,12.1210925158685,-1.04559141916436,0.707683636312232,0.0058534996991167,0.0224402723524191,ENSRNA050030030,down,,
leaf,18.9364253783036,1.04936796290512,0.713988592217145,0.0058643955964189,0.0224601202721728,Solyc03g121240.1,up,,
leaf,13.0125158565152,1.1068239236954,0.869465395094656,0.0059141248728186,0.0226081425675296,Solyc10g085670.2,up,,
leaf,20.4200501908301,-1.09431800051423,0.814124482270811,0.0059505101925144,0.0227084456797322,Solyc08g083170.1,down,,
leaf,2.30455706017749,1.04167531083725,0.70777064886438,0.005962658687176,0.022734026399895,Solyc03g116370.3,up,,
leaf,3.58987165516634,1.02838547849467,0.6887490164302,0.0059628567903209,0.022734026399895,Solyc05g043330.3,up,,
leaf,3.86491949583169,1.04742864012071,0.721255398545033,0.0060439793736639,0.0230084733593535,Solyc07g053700.3,up,,
leaf,282.739610023415,1.09128437698573,0.826190606224744,0.0061071493152993,0.0231788583962237,Solyc12g010980.2,up,,
leaf,7.08427580584863,1.07243614338778,0.781609862058976,0.0062110439461678,0.0235050964239426,Solyc06g008980.3,up,,
leaf,6.81211133592206,-1.0905925870073,0.848487852465268,0.0062356820599416,0.0235778314344556,Solyc00g019990.1,down,,
leaf,7.0109681687497,-1.09285321979866,0.888263096869018,0.0062473610422372,0.0236175574535929,Solyc07g054840.3,down,,
leaf,4.86109983170724,-1.06887201621179,0.778741647659721,0.0062743913208459,0.0236821734102151,Solyc11g056450.2,down,,
leaf,5.07235220543938,1.01321786785604,0.684571498599422,0.0063182296927828,0.023831794470418,Solyc11g071240.2,up,,
leaf,3.76931426249119,-1.07238864764844,0.798471859791823,0.0063805031018058,0.0240082371523581,Solyc03g025490.3,down,,
leaf,8.17654663731057,1.04846805975231,0.748780777067513,0.0064534917017785,0.0242333889913358,Solyc10g008210.3,up,,
leaf,299.310926758206,1.05045589646592,0.984405404775739,0.0064789825390983,0.0243151977459509,Solyc06g069730.3,up,,
leaf,23.306689844794,-1.06980760685382,0.806550359355782,0.0065195406653754,0.0244173648348816,Solyc02g036220.1,down,,
leaf,4.86781005101949,-1.05288893067018,0.764788615082051,0.0065479757033325,0.0244783456972021,Solyc01g068410.3,down,,
leaf,4.35319555153386,1.06973530800958,0.937328337288961,0.006585149398414,0.0245944890010856,Solyc07g007860.1,up,,
leaf,23.0989707941925,1.06332845353376,0.809178006304225,0.0067173708688527,0.0249633365388252,Solyc11g016930.1,up,,
leaf,13.1718074454693,1.04943482148862,0.771137444406989,0.0067271754368445,0.024990551023409,Solyc08g006790.3,up,,
leaf,3.40253698190849,1.07266131739331,0.880981950935879,0.0067365460982169,0.0250161341280024,Solyc10g084023.1,up,,
leaf,29.3232065538939,1.06030369368738,0.802582393166156,0.0067467902003389,0.0250403258181733,Solyc01g066760.2,up,,
leaf,3.64241349053788,1.01627414438859,0.712141449490454,0.0067964958058094,0.0251866345110998,Solyc07g056060.3,up,,
leaf,44.1076136816982,-1.06654893231284,0.899771370924895,0.006855557236041,0.0253598960235701,Solyc03g098090.2,down,,
leaf,3.60570186665527,-1.06261447804073,0.859440123002624,0.0069828737853188,0.0257146548906671,Solyc02g077580.1,down,,
leaf,6.18224715723495,1.05726327210137,0.879535831082719,0.0071338301763116,0.0261324826022238,Solyc10g084290.2,up,,
leaf,4.88116916975556,1.00547942933635,0.713124339219174,0.0071644362181498,0.0262189834632213,Solyc08g061010.3,up,,
leaf,2.44498391135781,1.02787788417286,0.755791074128088,0.0071734964446189,0.0262420205934462,Solyc12g010700.2,up,,
leaf,2.39805435836868,1.03767862314698,0.786893446414125,0.0072585285987793,0.0264617706853599,Solyc06g082850.3,up,,
leaf,6.67060959344913,-1.01922351633453,0.970656281073053,0.0073198154337624,0.0266081433796864,Solyc01g009370.2,down,,
leaf,5.4993399182232,1.00145058712644,0.72614740697002,0.0075525927482319,0.027262423500876,Solyc06g034390.1,up,,
leaf,19.5149689408561,-1.03333785862696,0.820035235294493,0.0076724887990266,0.0275913710748073,Solyc11g005930.2,down,,
leaf,9.9719766961861,1.02383976562322,0.819012682082811,0.0079656436113228,0.0284374324032729,Solyc05g014710.3,up,,
leaf,2.22350343886677,1.00208002448804,0.75685019498903,0.0080485418414325,0.0286846104568983,Solyc05g007760.1,up,,
leaf,87.727026870908,1.02512150151123,0.851133375882267,0.0080486244062319,0.0286846104568983,Solyc06g065970.1,up,,
leaf,41.9532426696952,1.01549301903203,0.80448237972585,0.0081355099239964,0.0289004304919111,Solyc06g061200.1,up,,
leaf,6.73721233170495,1.01767444787348,0.889173756102685,0.0082152063541261,0.029142424512999,Solyc02g085120.3,up,,
leaf,15.1901242637229,1.01558893383461,0.852585424261275,0.0083499853171351,0.0294906898575726,Solyc01g080750.3,up,,
leaf,6.37314670103681,1.00117444021882,0.861744212609692,0.008816052038955,0.0308393400779148,Solyc01g080790.3,up,,
root,15.0706550751247,3.17720211116266,1.11452990711549,0.0043621665610729,0.0258584318623155,ENSRNA050029543,up,2.85071050213947,1.27273199409415
root,30.1316379495957,2.67756732238635,0.972312126959229,0.0058905128054552,0.0314699039040367,ENSRNA050029547,up,2.75381459116433,1.09647851761747
root,22.7123326482931,3.03533347699655,1.0611061787941,0.0042292420985567,0.0253634000347756,ENSRNA050029557,up,2.86053699210957,1.26440938562256
root,18.5682063687216,3.94513460668417,1.14512940669596,0.0005707572677364,0.0066727866345807,ENSRNA050029622,up,3.4451430411407,2.23636323652038
root,670.057672033285,2.20637139575204,0.790490453812138,0.0052522364782894,0.0291325635627389,ENSRNA050029646,up,2.79114236625101,1.01876348953104
root,7115.97533404944,2.307424068115,0.831969061931989,0.0055465471011077,0.0302152568459001,ENSRNA050029649,up,2.77344936692325,1.0329616098121
root,13845.7610947629,2.35164285117872,0.832785911314691,0.0047454078443376,0.0273570412514293,ENSRNA050029653,up,2.82382641111958,1.08303942422411
root,182.587363261073,3.94805199770459,0.967551435338867,4.49472497946599e-05,0.0011519360976255,ENSRNA050029658,up,4.08045696952727,2.97146660457731
root,136854.28101712,2.22725880786602,0.766537659212824,0.0036653902733327,0.0230458538727263,ENSRNA050029732,up,2.90560911273851,1.1063128552498
root,28636.7349312654,2.10682877363181,0.796821631233648,0.0081922820077588,0.0388109821187025,ENSRNA050029735,up,2.64404063726281,0.895886173179362
root,11401.8852677299,2.25573646980447,0.790973824322225,0.0043465991757183,0.0257879427837091,ENSRNA050029737,up,2.8518471793139,1.07653860716671
root,360.842388368023,2.87772379457773,0.783994553455491,0.0002419897610738,0.0037182548226902,ENSRNA050029739,up,3.67059156456385,2.04685916496971
root,536.894189588145,3.05502138758872,0.773471989596023,7.82326940961e-05,0.0017257115456586,ENSRNA050029745,up,3.94975051285869,2.36023060816302
root,72380.6092056212,2.24297945500605,0.796742509912444,0.0048748801493681,0.0277637287857386,ENSRNA050029894,up,2.81518737496828,1.04619231630022
root,15870.1990723571,2.28564815915799,0.779047035486926,0.0033472918027205,0.0217542954590648,ENSRNA050029895,up,2.93390264649347,1.14695255409872
root,41.5131911552566,3.03634536889183,1.09533110955214,0.0055699360418022,0.0303112836989105,ENSRNA050029897,up,2.77207991484268,1.16746656663542
root,8212.31582772074,2.04466743841972,0.776360719131944,0.0084470902342883,0.0396209489793201,ENSRNA050029905,up,2.6336564795626,0.875548873713488
root,35961.8530917883,2.41958827467337,0.803121709807595,0.002589097888696,0.0183335165962843,ENSRNA050029910,up,3.01272926024255,1.25630384897516
root,12.6387287449284,2.73736437139594,0.990886152022983,0.005735322499279,0.0308996740078925,ENSRNA050029911,up,2.7625417569994,1.11498519311367
root,17429.1424602123,2.41801956692948,0.810002605899783,0.0028339320926058,0.019514812485863,ENSRNA050029918,up,2.98519973802239,1.2330509021315
root,14510.0295888108,2.21900625070914,0.798919817104538,0.005477747740326,0.0299490058320138,ENSRNA050029920,up,2.77750808429226,1.01268074385297
root,4.26633988080027,-2.14983093727213,0.832977312313591,0.0098543193247793,0.0441723161269855,ENSRNA050029931,down,-2.58089975019966,-0.864470386579856
root,237.997192693017,2.18556254949249,0.781633765995062,0.0051715945705762,0.0288384240392623,ENSRNA050029936,up,2.79614653892306,1.01634864978372
root,763.898469244476,2.42632533312604,0.766034074967555,0.0015381619135259,0.0130633152891514,ENSRNA050029954,up,3.16738564564351,1.38588909732838
root,40.3723597119359,3.00269193594809,1.09852989147134,0.0062689295675104,0.0327006948718675,ENSRNA050029968,up,2.73337299172294,1.12259787066882
root,93.5496792631683,4.72376161078751,0.954436824371735,7.44939250569033e-07,6.29578377067258e-05,ENSRNA050029990,up,4.94926588137141,3.88246705455849
root,44.7376201291873,2.36728196880392,0.814570649104171,0.0036588090483729,0.0230182294810047,ENSRNA050030024,up,2.90617145536406,1.15234890046909
root,51.782359866754,3.28706329741734,1.17412810896223,0.0051169442461431,0.0286537984874498,ENSRNA050030039,up,2.79957806335346,1.22371567440577
root,13074.6449515013,2.1204103588657,0.762449098694611,0.0054183108257623,0.029746226806386,ENSRNA050030060,up,2.7810516957736,0.987538129326843
root,48.6457861846645,2.40410677635638,0.843997776505994,0.0043929270253142,0.0259603359507758,ENSRNA050030062,up,2.84847524872514,1.11695062480432
root,129.976888263873,2.38975631266241,0.827840346539066,0.0038926102175953,0.024001198189006,ENSRNA050030063,up,2.88673573673138,1.14368888122699
root,269.834835583802,2.49683208147045,0.815975582293675,0.0022138517969146,0.0165617835813268,ENSRNA050030064,up,3.05993480154388,1.32460231574362
root,8915.86936205828,2.68373940280349,0.798037351524979,0.0007712143832856,0.0080645120985037,ENSRNA050030065,up,3.36292455193369,1.67610152802336
root,15732.1107635817,2.44917624414523,0.810938581792951,0.0025262886429412,0.0180527885072328,ENSRNA050030066,up,3.02017476925343,1.27319291069498
root,2455.4396417128,2.35791171422069,0.813083080759064,0.0037320544585102,0.023304852826377,ENSRNA050030068,up,2.89996406273689,1.14451186705326
root,127.045145840361,3.32856502817146,0.769222670952519,1.51030471168581e-05,0.0005349008669396,ENSRNA050030073,up,4.32718009214385,2.74501216540479
root,2367.17838227924,2.74006738623013,1.01821444780139,0.0071227225915149,0.0355299616886596,ENSRNA050030084,up,2.69105137149321,1.04842894357565
root,12.1562615627155,2.06013822539893,0.769542708785412,0.0074263780145319,0.0365056526367228,ENSRNA050030095,up,2.67709407402546,0.905612032470883
root,1177.03569730806,2.3789270882275,0.797502245926432,0.0028546385280714,0.0195805127720778,ENSRNA050030096,up,2.98297227422097,1.21754780183391
root,159.983198816841,4.08745310373684,0.935548866990514,1.24792271611556e-05,0.0004714773005015,ENSRNA050030127,up,4.3690428666601,3.24010489793692
root,20.1175251865113,2.5435975773634,0.633203572037053,5.89362898919704e-05,0.0014061851298034,ENSRNA050030178,up,4.01702973528797,2.03173011571247
root,20142.2268816104,2.24423255023539,0.755918889293517,0.0029888719138376,0.0201567031791443,ENSRNA050030201,up,2.96888010343656,1.15800210517499
root,13397.7765811769,1.97365649285642,0.722527216887235,0.0063027306829543,0.0327978893402799,ENSRNA050030202,up,2.73160158777029,0.915397055145182
root,81.3621143212169,2.42155540509125,0.866414770542346,0.0051913405871002,0.0288935655421681,ENSRNA050030206,up,2.79491473070737,1.07816452447005
root,11.0080291602579,3.25428179594699,1.18660696401172,0.0060971541568542,0.0321494643139163,ENSRNA050030265,up,2.74251027901,1.15496155002346
root,308.080165135526,3.6395524865879,0.890465309060583,4.36520560802476e-05,0.00113015858249,ENSRNA050030290,up,4.08724792482655,2.80779385695903
root,38.956708976386,3.58971161544319,1.32049235557385,0.0065585689613981,0.0336424008412019,ENSRNA050030304,up,2.7184645183979,1.14046154795573
root,2956.05381500836,2.19820915878146,0.750718940189729,0.0034099792391935,0.0220324234294099,ENSRNA050030404,up,2.92813866961437,1.11222921186457
root,620.910853548583,1.98648019144015,0.757743949961865,0.008752531661601,0.040686608413239,ENSRNA050030422,up,2.62157182718532,0.855270835856854
root,10.153947374272,3.2391090971841,1.01699007045489,0.0014475611200345,0.0124968716165561,ENSRNA050030457,up,3.1849957942414,1.69617717916658
root,82.1415103159364,2.92797965425601,0.835692566291801,0.0004589169847178,0.0057622010897395,ENSRNA050030523,up,3.50365645496677,1.92912475486273
root,2208.08629478214,2.38307521786061,0.796037614388802,0.0027564243396615,0.0191313304102367,ENSRNA050030525,up,2.99367162403542,1.22762022044847
root,445.866668315466,2.45979763152901,0.8116732208621,0.0024412733824157,0.0176543495050025,ENSRNA050030528,up,3.03052702529275,1.28577530656768
root,24.687022104591,2.94868042538336,0.771481995979156,0.0001323206406557,0.002436181594015,ENSRNA050030532,up,3.82209881857441,2.2053248408255
root,19.3607324478397,-2.0556674130282,0.490002458769267,2.72608583192044e-05,0.0008160419665282,Solyc00g005040.3,down,-4.19521856725249,-1.68384460818443
root,12.2784957771743,1.67946814456345,0.595336957621534,0.0047868541161261,0.0274930562280999,Solyc00g006805.1,up,2.82103794004859,0.868107116825651
root,14.8973245473044,3.59043039617435,0.732327742157395,9.44972876706473e-07,7.59543216840459e-05,Solyc00g009070.1,up,4.90276441746853,3.11267658681433
root,588.100745602148,-1.07222832190908,0.287453073817979,0.0001914048158112,0.0031841288094325,Solyc00g009110.3,down,-3.73009864764234,-0.807593433149189
root,27.8795257645383,2.81548830500507,0.985070455115462,0.0042610638593162,0.0255106195890328,Solyc00g009760.2,up,2.85815932290352,1.22329209332104
root,24.5800075801705,3.42870652575601,0.761853540936895,6.78002252851031e-06,0.0003079684714138,Solyc00g010525.1,up,4.50047987115678,2.88220418183148
root,43.3882446896853,2.24452341318492,0.876587008378422,0.0104513984457518,0.0458493285162395,Solyc00g011150.1,up,2.56052552882003,0.867835704450461
root,2068.13688259535,2.47712929100373,0.786034681953142,0.0016247592389349,0.0134718019795693,Solyc00g011160.2,up,3.1514249280306,1.39498758147701
root,41.6783552191879,2.72549364528234,0.790127174611002,0.0005617574936468,0.0066190245063678,Solyc00g012430.1,up,3.44943666394485,1.77426780308303
root,7.93696684625932,5.2732187185382,1.83301934804247,0.0040173800243267,0.0245618086089285,Solyc00g026160.3,up,2.87679381244373,1.27565670529274
root,69.67646382034,3.38342983985273,0.74430596755976,5.47396347483261e-06,0.0002642066223953,Solyc00g048510.3,up,4.54575132716651,2.8664100253069
root,2095.38101423677,1.16062429335027,0.244747856132736,2.11490763920357e-06,0.0001356893791445,Solyc00g049520.2,up,4.74212240993367,0.965751122063231
root,12374.2377409639,2.23425260711987,0.780073129699153,0.0041811954340476,0.0252334604858327,Solyc00g068970.2,up,2.86415788732724,1.07882175799022
root,212.057695094514,2.89972524321522,0.737249467380139,8.38339658409381e-05,0.0017933461654484,Solyc00g068980.2,up,3.93316695571117,2.24667094106529
root,227.525715961109,6.01449081162529,1.17864953048473,3.34547597706035e-07,3.38472098371433e-05,Solyc00g072400.3,up,5.10286616680005,4.73765672691965
root,1292.87222683865,-1.05606893849542,0.345937259133768,0.0022673516991885,0.0168839876708153,Solyc00g095860.1,down,-3.05277593150802,-0.704313208712301
root,242.482990807607,-1.52109127814191,0.481200661864168,0.0015721056714647,0.0131964067611905,Solyc00g140060.3,down,-3.1610332210459,-0.930386896964268
root,34.9931070838111,2.21717784147116,0.797680667450442,0.005443752075487,0.0298375522918349,Solyc00g174330.3,up,2.77953062164304,1.01360708678347
root,270.761107120703,-1.22866379155976,0.475435713866753,0.0097579689787082,0.0438868773643806,Solyc00g188857.1,down,-2.58429006430111,-0.657969912920547
root,11.4016245795796,-2.6567191771364,0.782047140613519,0.0006809553433836,0.0074519106844337,Solyc00g217560.1,down,-3.3971343147578,-1.69241065179873
root,8.77101590117037,-1.13458106984373,0.419841268942691,0.0068839890254152,0.0347235534637678,Solyc00g273110.2,down,-2.70240482242493,-0.662470437352682
root,6.14099321154492,-2.92537803778139,1.04698024841761,0.0052042764102734,0.0289425985142165,Solyc00g278110.3,down,-2.79411005336802,-1.17617453179475
root,1197.1246193863,3.12855023917747,0.708596189263534,1.00945390155176e-05,0.0004173467171759,Solyc00g282510.2,up,4.41513839134397,2.63967720737176
root,461.581969920184,-1.08810580721822,0.384035313882044,0.0046063164343895,0.0268147504966232,Solyc01g005080.3,down,-2.83334830908917,-0.675954934133766
root,1214.97922313886,-1.05732230873004,0.362053338508609,0.0034963895855799,0.022342570829315,Solyc01g005210.3,down,-2.92034956254076,-0.681900099576356
root,4588.87924109793,1.09970366610403,0.31216030928476,0.0004268827590397,0.005474296636948,Solyc01g005470.3,up,3.52288113957773,0.79591224479236
root,588.776644442271,4.61955615114202,0.739218111144421,4.12437708068627e-10,1.88681285404265e-07,Solyc01g005500.3,up,6.24924644228514,4.11297681836444
root,141.987000943569,1.25057821186169,0.308142668546676,4.94018418522862e-05,0.0012346940141799,Solyc01g005590.2,up,4.05843896192602,0.961047124752408
root,8.99577981470333,7.45455496643644,1.7102336923166,1.30781629266866e-05,0.0004845367264598,Solyc01g005880.1,up,4.35879318711051,4.63677181968965
root,106.494833258932,3.31915510269372,0.74720087216131,8.9077318887757e-06,0.0003794621657234,Solyc01g006050.2,up,4.44211888175789,2.78497464025821
root,48.2166807893269,1.63988689587805,0.626630427570237,0.0088708387169183,0.0410001911080661,Solyc01g006060.3,up,2.61699212761934,0.769581789374631
root,37.1911353152798,1.8108495268126,0.673267307959227,0.0071528231164121,0.0356086574137498,Solyc01g006240.3,up,2.689644225117,0.847650504991278
root,43.1146478269096,1.72981405723284,0.599120878450651,0.003886205628175,0.0239827892197409,Solyc01g006320.3,up,2.88725384050411,0.915290022837371
root,106.220267798121,-1.67546932236178,0.65041161495413,0.0099946645447232,0.0445399444680973,Solyc01g006360.3,down,-2.57601384083514,-0.760595089030263
root,87.3526737236124,-1.02466132205138,0.380764836807888,0.0071225215298655,0.0355299616886596,Solyc01g006380.2,down,-2.69106078870504,-0.629072489133086
root,888.530740174715,2.39640551854758,0.44381691298718,6.68133760190336e-08,9.43638043586942e-06,Solyc01g006400.3,up,5.39953626917503,2.22317182619556
root,218.72389066656,1.3682326954341,0.466853899725249,0.0033814332187541,0.0218820414239997,Solyc01g006530.2,up,2.93075134691887,0.795114221185223
root,132.422946328514,-3.12004218832024,0.55957773548786,2.46524813115535e-08,4.51118971061159e-06,Solyc01g006540.3,down,-5.57570823578259,-2.85862921354492
root,241.472151815356,-1.51506854096688,0.360312068874678,2.6122222418474e-05,0.00079668992547,Solyc01g006720.3,down,-4.20487869223675,-1.19123273524566
root,43.698048854075,2.21802810027124,0.569400755287656,9.80478882268556e-05,0.0019974053822322,Solyc01g006790.2,up,3.89537259948087,1.7135261790235
root,289.785560809259,-1.03040139817307,0.2659567938941,0.0001069233798201,0.0021224077163721,Solyc01g006880.3,down,-3.87431876842133,-0.799170487479075
root,987.359813412935,1.28321059144997,0.443825329090185,0.0038371107147043,0.0237844353108212,Solyc01g007020.3,up,2.89125137152598,0.753962923145462
root,4.31175544973903,-2.65236246886474,0.820001179562037,0.0012182019850673,0.0110755221343864,Solyc01g007240.3,down,-3.23458372374704,-1.54445863344301
root,408.149101860327,1.6631923171795,0.456159036817156,0.0002662711655372,0.003949628421091,Solyc01g007770.2,up,3.64607994787169,1.17337643468983
root,295.845118321272,1.64912005342496,0.463844629240724,0.0003775070518626,0.0050225167865449,Solyc01g007780.3,up,3.55532855069257,1.13433192213713
root,22.1410539044708,1.03245696437899,0.359628174727423,0.0040930340964088,0.024886971836125,Solyc01g007955.1,up,2.87090121668452,0.664534366250247
root,178.130038605478,1.66306804960593,0.385168052488654,1.57611714269102e-05,0.0005482282504262,Solyc01g008030.3,up,4.31777256410671,1.34675355831449
root,205.342176804368,-1.14700126861378,0.41951740454298,0.0062551618047217,0.0326553274667734,Solyc01g008230.3,down,-2.73409697951225,-0.673116371525428
root,162.898206558734,1.00942497655746,0.391465255853704,0.0099206960568862,0.0443533307459344,Solyc01g008400.3,up,2.57858126989104,0.603098433107776
root,28.7552081264192,3.38531017660918,0.75517694465315,7.36686104958024e-06,0.0003284496269647,Solyc01g008450.1,up,4.48280393168524,2.84586716822784
root,71.4801490584797,-1.60852600741934,0.555335882369954,0.003773601188491,0.0234819517941942,Solyc01g008480.3,down,-2.89649212032686,-0.873643038108763
root,9.11633452347307,2.01375039668876,0.790285928166629,0.0108302452000672,0.0469727287696235,Solyc01g008610.3,up,2.54812887958213,0.818622675049592
root,66.0943790285165,4.20871861978909,0.961327280658248,1.19757471745224e-05,0.0004607269168933,Solyc01g008640.3,up,4.37802890281784,3.31459759662307
root,30.0975033970488,-1.42681879022703,0.562008213665743,0.0111237725595827,0.047831767418034,Solyc01g008830.2,down,-2.53878636563065,-0.689817346424249
root,58.5089397079027,4.74621905477071,1.30331750457585,0.0002709019716973,0.0039949972616674,Solyc01g008870.2,up,3.64164452491974,2.72512047764647
root,158.599358267889,2.57320115736927,0.671355444033479,0.0001266699239983,0.0023667104227939,Solyc01g009370.2,up,3.83284470281431,1.95674727169855
root,97.7583222393195,2.07620820597786,0.621451931949294,0.0008350756234098,0.0085374385380632,Solyc01g009480.3,up,3.34089910938963,1.32072890221746
root,72.9110768147576,1.42428874006632,0.467948021987395,0.0023369577571064,0.0172197785162437,Solyc01g009680.3,up,3.04369005347497,0.850018912325036
root,159.963625194619,2.65818995262718,0.822661730722302,0.0012326883724248,0.011147698370996,Solyc01g009810.3,up,3.23120652554637,1.54386217487232
root,2326.93560595779,1.22223821787748,0.330289623853464,0.0002151713186444,0.0034421873911108,Solyc01g009860.3,up,3.70050443491904,0.890408469219913
root,23.2119378943577,2.31255699751056,0.901934669720954,0.0103474700014469,0.0455453166095899,Solyc01g009930.2,up,2.56399612427143,0.881272229536608
root,9.63340874091562,-2.015313197519,0.702636468668966,0.0041279354328615,0.0250196639542449,Solyc01g009960.3,down,-2.8682160510921,-1.00893796959357
root,2078.67575150586,-1.23514266276452,0.376058197998888,0.0010218325257034,0.0098054918699971,Solyc01g010050.3,down,-3.28444551757431,-0.823455478276282
root,35.4047045050503,-1.32402537794027,0.470756216175724,0.0049150387235244,0.0279244262683178,Solyc01g010295.1,down,-2.81254996205092,-0.746598489694174
root,208.219570152501,-1.14768694596303,0.441088417514787,0.0092697241929755,0.0422233930556228,Solyc01g010770.3,down,-2.6019430581048,-0.642747003237653
root,779.278884804742,1.04583571414956,0.300211132678021,0.00049459384428,0.0060938131493145,Solyc01g010940.3,up,3.48366732712484,0.763099611457092
root,68.9665825031593,-1.21057035633127,0.446040839097949,0.0066469184738728,0.0339756503192081,Solyc01g011091.1,down,-2.71403479282182,-0.68656123813897
root,13.1345965632367,3.19187721391642,1.20453131495955,0.0080517639785817,0.0383872499241673,Solyc01g014140.3,up,2.64989143434898,1.04969028501794
root,341.596092754945,7.12661635291341,2.44126668010297,0.0035089840874277,0.0223902550442175,Solyc01g015080.3,up,2.91922894413682,1.11337127469186
root,1361.95132174628,1.51843185806437,0.358693041149963,2.30353801181639e-05,0.0007224389555985,Solyc01g022750.3,up,4.23323478257706,1.19936835559315
root,38.366801689267,-1.27425260316914,0.461927532860026,0.0058057496868344,0.0311118401858271,Solyc01g034155.1,down,-2.7585552116359,-0.716481409817772
root,11.4628778434578,2.34440087250403,0.92770856237427,0.0115012787229232,0.048903227145556,Solyc01g048590.2,up,2.52708767342197,0.859905777724855
root,173.322593490304,-1.01443023618428,0.293399911769107,0.0005452119577502,0.006495729182687,Solyc01g049770.3,down,-3.45750014056785,-0.744090684729943
root,3.67632104397257,-1.78413222104383,0.679825191085257,0.0086802156578846,0.0404218761461663,Solyc01g056655.1,down,-2.62439851367627,-0.808742135562909
root,112.76793982124,4.61479205744488,0.916745747702503,4.80639744723328e-07,4.55611837295393e-05,Solyc01g057080.1,up,5.03388433380816,3.8421418724068
root,6.95805778262877,-1.36027924258473,0.516792626157545,0.0084844686975512,0.0397124464571325,Solyc01g057170.3,down,-2.63215683377426,-0.704134624833619
root,13.8246376190914,-1.73700069710932,0.56447926102721,0.0020897353773214,0.0159566006097074,Solyc01g057260.3,down,-3.07717363069888,-1.00285470234631
root,658.469523645994,1.61575182189691,0.353911210595641,4.98505330721001e-06,0.0002477151298073,Solyc01g057460.3,up,4.56541576961509,1.34689056125698
root,14.7296350952539,-1.79812555166494,0.651638258795207,0.00579089829776,0.0310643784366295,Solyc01g058160.3,down,-2.75939223548574,-0.878362466441566
root,150.574871449578,2.13944114950263,0.455244748971019,2.60747470160835e-06,0.0001567762789161,Solyc01g058250.2,up,4.69954053141385,1.8870397535371
root,11279.1382447535,2.32430433083529,0.823968126762485,0.0047894085238693,0.027500221821639,Solyc01g058500.3,up,2.82086679732126,1.07327022583007
root,50.9280068269501,-1.4194656255804,0.488324320611311,0.0036513584318064,0.0229919769117097,Solyc01g058520.3,down,-2.90680919558426,-0.806921798492181
root,6163.11632405229,1.39785900393473,0.402353673922806,0.0005123700914147,0.0062145914718914,Solyc01g059930.3,up,3.47420464763275,0.950834877451554
root,34294.7828526434,3.10443780967841,0.713463959348099,1.3538285472792e-05,0.0004946174991136,Solyc01g059965.1,up,4.35121882332356,2.59831856460351
root,32.8692191291781,2.69868611310792,0.669982339407803,5.62543255467901e-05,0.0013498472369517,Solyc01g060085.1,up,4.02799589537433,2.15581205125696
root,532.229061382039,3.10591743192952,0.668818204474787,3.41911481379609e-06,0.0001873746149518,Solyc01g060240.3,up,4.64388889409575,2.69380672554857
root,39.3663010035438,-1.20240025525338,0.467427814633242,0.010100302867165,0.044804125956286,Solyc01g060245.1,down,-2.57237634905579,-0.648624426456596
root,249.423042886508,1.7056831023463,0.501490275781625,0.0006708368732233,0.0073834158787195,Solyc01g060260.3,up,3.40122866727139,1.11780020214652
root,137.405275774648,1.52008250568446,0.41447426643889,0.0002449378629959,0.0037432624465405,Solyc01g065700.3,up,3.66749549675258,1.07696518480422
root,8305.46897913166,1.12241629064067,0.437121229541894,0.0102362128790945,0.0452829228143084,Solyc01g066720.3,up,2.56774600450537,0.628567027196731
root,110.107507009998,1.4895008388056,0.529612375272921,0.0049167827547006,0.0279267952199513,Solyc01g066860.3,up,2.8124358650759,0.800647997348495
root,60.4816185297709,-1.52950254512668,0.464309586643566,0.0009872198032614,0.0095781712954517,Solyc01g066880.3,down,-3.29414379785533,-0.976963378962718
root,72.193432112882,-1.00598287090297,0.291109958454843,0.0005489064879688,0.0065224100128839,Solyc01g067273.1,down,-3.45568003321678,-0.739674187975993
root,955.969181419452,-2.43118808097383,0.544309060734913,7.94880569598045e-06,0.0003463243624559,Solyc01g067295.1,down,-4.46655816769117,-2.10105193924046
root,107.549911309778,3.2271203892798,0.55152236874935,4.877585584852981e-09,1.25123356832526e-06,Solyc01g067340.2,up,5.85129556322025,2.9722423416794
root,311.861593573212,-1.70811795878841,0.515736173332665,0.0009263170468886,0.0091863411567974,Solyc01g067600.3,down,-3.31199952051187,-1.08505460791544
root,18898.9710336597,1.08368322098984,0.333065270366702,0.0011392605092311,0.0105848115480175,Solyc01g067740.3,up,3.25366622523183,0.748342427090055
root,1270.39905434263,1.03791496161464,0.305072357781307,0.0006684747505777,0.0073728420603554,Solyc01g067750.3,up,3.40219274261052,0.748522996893175
root,403.947221630564,4.88028488390065,0.877472628067685,2.67080112392625e-08,4.80378964546188e-06,Solyc01g067860.3,up,5.56175170346647,4.16909405145757
root,1822.84118041566,1.73346202221029,0.440086052300686,8.18505555020344e-05,0.0017687975265481,Solyc01g073640.3,up,3.93891606686484,1.31764492012239
root,769.224761363369,1.39891491703506,0.469763854304145,0.0029022030925806,0.019797070301545,Solyc01g073720.2,up,2.97791093166854,0.820387282497299
root,1111.21878285182,-1.56682080815263,0.507396579966573,0.0020153497412108,0.0155655646502669,Solyc01g073750.3,down,-3.0879609165987,-0.927460969130535
root,168.574104769554,2.18356014099494,0.529915740053213,3.77919994116539e-05,0.0010235454769869,Solyc01g073800.2,up,4.12057988837182,1.77428692512872
root,55.4657071192265,3.76092817437334,0.944017315803522,6.77759989181772e-05,0.0015503023056892,Solyc01g073810.2,up,3.98396100517726,2.7963127675678
root,890.853132204261,1.82619349287275,0.509960169114724,0.0003422145334265,0.0047200140811183,Solyc01g073820.3,up,3.58105123394827,1.26942633334727
root,70.3493817161093,1.74439437231349,0.509133271982239,0.0006120808451125,0.0069549834257819,Solyc01g073830.1,up,3.42620384152451,1.15210138435976
root,58.2091207447772,2.65530310075336,0.489125182647727,5.67730174286662e-08,8.59518977531548e-06,Solyc01g073840.1,up,5.42867796415572,2.45555082916844
root,36.4233841149263,2.86311972476619,0.607236644457602,2.41712809522174e-06,0.0001478664059181,Solyc01g073860.3,up,4.71499826451284,2.52263634095497
root,78.7416892681934,1.86513861898803,0.527559750832838,0.000407146997456,0.005318436632195,Solyc01g073970.3,up,3.53540734683342,1.27862237135579
root,348.642557515049,1.77785146454066,0.591173673838364,0.002635576832947,0.0185433229262916,Solyc01g079110.3,up,3.00732516215996,0.989806361095361
root,11.6616300155636,2.4090931056237,0.750560068602203,0.0013286097695805,0.0117684755376051,Solyc01g079370.3,up,3.20972725089179,1.41189909737294
root,315.039642172796,1.63150594395968,0.316420628517871,2.52105694058879e-07,2.6794506190783e-05,Solyc01g079410.3,up,5.15613015371888,1.44135537212738
root,14.3686433728836,1.69201563707015,0.556513642835498,0.0023627603770349,0.0173488937105107,Solyc01g079460.2,up,3.04038482947002,0.966376439328928
root,15.6176764987548,-1.96836890644155,0.772452074555035,0.0108277749596721,0.0469727287696235,Solyc01g079620.3,down,-2.5482084536771,-0.809861151291481
root,122.397192907087,-1.21788561278243,0.449317109730524,0.006717662461709,0.0341715501523072,Solyc01g079790.3,down,-2.7105257877067,-0.687749585634897
root,40.7291420015625,5.05776276301188,0.948680992575443,9.74783343440769e-08,1.25848715824341e-05,Solyc01g079920.3,up,5.33136302149499,4.22607282401727
root,7.08790208646417,3.79203379562656,0.819031114667159,3.65838834766664e-06,0.0001979386124885,Solyc01g079930.2,up,4.62990199971534,3.17276744234559
root,1572.9846631578,2.22524820418424,0.544895778100694,4.43041775174588e-05,0.0011411714953211,Solyc01g079940.3,up,4.08380518553591,1.79728062721629
root,393.830114392022,1.41230070882756,0.530869695119122,0.007805882668557,0.0376428055149835,Solyc01g079960.2,up,2.66035285459391,0.726652595017688
root,4461.68555997399,2.54838109253579,0.57669150950165,9.9173514821166e-06,0.0004116385494865,Solyc01g080010.2,up,4.41896759454284,2.188097743404
root,119.432282292756,-1.22185357752603,0.391888418595156,0.0018216875877908,0.0145762713298365,Solyc01g080100.3,down,-3.11786090006471,-0.783276811020498
root,62.0800916371033,-1.23738383194925,0.453527300890995,0.0063650916630687,0.0329604189681777,Solyc01g080150.3,down,-2.72835577818204,-0.69780418961507
root,3299.50990086763,2.07996942031677,0.493428469385404,2.49400690733569e-05,0.0007695614923696,Solyc01g080220.3,up,4.21534132983349,1.71229687669358
root,109.039638758225,2.63300680449764,0.741791400825503,0.0003859274462777,0.0051067541794322,Solyc01g080230.3,up,3.54952457195851,1.80419258735494
root,25.0427692752902,1.28628531893925,0.432664031402865,0.0029495963172774,0.0199907584221533,Solyc01g080290.3,up,2.97294257340648,0.775681098477757
root,588.381410460467,-1.16679369361795,0.42961464325112,0.0066094352859663,0.033814913382973,Solyc01g080460.3,down,-2.71590764408821,-0.674627830652572
root,788.906444888022,4.46460811444916,0.720058223409155,5.63401636684732e-10,2.28004308507567e-07,Solyc01g080570.3,up,6.20034320740235,3.98658681939609
root,173.933861675727,2.24644387159872,0.606477166470569,0.0002121538802607,0.0034158497037074,Solyc01g080600.3,up,3.70408647809784,1.64184186823016
root,40.3414385388883,-1.64308409640046,0.531522303920601,0.0019929582140599,0.0154247196236398,Solyc01g080700.3,down,-3.09127967778734,-0.964345276292499
root,180.553901991006,2.0779379808803,0.68054238806627,0.0022629752609635,0.0168633326457919,Solyc01g080750.3,up,3.05335570174352,1.14754223882865
root,162.606805689684,-1.00723656034201,0.337774972296063,0.0028639528132829,0.0196319304588974,Solyc01g080770.3,down,-2.98197511051577,-0.674162195099055
root,447.098641734986,-1.10832228767244,0.368523663547722,0.0026343582810794,0.0185409483836243,Solyc01g080840.3,down,-3.00746572690282,-0.716334540696978
root,44.4871362495922,2.17121121179072,0.79190509147061,0.006111156025936,0.0321829748272767,Solyc01g080920.3,up,2.74175685341114,0.975324367784696
root,123.324911107483,1.81350228003203,0.477633569739926,0.0001465473170468,0.0026157266666108,Solyc01g080960.3,up,3.7968484522968,1.33962443230685
root,30.0202901182015,2.02330614832446,0.660732028451472,0.0021970267313939,0.0164845635280063,Solyc01g080990.3,up,3.0622189650264,1.12847517013084
root,6.13736078587548,-5.20436110668973,0.907815918822548,9.876427030443931e-09,2.14267557142951e-06,Solyc01g081160.3,down,-5.7328374605282,-4.43987087588234
root,1131.50417121455,1.81028195527081,0.442693552378646,4.32781405947662e-05,0.0011243767786126,Solyc01g081250.3,up,4.08924400534851,1.42783293730261
root,14.3843329475289,-1.46221069644256,0.520669013060516,0.0049799082089324,0.0281485867173714,Solyc01g081290.3,down,-2.80833055120299,-0.790240856804562
root,32.7076363733938,-1.73885395203552,0.673963091525123,0.0098787930467343,0.0442392379886471,Solyc01g081420.2,down,-2.58004329005708,-0.77700556970864
root,63.5791276266283,-1.53062888604312,0.542068775276726,0.0047475724505901,0.0273570412514293,Solyc01g081480.3,down,-2.82368023367834,-0.818416468161023
root,141.190923657228,-1.11060850384557,0.362026792488311,0.0021567535309551,0.0163067462764121,Solyc01g081490.3,down,-3.06775224068928,-0.728287164515504
root,1172.25329425025,1.27796345179885,0.30904428588847,3.5462804196089e-05,0.0009832401205566,Solyc01g086650.3,up,4.13521139251883,0.991001690944602
root,2023.4950481363,3.50435693801392,0.712988165549118,8.87696821385598e-07,7.18488150355328e-05,Solyc01g086660.2,up,4.91502819729832,3.05350393218827
root,1298.33773609742,2.58665700167052,0.593173479856559,1.29641616009344e-05,0.0004820102769082,Solyc01g086670.3,up,4.36070911716422,2.20208828916743
root,735.905571730971,3.39104478833016,0.64424095103428,1.41239997331601e-07,1.68878096809444e-05,Solyc01g086680.3,up,5.26362812374174,3.03328140552246
root,128.694787795323,2.22161524367191,0.625631386993553,0.0003837746390621,0.0050921522726509,Solyc01g086800.3,up,3.55099710445762,1.53792761227282
root,331.290426546746,-1.08293519566587,0.351547146826728,0.0020666478456038,0.0158147408228682,Solyc01g086810.2,down,-3.08048352956662,-0.719578174341314
root,394.932816856584,1.8252717224175,0.582771714711469,0.0017358871340097,0.0141498460443724,Solyc01g086820.3,up,3.13205269978004,1.07093012823925
root,12.4134297861492,4.32628528761637,0.907999113060829,1.89194848382209e-06,0.0001248092912023,Solyc01g087280.1,up,4.76463602814834,3.56491232304754
root,11.498119143875,-2.19689340352837,0.740799912571327,0.0030212336824702,0.0203189989738112,Solyc01g087360.2,down,-2.96556919924966,-1.13797561208847
root,66.3453359228292,-1.18673682869106,0.33903452998596,0.0004646614771801,0.0058204381701067,Solyc01g087385.1,down,-3.50034207058557,-0.838194687315736
root,111.66091080499,-1.9461857024122,0.653610015110246,0.0029051990017979,0.0198000271729426,Solyc01g087410.3,down,-2.97759467789663,-1.04619456246529
root,311.753891396583,-1.06924787034319,0.423923647752337,0.0116601759307527,0.0493815138431798,Solyc01g087420.3,down,-2.52226521453189,-0.605823903116363
root,674.296663697951,1.39887443118226,0.30484236007785,4.45704569978198e-06,0.0002293253538049,Solyc01g087560.3,up,4.58884529966576,1.14813870598914
root,1778.12119488593,1.58506324477014,0.443564245424109,0.0003522824680566,0.0048139170505085,Solyc01g087570.2,up,3.57346937027035,1.09598433430856
root,26.520211221396,4.02336483207304,0.834014798131499,1.40641886834209e-06,9.8441391440556e-05,Solyc01g087740.1,up,4.82409285912775,3.38958511566207
root,2394.80613820434,1.35603992653178,0.327717679382372,3.50606534055615e-05,0.0009746583755173,Solyc01g087850.2,up,4.13782963765464,1.04990524749532
root,3319.25556771669,-1.11737790934259,0.247554337674102,6.3716155546695e-06,0.0002946907202911,Solyc01g088100.3,down,-4.51366726126037,-0.914749387784327
root,75.2064303299534,1.46871682993512,0.270507844507158,5.65186050950471e-08,8.59518977531548e-06,Solyc01g088530.2,up,5.42947962418982,1.29980112670137
root,1496.05038069674,1.17862308221824,0.320828491138751,0.0002390766587551,0.003693927464642,Solyc01g088570.3,up,3.67368583143856,0.860729062909488
root,12.3338692596378,2.5549351194156,0.647616435611441,7.97545944412408e-05,0.0017465130322765,Solyc01g088590.3,up,3.94513631668935,2.00490626285061
root,155.811047806263,-1.3615991656983,0.412009907168166,0.0009505339490024,0.0093254249057378,Solyc01g088680.3,down,-3.30477287562542,-0.89049466385329
root,161.805378696593,1.11757936851353,0.389587111003011,0.0041226011975911,0.0249945317205725,Solyc01g088810.3,up,2.86862510835192,0.692661964566125
root,285.740618716,2.1897682403284,0.685485556944085,0.0014008416740236,0.0122219370597653,Solyc01g088830.2,up,3.19447757599803,1.2925029942504
root,42.0003233247525,1.08981056601129,0.361790028365466,0.0025929874009031,0.0183479579235393,Solyc01g089850.3,up,3.01227364097057,0.710240385123538
root,2317.21780390216,3.53613929099514,0.730899171805269,1.31107834572724e-06,9.52455146270589e-05,Solyc01g090120.3,up,4.83806717452029,3.05827100436979
root,78.0786071769361,2.16934201411356,0.466023985615405,3.23979488747396e-06,0.0001837688507062,Solyc01g090180.3,up,4.65500077479671,1.90671710150933
root,296.956055036462,1.27637768072229,0.420478257636163,0.002401070568348,0.0175262069903808,Solyc01g090210.3,up,3.03553788464071,0.787087403627994
root,100.879903524889,3.24139716046102,0.924096934063168,0.0004521044612193,0.0056981047906383,Solyc01g090300.3,up,3.50763760919419,2.08092103232623
root,40.6142552613145,1.80156514921168,0.561368713611722,0.0013308782075992,0.0117736180315071,Solyc01g090560.3,up,3.20923682693467,1.09452503036213
root,496.607610562588,2.4527552444099,0.740421587933079,0.0009241759269356,0.0091737538709592,Solyc01g090610.3,up,3.3126468546884,1.51533383545225
root,553.110142582308,1.92093177129981,0.636031241834894,0.0025262065157727,0.0180527885072328,Solyc01g090630.3,up,3.02018461507974,1.05890007968882
root,118.202929366675,-1.35084733308379,0.518843623567481,0.0092257574799786,0.0420686544764185,Solyc01g090790.3,down,-2.60357316101447,-0.692993924076658
root,27.3565764140957,1.51050907557101,0.59590842536154,0.0112511327009035,0.0482512403826806,Solyc01g090810.3,up,2.53480066950653,0.706846716763657
root,279.357607859759,-1.2286092236943,0.460039404175738,0.0075702092816725,0.0369880390349469,Solyc01g090860.3,down,-2.67066084457619,-0.680564310939839
root,564.473934140413,1.48909458307852,0.565602473952892,0.0084694605971035,0.0396729929704542,Solyc01g090890.3,up,2.63275825629176,0.737397601765934
root,55.9114013765044,1.51128321113076,0.569716386981944,0.0079852238137965,0.0382094262483141,Solyc01g090925.1,up,2.65269394678418,0.750402063074269
root,13.2334070541835,2.84059509477269,1.0062741389324,0.0047593798934707,0.0273800958114264,Solyc01g090980.1,up,2.82288392881328,1.19212820782775
root,134.661717477225,-1.07571418543013,0.391654637854035,0.0060218608160338,0.0318843146740488,Solyc01g091000.3,down,-2.74658865607775,-0.654858698331362
root,22.5511821943417,-1.87168928868885,0.493628184081023,0.0001496204368771,0.0026593010757121,Solyc01g091430.2,down,-3.79169858822654,-1.38519504727783
root,346.045553586414,1.1067564501946,0.234419819552238,2.34390385604868e-06,0.0001451787091765,Solyc01g091490.3,up,4.72125800757206,0.923068502168106
root,622.28480716837,-1.20722878693326,0.298916186206859,5.3751331190872e-05,0.0013061697616405,Solyc01g091630.3,down,-4.03868657048174,-0.92869177889692
root,133.581010218436,1.87660536325005,0.521632840396955,0.0003212165968304,0.0045166408026637,Solyc01g091660.3,up,3.59755985037672,1.31304404319109
root,34.6496702365154,-1.50627339432925,0.36757786117787,4.17032518915029e-05,0.0010956344978836,Solyc01g091705.1,down,-4.09783491721329,-1.16337453824488
root,39.0638831238091,-2.01166013161601,0.507890495292175,7.46944858077797e-05,0.0016722029354669,Solyc01g094070.3,down,-3.96081468399749,-1.56557735959053
root,18.1293276778663,-2.12322767251329,0.688729482054377,0.0020505049084611,0.0157312523855839,Solyc01g094090.3,down,-3.08281804080758,-1.18664932534568
root,20.6188968106949,5.46632190603212,1.12458532403075,1.16945120293941e-06,8.85249320671115e-05,Solyc01g094160.1,up,4.86074447996499,4.28808638270695
root,447.563371728439,1.87365546933668,0.426548640776943,1.12005609651022e-05,0.0004413943912914,Solyc01g094237.1,up,4.3925950998786,1.5645132379368
root,87.6546919047025,3.70016611964411,0.947391711419284,9.39783182835667e-05,0.0019408044454949,Solyc01g094380.2,up,3.90563488686311,2.69789742848063
root,13.4333382203323,1.10869961102126,0.353017434727212,0.0016858084958233,0.0138687075786189,Solyc01g094510.2,up,3.14063698264077,0.740453945024888
root,419.592898567428,-1.04209485553058,0.321010368646804,0.0011691697740508,0.010748802413773,Solyc01g094580.3,down,-3.24629656021224,-0.728718377626094
root,787.687111234177,-1.32616678918028,0.496963395762689,0.0076181666054717,0.0371791971348671,Solyc01g094800.3,down,-2.6685401791917,-0.70611422611415
root,143.649681932875,-1.39335401930702,0.355786196780996,8.99303564721911e-05,0.0018812071785296,Solyc01g094835.1,down,-3.91626778080066,-1.04053826036572
root,15.4517576324152,-1.60446773943558,0.568207348330085,0.0047467414845101,0.0273570412514293,Solyc01g094990.2,down,-2.82373634228944,-0.843581192304535
root,195.517999137008,3.02062705560691,0.847194281472985,0.0003632353440866,0.0048936777086802,Solyc01g095080.3,up,3.56544788092178,2.03482974245664
root,4191.68413128804,-1.52681686383608,0.516844373573694,0.0031356880984225,0.0208096563680872,Solyc01g095320.3,down,-2.95411334997996,-0.863348155840469
root,13.1155703446491,1.08306512371293,0.379165307422412,0.0042841323503039,0.0256067812113379,Solyc01g095520.3,up,2.85644573095484,0.678802470261011
root,20.5865835374736,-1.10030346578198,0.393254464054164,0.0051429231830039,0.0287326959852747,Solyc01g095600.3,down,-2.79794272247711,-0.67274354994466
root,15.8916470482547,-3.45283944370414,0.660622768233767,1.72615219599743e-07,1.95639293758383e-05,Solyc01g095690.2,down,-5.22664311576122,-3.07453734412193
root,276.391230061572,-1.07565172799816,0.419401516281768,0.0103256064726362,0.0455058709581444,Solyc01g095710.3,down,-2.56473018394026,-0.616667156240487
root,836.214169992301,2.04801788145318,0.546359734431849,0.0001779103729401,0.0030168782338053,Solyc01g095770.3,up,3.74847879956397,1.50994846835735
root,289.399272114465,-1.06475833484361,0.40007891089004,0.0077823199266876,0.0375768917080841,Solyc01g095900.3,down,-2.66137080926082,-0.634388796201304
root,1216.1725859843,-1.10847327167492,0.432612648088838,0.0103988459103407,0.045694991300315,Solyc01g096200.3,down,-2.56227661528586,-0.623985372788509
root,49.9420963771049,-1.45195623856646,0.391344423895553,0.0002071161523925,0.0033682784474107,Solyc01g096280.2,down,-3.71017484831717,-1.03993236599569
root,5544.43076220758,3.26432096042324,0.668491638274403,1.04423392196055e-06,8.10880393126857e-05,Solyc01g096420.3,up,4.88311412368527,2.8694193905462
root,19.9214087240793,3.32109372194658,0.936024904190063,0.0003880464345454,0.0051262078898774,Solyc01g096430.3,up,3.5480826493824,2.15978985875328
root,1684.29467407989,2.45058791549395,0.550800229430232,8.62143824416854e-06,0.0003710215673011,Solyc01g096435.1,up,4.44914105796384,2.11317866178995
root,1443.5196610506,1.03507508775775,0.392532797567796,0.0083664128384634,0.0393597886123665,Solyc01g096450.3,up,2.63691363924559,0.621396233028089
root,1320.54172207251,1.03378409407821,0.304766783216573,0.0006937184031048,0.0075640466709528,Solyc01g096510.2,up,3.39204976069714,0.745183230560859
root,1385.93314472263,1.70220908307972,0.38925550382773,1.22558276934147e-05,0.000467231228225,Solyc01g096670.3,up,4.37298655084158,1.3950215764028
root,92.1474965261217,6.40323035929895,0.992821423758297,1.12198443436654e-10,7.61646465703529e-08,Solyc01g096720.3,up,6.4495287934659,5.5175940178081
root,184.637263904686,1.02320634233801,0.295026106849831,0.0005239783401045,0.0063249126226259,Solyc01g096740.3,up,3.46818914862619,0.749785576311024
root,465.654498002717,-1.09218226504466,0.429655430408305,0.0110221523290211,0.047530773281131,Solyc01g096900.3,down,-2.54199571970206,-0.615536683251751
root,173.256877485542,1.30001249041971,0.38950380165513,0.0008450171422147,0.0086072317235073,Solyc01g097020.3,up,3.33761181507221,0.866465242683757
root,2272.79393958035,3.77482716149222,0.603110560673638,3.87626235985299e-10,1.81271255779436e-07,Solyc01g097240.3,up,6.25893063002573,3.45264800590787
root,114.841250509864,3.55519299767252,0.753041590164545,2.34559784831903e-06,0.0001451787091765,Solyc01g097390.3,up,4.72111108351358,3.04066752718703
root,3106.36343833091,1.86691851653343,0.593523783203553,0.0016581326446694,0.0136956672091279,Solyc01g097520.3,up,3.14548223570202,1.09853780978013
root,199.049867932795,4.64773893253842,1.2012247676219,0.0001092079355546,0.0021454685164679,Solyc01g097550.3,up,3.86916675198073,3.04896232109749
root,8.96022339556491,2.44204506566564,0.968792108625052,0.011711794938023,0.0494905647943285,Solyc01g097570.2,up,2.520711145275,0.868014630017146
root,2144.92044879728,1.19880034739048,0.350639099110797,0.0006287461050817,0.0070708892870111,Solyc01g097880.3,up,3.41890094524705,0.83065353558319
root,440.586522944202,1.26403655457021,0.344376043414522,0.000242064679105,0.0037182548226902,Solyc01g097950.3,up,3.67051244923185,0.910599671387824
root,213.33025742792,1.56174830112805,0.322772119537969,1.30791299446145e-06,9.52455146270589e-05,Solyc01g098010.3,up,4.83854771398349,1.33336979509568
root,208.748334517435,-1.41816330802838,0.544668953667189,0.0092219118368771,0.0420686544764185,Solyc01g098060.1,down,-2.60371607098231,-0.70955687646074
root,489.825481071829,-1.46323524916228,0.474777972028079,0.0020565915845333,0.0157549739005893,Solyc01g098190.3,down,-3.08193584237253,-0.878437640025958
root,56.3400423326116,-2.03291776477905,0.788097264503309,0.0098935872250643,0.0442791683462897,Solyc01g098340.3,down,-2.5795264827626,-0.840743741169372
root,532.756927054171,1.02230780485435,0.331988646651374,0.0020745581604799,0.0158637361661118,Solyc01g098580.3,up,3.07934567993793,0.695262125719592
root,363.45474819924,-1.15207135020578,0.41072555436503,0.0050321836357346,0.0283299284190474,Solyc01g098790.2,down,-2.80496632839621,-0.690381257550372
root,802.455752249836,1.16464178525284,0.263188271416116,9.63851223773903e-06,0.0004039444290078,Solyc01g098840.3,up,4.42512798532529,0.941259583333608
root,39.2911412781524,1.3762205034183,0.416885367003656,0.0009627343963813,0.009389444525944,Solyc01g099020.3,up,3.30119647352896,0.897151099610498
root,94.1061355611934,1.45276868951821,0.356052773833927,4.49957932070045e-05,0.0011519360976255,Solyc01g099030.3,up,4.08020607135003,1.11631382168248
root,48.6516916138615,1.00912313359129,0.343459040972722,0.0033021149151089,0.0215672583096064,Solyc01g099330.3,up,2.93811783417701,0.667783726998099
root,1047.96023753277,1.31273249978749,0.41960033625544,0.0017568270550785,0.0142458848122473,Solyc01g099410.3,up,3.12853061916598,0.824649499293039
root,740.719903016529,1.20067417152602,0.410982721510431,0.0034838251916695,0.0223165028324057,Solyc01g099630.3,up,2.92147116821198,0.732341141229746
root,79.5851415831414,2.98638580031268,0.903406874672371,0.0009474182368363,0.0093112734468641,Solyc01g100210.3,up,3.30569302054041,1.7544682255568
root,147.457227532048,3.95807169489502,0.897046755930552,1.0226124976387e-05,0.000420818747534,Solyc01g100390.3,up,4.41233600002166,3.18647596542625
root,46.654206623306,-1.38576780126827,0.503825085468647,0.0059505507753003,0.0317021241811191,Solyc01g100450.1,down,-2.7504938543885,-0.747645950257993
root,13.0067287632365,-1.5068611059979,0.508349490803902,0.0030344858360028,0.0203627933459327,Solyc01g100640.3,down,-2.96422271145577,-0.858874882656438
root,95.9311678506714,-1.17252355831758,0.338949380673317,0.0005416052542484,0.0064721981660444,Solyc01g100900.3,down,-3.4592880977932,-0.824003349779459
root,156.957430464523,-1.29554602553916,0.462882335102901,0.0051282278520434,0.0286940778831169,Solyc01g100920.3,down,-2.79886685511806,-0.73379330103069
root,322.83166274541,3.39058787155078,0.891050756899381,0.0001417143712646,0.0025573216459201,Solyc01g101050.3,up,3.80515682782104,2.44879935146752
root,296.542833322555,5.63316210167213,1.24221602930293,5.76667044128059e-06,0.0002727051972276,Solyc01g101170.3,up,4.53476848534402,4.15970991809373
root,545.776561011601,6.9018656106181,1.24007350532459,2.6111600208651e-08,4.73700443785216e-06,Solyc01g101180.3,up,5.56569072799562,5.54486109050876
root,656.706726886188,7.87573544453195,1.34220035718745,4.4167066330036204e-09,1.15758146115078e-06,Solyc01g101210.3,up,5.86777927926898,6.40232867974484
root,200.361175663092,1.08679332355818,0.349577982654799,0.0018780283988346,0.0148297296904604,Solyc01g101260.2,up,3.10887234746522,0.725986053897374
root,1210.16955133721,1.5440099265732,0.379689349175942,4.77227665351439e-05,0.0012056157250487,Solyc01g102380.3,up,4.06650839673076,1.18850225468207
root,19.5112850196463,-1.47937621885515,0.370775527420046,6.60869221359249e-05,0.0015199269829818,Solyc01g102460.3,down,-3.98995108751928,-1.120134286502
root,92.249949763617,2.36796975739211,0.8942765556306,0.0080989497031053,0.0385075231703906,Solyc01g102520.3,up,2.64791662319978,0.951895133198265
root,19.1390769462381,-1.34776591348983,0.480861988689172,0.0050659137460431,0.0284665123823052,Solyc01g102650.2,down,-2.80281233533104,-0.751444810936415
root,46.7269303056393,1.25008963409114,0.305576628807683,4.29664780487315e-05,0.0011190427772988,Solyc01g102730.3,up,4.09092030031489,0.965055804653244
root,1839.74755651545,1.22051735185618,0.347633316797613,0.0004465365990841,0.0056540642821429,Solyc01g102830.3,up,3.51093319564289,0.858138360645397
root,2421.91901031902,3.64650238690472,0.712831523938042,3.12881350243441e-07,3.22758585025636e-05,Solyc01g102890.3,up,5.11551785302591,3.19872514932752
root,2518.35806161262,3.61316973230292,0.838882639112958,1.65392521383424e-05,0.0005715139934306,Solyc01g102900.3,up,4.3071218354495,2.9215149313457
root,2769.82480451468,3.63800185707684,0.76637111774028,2.0640515082528e-06,0.0001336489228912,Solyc01g102910.3,up,4.74704979462671,3.10572799575511
root,329.211454832724,1.52140679540577,0.550182995348457,0.005687498034243,0.030752237572613,Solyc01g103060.3,up,2.76527411473738,0.794273525269003
root,9.99745056981252,-1.77493019677198,0.700518783097361,0.0112853471788175,0.0483487064395429,Solyc01g103340.3,down,-2.53373676709151,-0.763151928382831
root,527.518090125786,2.62184114375001,0.719342091147801,0.0002676242816969,0.0039577550133731,Solyc01g103390.3,up,3.64477649231748,1.86815650734542
root,462.13251329261,-1.20493347264163,0.329310444190328,0.0002532416697911,0.0038394940195144,Solyc01g103530.3,down,-3.65895917939739,-0.873715489420849
root,27.6844703182337,-1.59169565750844,0.498029069846481,0.001393522027135,0.0121681649539539,Solyc01g103610.3,down,-3.19598945900705,-0.977676789940111
root,476.115340717332,2.2883081304666,0.620157520640293,0.0002243580138851,0.0035339745839806,Solyc01g103630.3,up,3.68988209334944,1.66524180895673
root,1112.61026734916,3.37044050538557,0.576932550874329,5.15775149322108e-09,1.29213955265886e-06,Solyc01g103650.3,up,5.84200094149263,3.08742406036554
root,411.071222963601,-1.16265015421531,0.339957187437291,0.0006262345617392,0.0070510862050509,Solyc01g103780.3,down,-3.41998991984769,-0.812509846929152
root,411.076630508905,1.09588770617258,0.415331215040053,0.0083252240095677,0.039216080790628,Solyc01g103864.1,up,2.63858738878295,0.637889104312099
root,75.690571574369,1.84762575493264,0.636510150075707,0.0036990936781415,0.0232021977247267,Solyc01g104230.3,up,2.90274358502042,0.967126348987859
root,472.607101016755,-1.17598168551123,0.328998020210371,0.0003509864285931,0.0048024436952628,Solyc01g104240.3,down,-3.57443392747249,-0.844217639733352
root,63.488380885581,2.76752109999772,0.704873676507561,8.62749725511787e-05,0.0018320590538516,Solyc01g104290.2,up,3.92626536106436,2.1508544117415
root,532.764920535434,1.39785970645633,0.481859895378709,0.003720129266749,0.0232856633817567,Solyc01g104720.3,up,2.90096710654391,0.797289345242251
root,20.5858111270441,4.17998370489243,0.823852466322522,3.90145412762464e-07,3.78351155123193e-05,Solyc01g104850.3,up,5.07370418340903,3.56514151256729
root,80.3449856916646,2.11745752453321,0.619269003312856,0.0006278581201791,0.0070655862465511,Solyc01g104870.3,up,3.41928550146319,1.39168852809732
root,18679.4810386515,2.42897201332101,0.560336153860624,1.45860923187838e-05,0.0005229126520553,Solyc01g105070.3,up,4.3348479240288,2.06081247105785
root,18.5816807326074,-1.16569107577941,0.461244567970687,0.0114952014297262,0.048903227145556,Solyc01g105320.3,down,-2.52727328780919,-0.628757812930807
root,1111.75384772442,3.21517501726595,0.561310118315942,1.01631532769207e-08,2.18238160775019e-06,Solyc01g105370.3,up,5.72798335955926,2.95100792067334
root,19.7504582463463,-1.48926549625588,0.40202990214394,0.0002119209365427,0.0034158497037074,Solyc01g105490.3,down,-3.70436499452886,-1.06453330145285
root,24.1206558546265,3.59457553692283,1.20500758149796,0.0028540864661376,0.0195805127720778,Solyc01g105590.2,up,2.98303146977247,1.4883464223911
root,321.44709124287,-1.18886648173946,0.305382045642754,9.89931979509063e-05,0.0020069488031588,Solyc01g105720.2,down,-3.89304642726191,-0.897725290057739
root,10.166362724377,-2.18387777853246,0.845026396067311,0.0097551412981587,0.043883538580259,Solyc01g105750.1,down,-2.58439001278074,-0.873094331995149
root,1425.68089501966,1.42042095794724,0.452360864011225,0.001689378335734,0.0138872178504636,Solyc01g106060.3,up,3.14001734224293,0.876125595268693
root,24.3272760462055,-1.59428922645434,0.607513849295464,0.008683120114945,0.0404264556855981,Solyc01g106257.1,down,-2.62428457936102,-0.761098791600631
root,36.0048241709955,4.89492506172972,1.06077864266682,3.94110713310653e-06,0.0002078612995215,Solyc01g106510.2,up,4.61446419153364,3.83209643959376
root,43.31798911695,1.79753792806817,0.575832399965503,0.0017985045253666,0.0144401866584569,Solyc01g106540.3,up,3.12163387849635,1.05218289181839
root,29235.8829678269,4.64467181062447,0.885598400212009,1.56561861809179e-07,1.83038212217354e-05,Solyc01g106630.2,up,5.24467050698438,3.92483454109339
root,13.8084067406185,2.24279776988374,0.890900999440266,0.0118208104242504,0.0498611213806223,Solyc01g106650.3,up,2.51744893236493,0.838642112013835
root,5070.92208166789,-1.07742599102995,0.425599279867281,0.0113559523588117,0.0485424865811159,Solyc01g106690.3,down,-2.53155031504267,-0.609767608179834
root,1017.58336716724,-1.02273523649018,0.40193353118034,0.0109422332734746,0.0473218982751747,Solyc01g106770.3,down,-2.54453823120147,-0.599574366111729
root,93.6034841657963,-1.16623557233152,0.338890463627365,0.0005788516490387,0.0067038966333757,Solyc01g106820.3,down,-3.4413348780858,-0.817832359262287
root,760.083612230177,1.5133411228345,0.43557364740932,0.0005120670839871,0.0062144981057823,Solyc01g106880.3,up,3.47436336388913,1.02070491810345
root,367.765361399375,1.77897039719651,0.616389712248822,0.0039003202079782,0.024041692576653,Solyc01g106920.3,up,2.88611305777015,0.933116682746832
root,137.582174188428,2.25090782831147,0.49778684265088,6.13070855897927e-06,0.0002871824555591,Solyc01g107050.3,up,4.52183070232359,1.95353516663545
root,52.1117819469808,1.30122925413454,0.482465355631867,0.0069958478133632,0.0350706839678524,Solyc01g107060.2,up,2.69704184755478,0.707468453449356
root,418.0740184585,3.03104063865151,0.673224535613993,6.72305508889047e-06,0.000306897985446,Solyc01g107080.3,up,4.50227298368909,2.59681730558361
root,695.888115491684,1.14774097095162,0.267169443506802,1.73963227712158e-05,0.0005904648651572,Solyc01g107190.3,up,4.29592903996296,0.91663547654371
root,1049.14564781194,1.46145798047057,0.482454021481091,0.0024518840361712,0.0177067425041825,Solyc01g107200.3,up,3.02921711790073,0.861346880898735
root,51.4818858055584,3.05618020240456,0.981999687953001,0.0018569815075013,0.0147354143453459,Solyc01g107220.2,up,3.11220078773674,1.55866740190905
root,14.0905369785527,-1.79903210089898,0.647294214606625,0.0054474299239977,0.0298452786567584,Solyc01g107460.2,down,-2.77931126264166,-0.888411451621821
root,542.367973711237,3.13560895499512,0.718487439339686,1.27600122473867e-05,0.0004786483025561,Solyc01g107780.3,up,4.36418061515014,2.62573891015957
root,3631.92676799448,1.89117248547743,0.592326178601281,0.0014090588436893,0.0122732757891547,Solyc01g107810.3,up,3.19278896290426,1.13492037588361
root,2708.41401282164,1.80462661346795,0.423432498252689,2.02696899847887e-05,0.0006592818485933,Solyc01g107910.3,up,4.26189917144955,1.46759043637932
root,67.0548232965912,1.54364087942722,0.385819461951369,6.30911055680718e-05,0.0014690035019451,Solyc01g107920.2,up,4.00094093651965,1.1741344846248
root,33.6498756631766,1.07967783725377,0.360441211414639,0.0027405465800397,0.0190714491502498,Solyc01g107990.3,up,2.99543393780172,0.703419246003125
root,172.947141895696,1.06549522692974,0.245832224346451,1.46266251177851e-05,0.0005234739778548,Solyc01g108020.3,up,4.33423742457838,0.863462374209976
root,36.7184481102828,-1.13301199256339,0.303926425959006,0.000193070190793,0.0031929222318347,Solyc01g108047.1,down,-3.72791536303003,-0.841999860481681
root,932.830574632439,-1.28625795144261,0.411693012148175,0.0017822058522913,0.0143473789925187,Solyc01g108250.3,down,-3.12431329531447,-0.812131014249397
root,1053.8400815303,-1.22777681557912,0.419433567927892,0.0034200034044193,0.0220807521090094,Solyc01g108300.3,down,-2.92722592911351,-0.743247901274108
root,127.726490840901,3.05280831368389,0.70688039422631,1.56946975713632e-05,0.0005477267258569,Solyc01g108350.3,up,4.31870559520218,2.5481994745194
root,166.627860292548,3.28769376425294,0.720436373527446,5.03136756150971e-06,0.0002485448332497,Solyc01g108360.3,up,4.56347553380117,2.80426009815253
root,597.316198976417,1.34158229009187,0.464183950897483,0.0038500251410788,0.0238083835053961,Solyc01g108440.2,up,2.8901953363488,0.77409973980603
root,66.8340027334826,5.61955650996004,1.05725673392071,1.06526121553302e-07,1.35862769816224e-05,Solyc01g108680.3,up,5.31522413588287,4.58783011488208
root,36.8269255864666,-2.03588017631528,0.635266733681165,0.0013517310290758,0.0119119881808507,Solyc01g108700.3,down,-3.20476434287376,-1.21875301592816
root,28.6019881208431,-2.13809410161078,0.653754651869184,0.0010736363138896,0.0101169702073109,Solyc01g108710.3,down,-3.27048395831317,-1.31430772704966
root,117.638480356685,6.42560731443516,1.87524331640522,0.0006113104142236,0.0069499818243776,Solyc01g108860.3,up,3.4265459091212,2.28183956390196
root,113.680049532147,-1.60900750569399,0.456802273392104,0.0004277742852957,0.0054823885869456,Solyc01g109010.3,down,-3.52232814811949,-1.09659368074799
root,6715.32627026875,2.38741288688215,0.415305399236086,9.000045125858631e-09,1.99365210135336e-06,Solyc01g109140.3,up,5.74857175291621,2.24313652146847
root,16.6585116608916,3.13347156306268,0.985596887514436,0.0014765013682785,0.0126752989105575,Solyc01g109150.3,up,3.1792628434176,1.65983414024181
root,219.615660048996,2.99572650581882,0.964153668613711,0.0018892939919557,0.0148847087749727,Solyc01g109180.3,up,3.10710481465695,1.53602782913523
root,66.2143352382861,2.64477158633059,0.919885686682794,0.0040388808312526,0.0246574436358809,Solyc01g109390.3,up,2.87510896692819,1.20243124986811
root,6078.90944276,1.18029948437557,0.335843494354367,0.0004406937026864,0.005600216352254,Solyc01g109460.3,up,3.51443307438366,0.837061019395176
root,49.1993972094613,-1.75779866628474,0.458447101196642,0.0001259503772754,0.0023622992329639,Solyc01g109470.3,down,-3.83424535065556,-1.30644612421003
root,663.119535356793,2.24238207377467,0.594042623294636,0.0001601469248262,0.0027944708839506,Solyc01g109500.3,up,3.77478313144961,1.6755499951871
root,57.4138272364666,-2.06556524554425,0.661552842290345,0.0017944508177968,0.0144143381461034,Solyc01g109610.3,down,-3.12229819524789,-1.18454584826376
root,1274.45003773229,-1.07224854111107,0.339526105017711,0.0015881527567952,0.0132728699817309,Solyc01g109790.3,down,-3.15807393088415,-0.728155245868788
root,104.106028942012,1.34489284686466,0.340062620302013,7.6586270554426e-05,0.0016929427285161,Solyc01g110110.3,up,3.95483880489496,1.01224571743643
root,2258.79219620204,1.19200267926557,0.28277732318053,2.49401700150217e-05,0.0007695614923696,Solyc01g110530.3,up,4.21534041647525,0.939256805748942
root,1639.35458350462,1.11553270153228,0.339577429566804,0.0010196015477549,0.0097911409635081,Solyc01g110550.3,up,3.2850613863099,0.767768677395932
root,72.2090240453732,-1.02190749514527,0.345906209985151,0.0031338866112016,0.0208042617811128,Solyc01g110670.3,down,-2.95429068818723,-0.675079903969612
root,26.5280112409222,-1.13775895605298,0.361107371225612,0.0016285196343931,0.0134923492858933,Solyc01g110680.3,down,-3.15074974014344,-0.754406814323317
root,9.54504018453617,-1.64189559854742,0.627569689629279,0.0088894636150016,0.0410330932910933,Solyc01g110735.1,down,-2.61627612945636,-0.769781625002371
root,246.565898103956,1.82801597866274,0.508234446465753,0.0003221600782489,0.0045196911244476,Solyc01g111230.3,up,3.59679669761604,1.27699133725152
root,686.807978475139,-1.10394808120923,0.438134709144903,0.0117470082701599,0.0496094806416304,Solyc01g111400.3,down,-2.51965447650512,-0.613117960491666
root,131.265736571268,1.9091539519736,0.302708944793873,2.84686260559475e-10,1.46120430907649e-07,Solyc01g111880.3,up,6.30689639274988,1.81289174169491
root,511.431676704701,-1.34634130996107,0.519579914688457,0.0095638768692931,0.043236573649229,Solyc01g112070.3,down,-2.59121123026541,-0.688114585362663
root,1455.43062264786,1.29920842190043,0.455192541622022,0.0043145995511929,0.0257068043474811,Solyc01g112220.3,up,2.85419531978899,0.749771016731747
root,6.00727981802121,-2.00270583401333,0.659387514199544,0.0023877005219796,0.017452855083202,Solyc02g005310.2,down,-3.03722134691084,-1.10449218025806
root,14.0926440987455,4.04719330954374,1.0504015966334,0.000116681225029,0.002247566213719,Solyc02g005430.2,up,3.85299615167689,2.80624350148329
root,428.307135263994,-1.14951423684062,0.399719763186093,0.0040300452207531,0.024624933689178,Solyc02g014150.3,down,-2.8758003549238,-0.704821192016215
root,66.0629119776216,2.59966076763826,0.496166150542767,1.61015373153027e-07,1.85158880471711e-05,Solyc02g014830.3,up,5.23949641625981,2.38728410937635
root,2680.07617314253,1.11951222833663,0.300117453695605,0.0001912921537099,0.0031841288094325,Solyc02g014870.3,up,3.73024699014038,0.834529948692884
root,194.049116615347,-2.23752886184826,0.857611159391824,0.0090800637290986,0.0416136485075254,Solyc02g020940.3,down,-2.60902489122811,-0.899633411234976
root,124.98542195073,-1.0290244598,0.375836716430387,0.006182231311721,0.0324208270821733,Solyc02g021270.3,down,-2.7379561783464,-0.639236017336537
root,17.5549964279195,-1.25644821265196,0.480223175280939,0.008886656461604,0.0410330932910933,Solyc02g022890.2,down,-2.61638395922253,-0.673377299639732
root,17.3499789122897,-1.82230174190095,0.644564671045519,0.0046959606021131,0.0271580623953927,Solyc02g022934.1,down,-2.82718216458417,-0.919799811594175
root,119.580037009679,-1.47959011734649,0.531575318370995,0.0053791388825549,0.0295789387626043,Solyc02g024000.3,down,-2.78340635129688,-0.787440407614935
root,3164.07878925254,1.29297710169407,0.273412445568241,2.25589182493398e-06,0.0001429909263973,Solyc02g024050.3,up,4.72903528223393,1.07196254786444
root,8.97320264826227,6.99648757067028,1.44894581198215,1.37444919347033e-06,9.77159082006407e-05,Solyc02g030220.1,up,4.82867441474511,5.09281719433383
root,98.4764301355574,2.3182682603495,0.703494826904732,0.0009829589279156,0.009550040479712,Solyc02g030480.3,up,3.29535935686907,1.43041436465143
root,318.177458845497,1.88029660986363,0.447920355360792,2.69476555015063e-05,0.0008147793999622,Solyc02g031710.3,up,4.19783693096305,1.52213155171972
root,208.171544929109,2.62413084753771,0.481684300724309,5.099004106087e-08,8.0077195827235e-06,Solyc02g031990.1,up,5.44782307331131,2.43033765903195
root,16.3736863354909,-1.396193254317,0.539894275795386,0.009708302247079,0.043743677009627,Solyc02g032380.2,down,-2.58604937468562,-0.698440066431335
root,153.904266713699,-1.13741018523763,0.297268427549216,0.0001301335016701,0.0024043278394608,Solyc02g032650.3,down,-3.82620581208314,-0.85728161597857
root,621.913070529637,1.6501180674635,0.433374861398212,0.000140322074516,0.0025500325873199,Solyc02g032860.3,up,3.80759987355904,1.21170381995408
root,20.3320264425348,1.57826668497478,0.475841871889257,0.0009105863222306,0.0090773939199538,Solyc02g032910.2,up,3.31678815634386,1.01150359451876
root,921.736955910494,2.23469413354618,0.509093480828585,1.13582542428825e-05,0.0004451081979277,Solyc02g032950.3,up,4.3895555879228,1.90474629229611
root,28.6305584132095,5.20033812472712,1.41511115968415,0.0002379780754988,0.0036871616917043,Solyc02g036220.1,up,3.67486192808191,2.85955165575157
root,70.5895054920784,2.35089737589875,0.609722438991787,0.0001154062371169,0.0022383491740912,Solyc02g038690.1,up,3.8556845304662,1.80124927869512
root,921.027657082488,1.627601375486,0.486856959240506,0.000828542480069,0.0084845975428581,Solyc02g038740.3,up,3.34307920343801,1.04904322810204
root,36.879654531476,-2.48930147648586,0.775415777071361,0.001326059017308,0.0117565377505342,Solyc02g055440.3,down,-3.21027963331829,-1.44992762893675
root,109.514681660378,-1.13811339318539,0.443724264291886,0.0103202174535308,0.0455014992860051,Solyc02g055460.2,down,-2.56491133069236,-0.63162349493191
root,86.2641945535448,2.16812166922952,0.555587495208674,9.5245696986875e-05,0.0019612039602659,Solyc02g061770.3,up,3.90239465057649,1.67538306132733
root,223.828230236678,7.31239299537064,1.553685640462,2.52028629172801e-06,0.0001525645215519,Solyc02g062030.1,up,4.70648167488776,5.11673493567351
root,8.10010803248753,1.84837659115509,0.554528156046086,0.0008584021471381,0.0086972627753375,Solyc02g062230.1,up,3.33324209240239,1.17812069069653
root,908.9740271057,1.52723266223924,0.583592276103594,0.0088718955041495,0.0410001911080661,Solyc02g062390.3,up,2.61695146556076,0.741327348599933
root,93.4376220736184,1.89039778039651,0.604518809448218,0.00176532903735,0.0142718782490835,Solyc02g062510.3,up,3.12711159826772,1.10107111032059
root,1223.03396219742,1.02268518212116,0.301464712379475,0.0006928632718621,0.0075586390321756,Solyc02g062600.3,up,3.3923876995389,0.73988851935534
root,10.7105432130439,2.83617036507051,0.699537200940349,5.02733702694771e-05,0.0012490588004142,Solyc02g062650.3,up,4.05435245081748,2.27041320700183
root,8.2504935237759,-2.0120580805292,0.687821814252894,0.0034416782989697,0.0221562048534437,Solyc02g062860.3,down,-2.9252606399445,-1.04197119873058
root,69.2476946707127,1.83040542360694,0.639876828872207,0.0042289485240681,0.0253634000347756,Solyc02g062960.3,up,2.86055900294602,0.939391295309097
root,470.888560434653,1.90008767230071,0.530262871662138,0.0003392885893964,0.0047035501154532,Solyc02g063020.2,up,3.58329382244844,1.32425264641609
root,36.56788357056,-1.0211971063798,0.364719026536334,0.0051109624852012,0.0286355416769367,Solyc02g063030.3,down,-2.79995567019881,-0.648201587375158
root,32.8365448103786,1.52267497184624,0.535062697145432,0.0044301686214287,0.0261217339505032,Solyc02g063250.3,up,2.84578794217899,0.823620253928834
root,2192.2711369872,-1.21236188291204,0.336300199565405,0.0003121541311458,0.0044265306845244,Solyc02g063450.3,down,-3.60499899934272,-0.869393494870506
root,144.347841778588,1.13127736313597,0.25846877331388,1.20410380922578e-05,0.0004623934409004,Solyc02g063460.1,up,4.37684347177275,0.912752017747204
root,64.8675685425127,5.0332531271263,0.907125318922905,2.8800686013806e-08,5.09312299558432e-06,Solyc02g063480.2,up,5.54857528737335,4.27191606098268
root,15375.2610055336,-1.17511672736176,0.41219787796205,0.0043601732780447,0.0258538986934834,Solyc02g064680.3,down,-2.85085583936449,-0.707895670622355
root,112.736452278585,-1.26046587505858,0.306803999815293,3.98452806767241e-05,0.0010600557352224,Solyc02g064720.3,down,-4.10837497495935,-0.974751977584786
root,420.831030064199,3.11611520543927,0.697610369234258,7.93827619548487e-06,0.0003463243624559,Solyc02g064830.3,up,4.46684186884969,2.64857281625958
root,162.903070310912,4.55961483778081,1.4437633837386,0.001587762875903,0.0132728699817309,Solyc02g064970.3,up,3.15814550302126,1.81642785778109
root,52.7037948625523,-1.26000018772418,0.394376498620093,0.0013987104988021,0.0122084047021123,Solyc02g065000.1,down,-3.19491701998692,-0.816392062010115
root,35.2452973895186,1.57834963849622,0.398646373740737,7.51784085362725e-05,0.0016741316711506,Solyc02g065020.2,up,3.95927253441597,1.19309903281231
root,784.234203535083,2.84815092992987,0.64032588742042,8.66852596423055e-06,0.0003718060782083,Solyc02g065090.3,up,4.44797092524834,2.4398253242349
root,116.170336837467,1.21063612937208,0.46332540388165,0.00897700936516,0.0413193755643982,Solyc02g065150.2,up,2.61292844991793,0.661062740480625
root,125.230637267594,2.6263309108587,0.567542923255868,3.70024293458195e-06,0.0001995564050656,Solyc02g065250.2,up,4.62754587052555,2.30862322584492
root,40.8803342450523,-1.44097181362795,0.480520505180482,0.0027106937695818,0.0189388577978352,Solyc02g065410.2,down,-2.99877278512126,-0.843438211481734
root,1006.19937699375,1.80596283222028,0.562445730735325,0.0013231519489421,0.0117387898876637,Solyc02g065470.1,up,3.21091037504937,1.09767520896577
root,43.8600286847282,-1.09638441693128,0.297019370790514,0.0002231202081236,0.0035250312760912,Solyc02g065520.1,down,-3.69128927185208,-0.816446560680313
root,222.540922925862,1.07617260013758,0.361216609367927,0.0028890788022335,0.019752363324952,Solyc02g065780.1,up,2.97929987776783,0.699234981012087
root,29.2585613033314,-1.80248951422866,0.675984560564934,0.0076653471832331,0.0372919143638829,Solyc02g066920.3,down,-2.66646550732206,-0.833941300874844
root,12.9954383061405,2.60067764502382,0.945142277346335,0.0059300282627398,0.0316248136748851,Solyc02g066960.3,up,2.75162555665768,1.08039064234043
root,49.168383751696,1.39200022198423,0.493579924833043,0.0047991872493028,0.0275295230795975,Solyc02g067100.3,up,2.82021239509504,0.770932869439622
root,26.8025149081806,-1.64201033153163,0.551351484519099,0.0028998903387606,0.0197877082648764,Solyc02g067285.1,down,-2.97815527415116,-0.919224860202222
root,129.438005338279,-1.24139174560342,0.444110562564166,0.0051862594374663,0.0288729215878418,Solyc02g067310.3,down,-2.79523130104355,-0.715913546631703
root,12.1744233027118,-2.30819166125943,0.912012928360345,0.0113778053685026,0.0486161494771105,Solyc02g067340.3,down,-2.53087603199791,-0.857417886468684
root,39.5407363100102,-1.49269709269848,0.458603306566677,0.0011344171325781,0.0105537905119252,Solyc02g067350.3,down,-3.25487642876698,-0.945210529922991
root,163.123079001209,2.81762051998656,0.6775297817142,3.20110624376404e-05,0.0009165180924322,Solyc02g067430.3,up,4.15866666828693,2.30710959813267
root,172.676880872235,1.76036358653463,0.47012733122971,0.0001807965707924,0.0030486242273694,Solyc02g067600.1,up,3.74444000507279,1.27926208430623
root,17.8674969800261,4.82474251545565,1.24392752461952,0.0001050436436577,0.0020995470758132,Solyc02g067750.3,up,3.87863635136733,3.11757752193815
root,268.595457854328,1.0195309407603,0.294151867748979,0.0005282594914406,0.0063560278661395,Solyc02g067800.3,up,3.46600192805963,0.747679593672584
root,43.0109635399885,1.08349369061069,0.411854368907376,0.0085191929146478,0.0398395323768553,Solyc02g067810.1,up,2.63076896206087,0.632952211679642
root,25.5660128443849,6.5201272682504,1.30766181291274,6.16115559371954e-07,5.55383064733877e-05,Solyc02g067940.2,up,4.98609594917143,4.9624738227621
root,78.9220495757852,-1.46399192676984,0.514824254255931,0.0044596765589884,0.0262222502116103,Solyc02g068140.3,down,-2.84367318491187,-0.80258841830845
root,22.3707835651358,-1.53700980285227,0.56793542543573,0.0068035328457741,0.0344462597788667,Solyc02g068260.2,down,-2.70631084805645,-0.777302745569799
root,401.046374093239,2.99014736178019,0.909473100934443,0.0010098076037103,0.009725579502279,Solyc02g068460.1,up,3.2877798790398,1.73645231775008
root,38.1291999401808,3.79223998559961,0.924792851108937,4.12014037662646e-05,0.0010854681437816,Solyc02g068470.1,up,4.10063721951599,2.90305090786759
root,5.02127193015947,-3.04011261221455,1.14418002771102,0.0078834072077286,0.0378763518902835,Solyc02g068610.2,down,-2.657022967178,-1.0474141730008
root,1542.82764074465,1.15602822177085,0.333343597753277,0.00052439046093,0.0063249126226259,Solyc02g068740.3,up,3.46797787496875,0.816892562135403
root,2571.89832299953,1.60504302444912,0.416041470181582,0.0001143691999698,0.0022264435191168,Solyc02g068900.3,up,3.85789191579532,1.18961301407677
root,517.812527860036,1.25726436227328,0.293679805166428,1.85995244893242e-05,0.0006264489584429,Solyc02g069180.3,up,4.28107190264851,0.994351504609784
root,27.8199066721625,-1.56054643154461,0.492881493715188,0.0015446067471897,0.0130962185391311,Solyc02g069207.1,down,-3.16616966034106,-0.951564023136522
root,1924.15787379314,-1.2343834758711,0.295817718540068,3.00900029275029e-05,0.0008733986504915,Solyc02g069260.3,down,-4.17278411165865,-0.964364570853707
root,25.7251628669027,-1.06966253027361,0.251844002827253,2.1634108914563e-05,0.0006911960805126,Solyc02g069390.2,down,-4.24732182726351,-0.858833477639258
root,83.6989473095866,-1.02289113733092,0.339446121654885,0.0025832764547702,0.0183100268488333,Solyc02g069620.3,down,-3.01341235641189,-0.685091534448344
root,162.783916938301,1.23914390965464,0.463124579577676,0.0074591875066297,0.0366327052250914,Solyc02g069690.1,up,2.6756168087313,0.684679769738198
root,267.512168576321,1.76219303570231,0.543790392380603,0.001192892836944,0.0109144508089783,Solyc02g069730.3,up,3.24057405278492,1.08672422686888
root,9.25731016580535,-4.01028389242577,0.974921209800065,3.89799474699263e-05,0.0010396628828354,Solyc02g069810.2,down,-4.11344409385472,-3.0295071309437
root,775.152468946155,1.01671761723471,0.291568695909201,0.0004883612773106,0.0060346886199213,Solyc02g069840.3,up,3.4870602760158,0.748854069786404
root,140.170008346043,-1.05333599488386,0.380982997189363,0.0056960362022537,0.0307826561452716,Solyc02g069940.3,down,-2.7647847873912,-0.651695028617918
root,144.500229289539,2.20862142687566,0.754046776232977,0.0034002769940521,0.0219764831274058,Solyc02g069960.3,up,2.92902442725021,1.11654213963046
root,220.420255174253,-1.10762768086119,0.338597312226467,0.0010708302599313,0.0101006508247404,Solyc02g069965.1,down,-3.27122407906288,-0.76191705660929
root,52.8190622814396,-1.91614510399163,0.679624474968761,0.0048110904117784,0.0275795659562693,Solyc02g069970.3,down,-2.81941744973165,-0.947272846464199
root,45.2772900762229,-2.34558657444109,0.654906488777474,0.0003415492927514,0.0047193455788979,Solyc02g070060.2,down,-3.58155952740618,-1.64162522433013
root,47.7370854935199,2.18728074002872,0.682767945992543,0.0013574482118785,0.0119323893779329,Solyc02g070080.3,up,3.20354924812568,1.29731017292108
root,302.519246308731,1.63667746741854,0.50614712895966,0.001222404383057,0.0110928321850158,Solyc02g070210.3,up,3.23360021972778,1.0149761185252
root,23.3088272199376,2.47064499427503,0.520660374314527,2.08285822174475e-06,0.0001344529706085,Solyc02g070450.2,up,4.74521418598015,2.19981144649418
root,2013.02874680962,1.27046301329306,0.409909674351878,0.0019393064235053,0.0151263025857104,Solyc02g070910.2,up,3.09937308823421,0.799623629108654
root,5.80758903264574,-1.98510340157472,0.693107371042758,0.0041824438865706,0.025233758356936,Solyc02g071050.3,down,-2.86406332483262,-0.995980910439117
root,84.8934345203574,1.40190610035352,0.518948952595654,0.0069041279390522,0.0347894440289548,Solyc02g071060.3,up,2.7014335289464,0.737008094474821
root,630.595800157705,2.24532143595108,0.512547894873758,1.18295609379904e-05,0.0004567729915212,Solyc02g071130.3,up,4.38070560509103,1.9119619688342
root,101.228087893277,1.76352185459178,0.566868003763303,0.0018645995753106,0.0147791463136866,Solyc02g071310.3,up,3.11099205261927,1.03056463381188
root,678.953414779938,1.30868478462576,0.357851290046568,0.0002551214922123,0.0038541110424376,Solyc02g071360.3,up,3.657063202023,0.935448316728374
root,1088.09583546312,3.00926968564073,0.647174094910097,3.32158560259427e-06,0.0001856591420318,Solyc02g071475.1,up,4.64986115684801,2.62176316064527
root,167.657771034538,1.21430872853793,0.312340057727457,0.0001011661909441,0.002039215825889,Solyc02g071490.3,up,3.88777775535123,0.91324925352185
root,76.4254668287962,-2.08449339277157,0.513958592300887,4.99712624343683e-05,0.0012444914161761,Solyc02g071720.3,down,-4.05576134730956,-1.66370493580633
root,18.8212729186844,2.29407879966552,0.814855753912528,0.004872885370571,0.0277630886368421,Solyc02g071730.3,up,2.81531889374347,1.06071478835134
root,4.24990192525382,-3.37000553423271,0.850305955982574,7.39251881062742e-05,0.001662053053962,Solyc02g071790.2,down,-3.96328581556092,-2.56404173206055
root,215.97957824557,-1.55731996932625,0.43016524581162,0.0002942808554871,0.0042358729978608,Solyc02g071800.3,down,-3.62028309931909,-1.09029887083649
root,15.534545511466,-1.59790765920801,0.575204340159253,0.0054697544028067,0.0299206642186849,Solyc02g071830.2,down,-2.77798261877788,-0.823337338605434
root,204.477184022574,3.47005791040525,0.698966666095906,6.88590483963526e-07,5.91457067123609e-05,Solyc02g071970.1,up,4.96455421799631,3.03920943310501
root,116.556271751226,1.52672875124779,0.561327136900102,0.0065310431737902,0.0335381338577946,Solyc02g076670.3,up,2.71985559023401,0.779321362972341
root,12.9147538241102,-1.70462057124021,0.386993708706458,1.05893277861305e-05,0.0004276270825349,Solyc02g076700.1,down,-4.40477592500914,-1.40373401771431
root,312.762773116976,3.42414620505791,1.12259624765711,0.0022868689872755,0.0169872470766771,Solyc02g076830.1,up,3.05020278858424,1.55909784632219
root,19.5616405074933,2.27927357635931,0.596614526837356,0.0001332649052833,0.0024492809316881,Solyc02g076880.3,up,3.82034542209641,1.72728236343074
root,78.5524543533755,6.40414494878035,1.45444357387609,1.06686378002893e-05,0.0004284557516589,Solyc02g076890.1,up,4.40315806251137,4.3565180276928
root,139.758112131079,2.09305255489014,0.813629984560009,0.010097074903989,0.0447992503224845,Solyc02g076920.3,up,2.57248699606617,0.848376790207176
root,232.126349344276,1.43091337570601,0.385753546322703,0.000207752753908,0.00337176980861,Solyc02g076930.2,up,3.70939785089876,1.02533407993702
root,63.5073289645189,3.10010237493196,0.783096649069493,7.5335592822072e-05,0.0016757315523937,Solyc02g077070.3,up,3.95877364386072,2.39516550782059
root,47.7657469694448,-1.05776816677641,0.239167309108232,9.74695574960447e-06,0.0004061681916726,Solyc02g077190.2,down,-4.422712162128,-0.865298559027801
root,239.182897377082,1.56586425835295,0.536239737397884,0.0034993876379691,0.022342570829315,Solyc02g077290.2,up,2.92008247272263,0.866392516645485
root,15.7615504514857,1.73716404265674,0.622929459593548,0.0052919888036889,0.0292780198891278,Solyc02g077360.1,up,2.78870105740417,0.87295858772152
root,466.965631947463,1.99311848042532,0.579647096036006,0.0005849393043196,0.0067384841706495,Solyc02g077370.1,up,3.43850334808115,1.32116729856846
root,670.402986536188,1.79414250645109,0.44146881140127,4.82326164600256e-05,0.0012155774620177,Solyc02g077480.1,up,4.06403002911189,1.40625380412262
root,105.752285387194,2.50227821919144,0.727731207863208,0.0005850223617076,0.0067384841706495,Solyc02g077520.3,up,3.43846490593515,1.64086769533427
root,62.0032604997683,3.77292481198901,1.08526621123301,0.0005080097646228,0.0061831232314878,Solyc02g077575.1,up,3.47649707780219,2.23548835079653
root,14.73817683171,3.77014992568325,1.27276855513561,0.0030548445322125,0.020467746033299,Solyc02g077580.1,up,2.96216457459663,1.47209083654262
root,42.7650018245639,-1.41232173296262,0.472880425698175,0.0028206528829172,0.0194488267588831,Solyc02g077920.3,down,-2.98663606318115,-0.828251895957885
root,330.002164580029,1.71877841762944,0.462736028346698,0.0002037008170933,0.0033307536868002,Solyc02g078100.3,up,3.71438209332962,1.23696132788894
root,1047.85501330813,-1.61176648826064,0.46911642332481,0.0005909172071539,0.0067841034955524,Solyc02g078160.3,down,-3.43574943899305,-1.07067006102686
root,302.934853188725,1.81982425604206,0.524507434221136,0.0005212589192593,0.0063006161383654,Solyc02g078250.3,up,3.46958715417332,1.21952242298765
root,330.773228735838,1.21123091290617,0.274982451279967,1.0590245903609e-05,0.0004276270825349,Solyc02g078320.2,up,4.4047571300213,0.973705902675637
root,79.9600664198578,-1.86198151053893,0.617970135956033,0.002586272093999,0.0183250875239447,Solyc02g078450.3,down,-3.01306066782392,-1.02934070656848
root,132.74307434528,1.53070140369783,0.452649083592248,0.0007205151797582,0.007732035411949,Solyc02g078570.3,up,3.38165139217801,1.00434607910771
root,59.6748065638737,2.11316216552215,0.681128153893907,0.0019192965579765,0.0150220226894772,Solyc02g078620.1,up,3.10244431013681,1.19469558053023
root,3465.7865055424,2.06352356507076,0.415881718626607,6.98414619297947e-07,5.95037945283643e-05,Solyc02g078650.3,up,4.96180397610472,1.85701062024632
root,93.9631907458749,1.33290291818929,0.468664207756977,0.0044544511217589,0.0262055632833805,Solyc02g078890.1,up,2.84404675272419,0.758283652123028
root,49.8272306988375,4.72635344761324,1.09349952806458,1.54461978860327e-05,0.0005422152645014,Solyc02g078930.2,up,4.32222724044385,3.55152471898918
root,1463.01266620096,1.48856449627554,0.49166737827841,0.0024651684380512,0.0177539372383129,Solyc02g079170.3,up,3.0275844240222,0.872317184323088
root,180.817370052327,1.42159381866943,0.55361089669268,0.0102329251974676,0.0452778969418648,Solyc02g079533.1,up,2.56785736545678,0.698425810986812
root,2322.33016972705,2.23199641774442,0.446436354216993,5.74538951036084e-07,5.25678160243624e-05,Solyc02g079750.3,up,4.99958481575527,2.02447269302122
root,578.12304646395,-1.02754586856829,0.339201464165713,0.002451142686058,0.0177067425041825,Solyc02g079780.1,down,-3.02930847039711,-0.689426826919427
root,83.0029107588161,2.15168810386504,0.817181428941403,0.008461928431595,0.0396598712504425,Solyc02g079810.2,up,2.63306045348142,0.898562702200211
root,87.0189570761251,2.24202849237929,0.771521136309037,0.0036609953992917,0.0230251007718757,Solyc02g079920.3,up,2.90598453738439,1.11155531898238
root,146.735954209128,-1.34119204866501,0.523913782545181,0.0104687821216931,0.0458968856185227,Solyc02g079930.3,down,-2.55994801692271,-0.677334369956487
root,544.993088389267,1.81325904265118,0.496998365900466,0.0002638574911831,0.0039423997495325,Solyc02g080190.3,up,3.64842053226051,1.28591638489652
root,26.6895718186256,2.71933878694398,0.71519059907385,0.0001433836124501,0.002573941504492,Solyc02g080450.1,up,3.80225745481755,2.04082496690427
root,58.9746552880324,1.40855571553446,0.292520522867475,1.47025110186598e-06,0.0001011109940773,Solyc02g080560.1,up,4.8152372412263,1.18345695379009
root,695.222330768145,1.07708605150039,0.393534271644393,0.006201055504831,0.032477603793844,Solyc02g080590.3,up,2.73695616648521,0.653321252099445
root,27.7676036665537,1.60967590206867,0.587408005056311,0.0061382572469193,0.03228530005103,Solyc02g080635.1,up,2.74030297206175,0.811989938842448
root,1626.7273864974,1.15312909215078,0.367440389481151,0.0016994518875379,0.0139482314825855,Solyc02g080640.3,up,3.13827528263584,0.758554174059751
root,121.578349469123,2.57881616051688,0.827425214802976,0.0018290257839881,0.0146016762512315,Solyc02g080930.2,up,3.11667582082441,1.40605688543469
root,799.036557514897,-1.31490465537669,0.292810675784694,7.10125317641106e-06,0.0003193136150521,Solyc02g081330.3,down,-4.49063085508382,-1.06458570290647
root,314.385082532611,-3.21985791958554,0.610079319271567,1.30765927076169e-07,1.59065790138202e-05,Solyc02g081340.3,down,-5.277769329126,-2.90266583626041
root,69.8649666881211,-1.34579352920064,0.532305289961319,0.0114637183869928,0.0488512167600941,Solyc02g081505.1,down,-2.52823624822221,-0.668586085809859
root,5.74231321700153,-1.55209372157068,0.603139573480387,0.0100717123926619,0.044733878343431,Solyc02g081540.2,down,-2.57335746121648,-0.730816789663172
root,330.099460816241,2.46463931600708,0.692690226305459,0.0003735918121156,0.0049821711623337,Solyc02g081690.1,up,3.55806855995718,1.70518640620046
root,13.7896803998067,-2.91189573476254,0.720550848808661,5.31766033512357e-05,0.001295987106338,Solyc02g081770.1,down,-4.04120783366918,-2.3174739508285
root,111.406765250122,-1.05648050238614,0.404124802151709,0.0089425365869446,0.0411919035904227,Solyc02g081850.3,down,-2.614243166371,-0.622430323705261
root,27.5187395677436,-1.27587347425568,0.335231529778986,0.0001412625664913,0.0025534647749137,Solyc02g081900.3,down,-3.80594711689813,-0.940602030208583
root,13.3771214729779,3.17004897591253,0.921155141455074,0.0005787456082141,0.0067038966333757,Solyc02g081990.3,up,3.44138444573524,1.97774852391447
root,36.7801397153197,1.60238496874794,0.46296234715394,0.0005378607622905,0.0064328806215588,Solyc02g082040.3,up,3.46115613634369,1.07293086276397
root,281.295264545151,-1.01674621424013,0.350470020281486,0.0037186318633529,0.0232832159870274,Solyc02g082110.3,down,-2.90109326162482,-0.664338224446135
root,185.451926625031,-1.07300587207204,0.369066093866041,0.0036450017268928,0.0229656935151897,Solyc02g082120.3,down,-2.90735423791465,-0.685008845696231
root,29.2863710381491,-1.1342694531956,0.341153238354824,0.0008847903745767,0.0088876031706885,Solyc02g082160.2,down,-3.32480928120601,-0.782994677401196
root,44.4041165539147,1.39943532142123,0.496799233409602,0.0048489146314436,0.0276832771307922,Solyc02g082240.1,up,2.8169031417716,0.772364769428153
root,1079.44357787037,1.58991902632743,0.471876941224627,0.0007534542502465,0.0079596843585281,Solyc02g082250.3,up,3.36935096298886,1.03554911384103
root,41.3762255007679,1.35161723717807,0.522359379941696,0.0096668565970987,0.0436169232910261,Solyc02g082285.1,up,2.58752362660537,0.688248365656285
root,73.1747555851544,-1.47000021129091,0.539906862875813,0.0064752353303163,0.0333559183358319,Solyc02g082290.3,down,-2.72269221298828,-0.763661629678287
root,68.3333351126991,-1.74499171445888,0.576830412091582,0.0024851954156209,0.0178675956017517,Solyc02g082410.3,down,-3.0251381998594,-0.983482380054699
root,276.369267831207,-1.14376700701136,0.320642704962855,0.0003609433950757,0.0048721570275658,Solyc02g082440.2,down,-3.56710752906062,-0.825573633095827
root,423.116656736708,1.98986034510073,0.580037782043744,0.000602314044089,0.0068742959935707,Solyc02g082450.3,up,3.43057022611445,1.31497543332563
root,367.458014791039,-1.20030289688673,0.358311089692605,0.0008084352752174,0.008333648366318,Solyc02g082613.1,down,-3.34989044831536,-0.819076478972297
root,205.461151771114,3.10334351847728,0.695186968491535,8.0427953853636e-06,0.0003496954258049,Solyc02g082910.3,up,4.46404155879263,2.63825939066387
root,15757.8589420134,2.73771557324463,0.654919519409282,2.91211757738738e-05,0.0008529699633916,Solyc02g082920.3,up,4.18023206227533,2.25594617487106
root,75.9297738127388,-1.13264792864429,0.350325045088603,0.0012243997613418,0.0111013651778016,Solyc02g083190.1,down,-3.23313432631637,-0.766783878402774
root,1672.69227939716,1.0200987738669,0.377256314104771,0.0068511545880442,0.03464929035107,Solyc02g083250.3,up,2.70399390474773,0.630207727344692
root,85.3336911536363,-1.10239260591949,0.43354790126823,0.0109992108467071,0.0474951222321378,Solyc02g083345.1,down,-2.5427238897818,-0.618077605777725
root,103.509734192148,1.1568203090804,0.278811073718097,3.33757360242003e-05,0.0009403868786189,Solyc02g083620.3,up,4.14911894873319,0.907627907016431
root,53.4958120235012,1.45444695000088,0.454188856929896,0.0013633704579525,0.0119644570129916,Solyc02g083630.3,up,3.20229553809898,0.910224679663695
root,921.857526855021,1.13459764762499,0.332238575772771,0.0006377995962897,0.0071279100925762,Solyc02g083650.3,up,3.41500876286257,0.797679482274757
root,125.462914386688,2.73398017134437,0.78222183218521,0.0004738009969512,0.0059102953051825,Solyc02g083730.3,up,3.49514684818594,1.818376922966
root,136.403126097479,-1.34354471594896,0.364933414753747,0.0002317602559664,0.0036073689545542,Solyc02g083790.3,down,-3.68161604728788,-0.961975010133003
root,416.369503161237,1.7312868423292,0.477441594261601,0.0002876502899848,0.004168948142177,Solyc02g083835.1,up,3.62617514505992,1.2167374938249
root,946.767002521234,1.4579624676589,0.492949330720829,0.0031001248819378,0.0206648805877414,Solyc02g083850.3,up,2.95763149840766,0.837374893639618
root,1167.40047202366,-2.07758600420296,0.447703108192538,3.47493054299281e-06,0.0001899388009006,Solyc02g083860.3,down,-4.64054407080299,-1.8160974167187
root,83.4829341919268,2.64512388274962,0.720481152334489,0.0002412917941694,0.0037120696393612,Solyc02g083870.3,up,3.67132974149142,1.90217963602771
root,2404.80431898036,1.56338425734124,0.42712779347918,0.0002519928856614,0.0038288363074801,Solyc02g083880.3,up,3.66022600544595,1.10555493220079
root,102.271405732141,-1.03154508864393,0.270651419310602,0.0001382144553875,0.0025241389260351,Solyc02g083980.3,down,-3.81134187757618,-0.793401440865066
root,25.0456607053818,1.54497597996853,0.455662921761371,0.0006973685979782,0.0075920459264631,Solyc02g084210.1,up,3.39061158190447,1.01549556795341
root,8.76418050374007,-1.58228718715807,0.600233227216068,0.008385991589132,0.0394269005812544,Solyc02g084285.1,down,-2.63612062014103,-0.762734022866503
root,33.2836932008647,1.09798335965889,0.422501280349866,0.0093558625081841,0.0425237085577166,Solyc02g084430.3,up,2.598769307278,0.629663586557723
root,650.735623523128,1.10230720523673,0.301357617423627,0.0002543851024857,0.0038476366372627,Solyc02g084710.3,up,3.65780435437669,0.815460141238884
root,3388.49419860652,2.93146265087625,0.644520448795868,5.40848746233043e-06,0.0002634634494381,Solyc02g084800.3,up,4.5482849401489,2.5344491019408
root,18391.1661212931,-1.80648945422797,0.712396361337581,0.0112193143286672,0.04819335593641,Solyc02g084850.3,down,-2.53579264615578,-0.770678851485464
root,182.333317287021,1.26524206140639,0.378837924412632,0.0008383941225716,0.0085646436482518,Solyc02g084860.1,up,3.33979778652857,0.849336903477764
root,1824.35715427989,-1.1575929115799,0.347355533379714,0.0008604222874563,0.0087135354269645,Solyc02g084890.2,down,-3.33258808436619,-0.79536542572664
root,922.236781080156,1.53222885628315,0.478268946098856,0.0013567511557072,0.0119312458506913,Solyc02g085010.1,up,3.20369714316857,0.94974397873183
root,231.959791833972,-4.30527745888951,0.814242794425093,1.24025427414373e-07,1.52631058158366e-05,Solyc02g085020.3,down,-5.28746153894958,-3.70345661602131
root,215.101929893636,1.48830755329939,0.315368413251402,2.36696691112011e-06,0.0001460717057994,Solyc02g085100.3,up,4.71926639055306,1.24677419306489
root,16.1975200265984,2.440108709631,0.753906632202754,0.001209546824827,0.0110236913736082,Solyc02g085120.3,up,3.23661923824907,1.44831078599025
root,28.8672731736318,-2.31109850285643,0.661945030588248,0.0004805407987756,0.0059660770321148,Solyc02g085590.3,down,-3.49137525936653,-1.56091846862278
root,2990.67754940091,1.18140816629243,0.351547790886158,0.0007777604560085,0.0081146212376019,Solyc02g085730.3,up,3.3605904998419,0.811729017335773
root,295.283361457792,-1.10695837655473,0.287248346278727,0.0001163636458829,0.0022465656550103,Solyc02g085870.3,down,-3.85366318342738,-0.842341442034464
root,87.7751404265559,1.39358858205814,0.431082373787826,0.0012259779952128,0.0111108875672947,Solyc02g086110.3,up,3.23276632679963,0.888524861265107
root,392.280104670842,-1.02178248344305,0.26051325123919,8.7747732218199e-05,0.001853979193574,Solyc02g086440.3,down,-3.92219005590966,-0.798756577812517
root,14.042812391116,1.74053094511891,0.573923159306224,0.0024238456988814,0.0175948288676305,Solyc02g086450.1,up,3.03268985907961,0.984858100920052
root,423.928473215896,-1.62992441123584,0.564856073245594,0.0039072166866609,0.0240592436079442,Solyc02g086530.3,down,-2.8855570267139,-0.877301360239802
root,16.8151018927679,-1.45317349980097,0.522568110394341,0.0054219987131419,0.0297524226647611,Solyc02g086630.2,down,-2.78083080635054,-0.778171099112138
root,298.154504594555,1.06595225807655,0.378572042559418,0.0048668308003441,0.0277479239670662,Solyc02g086645.1,up,2.81571837917547,0.665415303502155
root,4430.7830903077,-1.29400886665756,0.311290699251009,3.22574438610832e-05,0.0009210660089723,Solyc02g086970.3,down,-4.15691464528509,-1.0057745927275
root,784.926534369635,-1.24032433533982,0.294425655014388,2.52346063670336e-05,0.0007763699654793,Solyc02g087000.3,down,-4.21269109609083,-0.973546851486732
root,2036.51307360045,3.73652533911115,0.71258727954077,1.57470186030325e-07,1.83083016288517e-05,Solyc02g087070.3,up,5.24360376109881,3.28865384200788
root,70.3432811670528,3.72965313813314,1.05297199453255,0.0003970678268425,0.0052267847405888,Solyc02g087090.3,up,3.54202500873621,2.30999767506637
root,272.92555585064,-1.02867262093861,0.316953160362253,0.0011724308475641,0.0107693735295244,Solyc02g087200.1,down,-3.24550359353702,-0.722649358258171
root,2600.21873820587,2.35641485184064,0.484899715860491,1.17627823464378e-06,8.86637730062606e-05,Solyc02g087330.3,up,4.85959214815996,2.11822152726078
root,2073.1420500538,-1.48650372484375,0.550774115861812,0.0069561690610078,0.0349620652624307,Solyc02g087350.2,down,-2.69893533852399,-0.760167642266684
root,280.237066636883,-1.10432759384315,0.388012299146798,0.0044256220108868,0.0261095569377919,Solyc02g087400.1,down,-2.84611492025243,-0.683759369430008
root,12.5957213037724,2.31936356309887,0.877475750193904,0.0082121073447117,0.0388611618983843,Solyc02g087520.3,up,2.64322240538994,0.939299989050389
root,173.446685000835,1.07172213536763,0.400810138587343,0.0074977088139141,0.0367703995059449,Solyc02g087660.3,up,2.67388978518586,0.63888276870322
root,89.4204318497313,-1.13782600270801,0.289081871672056,8.28512639815462e-05,0.0017863954910119,Solyc02g087840.3,down,-3.93599915528012,-0.870974987758015
root,588.66712877709,2.13606073324525,0.488767107968062,1.24073812178724e-05,0.0004704521267547,Solyc02g087890.3,up,4.37030376721837,1.80870091337235
root,22.3920155109891,-1.90424292134115,0.48878055625465,9.78324784332221e-05,0.0019968832940336,Solyc02g087920.3,down,-3.89590563080635,-1.44979252850847
root,10.3087931325014,1.82826186785326,0.622867001880092,0.0033329370892764,0.0217008974726166,Solyc02g087960.3,up,2.93523635436576,0.976012049265767
root,17.2400240863682,3.73793003436231,1.0229147545004,0.0002579900898699,0.0038877043574169,Solyc02g088080.2,up,3.65419505185252,2.45317133436902
root,1442.96960570172,1.68245521736876,0.342263384884761,8.84775318412722e-07,7.18488150355328e-05,Solyc02g088120.3,up,4.91567398579677,1.46513731574653
root,151.563946006417,1.7477923892322,0.322860342760748,6.1817512270836e-08,9.16118118470051e-06,Solyc02g088130.1,up,5.41346259589204,1.58797073175337
root,585.610756111595,1.52513165500535,0.490501951548325,0.0018751316339827,0.0148124137032783,Solyc02g088180.3,up,3.10932841386481,0.915395841184598
root,2321.33074399989,-1.21383464611986,0.322609131750325,0.0001681862130867,0.0028915936831686,Solyc02g088240.3,down,-3.76255513764961,-0.894840649365821
root,29.2355993265981,-2.32652687744366,0.892347101445864,0.0091286168571554,0.0417523610393346,Solyc02g088380.3,down,-2.60719945598973,-0.914451894947867
root,16.0671406920282,-1.12628829164968,0.383284233162577,0.0032978363837032,0.0215484536883388,Solyc02g088395.1,down,-2.93851975688222,-0.709654959753189
root,1697.58552187184,1.11333500052794,0.266316820342051,2.90880661378155e-05,0.0008529699633916,Solyc02g088460.3,up,4.18049073692754,0.881677255951485
root,678.80920268531,-2.09192321257238,0.429727455260634,1.12720112230756e-06,8.59450015139141e-05,Solyc02g088560.3,down,-4.86802317832732,-1.87059356845919
root,87.9224779247401,1.9682979208151,0.581303000885535,0.0007091673409278,0.0076531884730691,Solyc02g088830.3,up,3.38601025251318,1.27832278745932
root,3880.27659952799,1.30964581524626,0.30913762708462,2.27082390113929e-05,0.0007143081939547,Solyc02g089065.1,up,4.23644907802755,1.02841522990298
root,227.394147700247,3.30441892148905,0.681543734889319,1.24440742209211e-06,9.28628006755545e-05,Solyc02g089140.2,up,4.84843268645948,2.89187739596568
root,32.5065458992391,2.18868080275316,0.564464055740988,0.0001055572808199,0.0021055425759011,Solyc02g089170.3,up,3.87744937962439,1.68142171401523
root,40.3459541017371,-1.52347544148273,0.604782596619936,0.011767313840951,0.0496653334273915,Solyc02g089460.1,down,-2.51904643089478,-0.703769967169622
root,273.15324027828,-1.986488773946,0.652250335645241,0.0023222228303682,0.0171529860450225,Solyc02g089615.1,down,-3.04559256681847,-1.10214777097587
root,5774.25825834665,-1.17577954982042,0.360876030312555,0.001121506283652,0.0104867057798962,Solyc02g089620.3,down,-3.25812592430169,-0.790690818063488
root,166.161765056734,-1.49087846157107,0.377953312857007,7.99299179551971e-05,0.0017466720596564,Solyc02g089650.3,down,-3.9446101167927,-1.11983416706747
root,261.276433419125,1.20254878704614,0.318067367203909,0.0001563258427245,0.0027437206291032,Solyc02g089730.1,up,3.78079901002606,0.890629585991844
root,39.5596845890397,1.95365615235524,0.612702228243244,0.0014296853383341,0.0124016068672319,Solyc02g090240.3,up,3.18858992557741,1.16597855235394
root,143.811130156425,-1.54226948542446,0.599022456402119,0.0100343349955765,0.044668819162223,Solyc02g090260.2,down,-2.5746438534003,-0.729012439889649
root,91.81790734249,2.03590094694146,0.544299450435999,0.0001837232248131,0.0030856117661363,Solyc02g090300.3,up,3.74040603074401,1.49675468548779
root,844.567340352101,-1.07637216506279,0.336095289151792,0.0013620230339925,0.0119626096524784,Solyc02g090380.3,down,-3.20258033898436,-0.737056705805232
root,105.173845235228,-1.51939011088047,0.460152796279205,0.0009602367561247,0.009389444525944,Solyc02g090430.3,down,-3.30192519347108,-0.97379396942497
root,39.1379940875176,6.21488787748116,1.2698310213209,9.86744555691096e-07,7.80087719400116e-05,Solyc02g090470.3,up,4.89426370369842,4.72838492897246
root,776.627301972007,-1.45227744444678,0.427246505391086,0.000675941954525,0.0074201995258347,Solyc02g090500.3,down,-3.39915581782798,-0.963684883990507
root,40.3216076793937,-1.87590659627884,0.458971514826563,4.36618003974712e-05,0.00113015858249,Solyc02g090540.3,down,-4.08719612368038,-1.48668788262387
root,33.9811545493903,1.07421241552014,0.385598684587349,0.0053390850371498,0.0294047907672814,Solyc02g090720.3,up,2.78583008308163,0.662210823447839
root,524.394980321636,1.48803004129362,0.467597215455808,0.0014611532771909,0.0125812232263524,Solyc02g090930.3,up,3.18229021069577,0.920845362730477
root,870.660018460473,1.37444631181475,0.539129640672244,0.0107914649105044,0.0468917757928965,Solyc02g090970.1,up,2.54937997862805,0.681594213882729
root,219.592063085683,1.26685922023331,0.419366699392589,0.0025203577720861,0.0180402751550272,Solyc02g090980.1,up,3.0208865464717,0.779839037189606
root,81.9088490712547,1.05954726604461,0.358629786963992,0.0031324532652194,0.0208013084611162,Solyc02g091050.3,up,2.95443185301002,0.688751745146025
root,3.60577957857935,-1.55389886821193,0.578107873674056,0.0071901915133842,0.0357623233768984,Solyc02g091060.1,down,-2.68790469560018,-0.77517427224841
root,718.110939115314,1.60357642693385,0.407534126819045,8.32565243030042e-05,0.0017914624718122,Solyc02g091520.3,up,3.93482734673132,1.20786960285764
root,686.351154155113,-1.35886754154884,0.484876951169084,0.0050708253410775,0.0284758414638199,Solyc02g091730.2,down,-2.80249976467737,-0.754901854976638
root,51.71535635334,2.4373174314513,0.634754721178305,0.0001231454426238,0.0023323405164036,Solyc02g091800.3,up,3.83977834292728,1.85963399423232
root,36.5768298083326,3.10182181705756,0.997276190076266,0.0018690142424666,0.0147862916234841,Solyc02g091810.2,up,3.11029366581022,1.56853702498686
root,1610.79746168117,1.05923093702209,0.260823294006716,4.88408744937348e-05,0.0012265004329906,Solyc02g091880.3,up,4.06110558896175,0.835011376496939
root,912.154562045496,1.05817844924345,0.376833967020441,0.0049838450949339,0.0281632750208887,Solyc02g091930.3,up,2.80807608085407,0.661481088766562
root,110.880481381192,1.99225515370637,0.587491186124566,0.0006960673329755,0.0075818017366138,Solyc02g091980.2,up,3.39112347684473,1.29619076565127
root,85.4769434040055,1.41390306592022,0.484893193846304,0.0035465711840896,0.0225486478748635,Solyc02g092110.3,up,2.91590619102066,0.807652823436369
root,66.8914051322414,2.53217835607011,0.530605232833121,1.82183377178986e-06,0.0001209652089284,Solyc02g092120.3,up,4.77224535187819,2.25882267326815
root,440.867877344476,1.05233681334088,0.387403588598045,0.006599936837485,0.0337847411354989,Solyc02g092130.2,up,2.71638375150093,0.641972413562321
root,408.997956907531,1.68825859859712,0.421277525127005,6.13716955113588e-05,0.0014414129021663,Solyc02g092240.3,up,4.00747369109746,1.29762938361936
root,160.417063630266,1.33243534101008,0.437624734194763,0.0023291372738766,0.0171859624093476,Solyc02g092250.3,up,3.04469842972149,0.812027472368154
root,5002.89856164169,1.06314140477512,0.303139967709251,0.0004530232282909,0.0057052189204998,Solyc02g092270.3,up,3.507097440199,0.774933638420996
root,158.120936759096,1.55016060482361,0.566913110355224,0.0062496286105116,0.0326426370016398,Solyc02g092420.3,up,2.7343883507162,0.791692659384785
root,1115.880934122,-1.71823630855475,0.52505543360912,0.0010660632957434,0.0100797975745834,Solyc02g092470.3,down,-3.27248552927823,-1.07523109982899
root,2.39106527399244,-2.46791041885365,0.806035346735072,0.0022001824796653,0.0164945667756969,Solyc02g092523.1,down,-3.06178932332208,-1.31530848486571
root,398.706989354021,1.30850744238164,0.221645718106724,3.5565600882555602e-09,9.84792769700657e-07,Solyc02g092550.3,up,5.90359901178684,1.17168123063916
root,4583.71235160074,2.83175962465918,0.698273371660988,5.00541646951039e-05,0.0012450825553708,Solyc02g092580.3,up,4.0553739260073,2.26774759924854
root,44.9910759258215,-1.57940484202162,0.369068728858578,1.87370156507463e-05,0.0006269260284889,Solyc02g092610.3,down,-4.27943284955693,-1.26213148096269
root,106.734727247825,-1.61493716621812,0.49217016551931,0.0010334525968111,0.0098719820459799,Solyc02g092620.3,down,-3.28125774246013,-1.02013927550666
root,394.920563742268,3.93831844147001,0.91032297906241,1.51643837943666e-05,0.0005354350546453,Solyc02g092820.3,up,4.32628696852879,3.12934526403784
root,1131.20197702422,1.6195194273519,0.561169794367409,0.0039020882909803,0.0240455478756635,Solyc02g092860.3,up,2.88597042037434,0.873601658680604
root,221.741537820638,2.56760295699735,0.553883376922665,3.55837836252512e-06,0.0001934948688914,Solyc02g092890.1,up,4.63563822995151,2.2607553251796
root,2478.16076687652,-1.13679639136411,0.407287516636519,0.0052522783765933,0.0291325635627389,Solyc02g092930.1,down,-2.79113978437654,-0.682629728915448
root,2195.53668701631,1.82754661980174,0.454115395635518,5.71182892011633e-05,0.001364355593586,Solyc02g093050.3,up,4.02441017716248,1.42462307178582
root,77.0607145172346,2.2067426071967,0.760922212119366,0.0037305598356184,0.023304852826377,Solyc02g093090.1,up,2.90008961763693,1.09545453748173
root,4694.73519349499,1.04780350311749,0.364632665980776,0.0040583993782967,0.024740717415086,Solyc02g093110.3,up,2.87358649093917,0.670209988849711
root,2458.41078334011,1.68620729267601,0.512037964451221,0.0009907885117188,0.0096083656408349,Solyc02g093250.3,up,3.29312943520352,1.06499455916803
root,5949.04380219997,1.51871854188719,0.3463562173375,1.16068064746293e-05,0.000451261357236,Solyc02g093270.3,up,4.38484561808025,1.22604878437917
root,352.740954519454,1.6780317849691,0.399891831311149,2.71413560922468e-05,0.0008156949007626,Solyc02g093310.3,up,4.1962142098958,1.33444108932633
root,140.527689059106,-1.70338385753015,0.60230846738603,0.0046826323236006,0.0271090274051863,Solyc02g093320.3,down,-2.82809216500425,-0.879390993878014
root,72.3984061570947,-1.12671563285868,0.391824676172566,0.0040331061438681,0.0246364835098869,Solyc02g093335.1,down,-2.87556068153926,-0.697126346992268
root,349.415296957261,1.99806107149889,0.602622430542451,0.0009144328291471,0.0090984985610272,Solyc02g093580.3,up,3.31561019011578,1.25968431138587
root,300.918027712287,-1.50073774458861,0.370538023150758,5.1182941357037e-05,0.0012612339788261,Solyc02g093590.3,down,-4.05015855546359,-1.14937270099369
root,101.766634149903,-1.1772217417611,0.309855352611436,0.0001451274643724,0.0025969918029366,Solyc02g093600.3,down,-3.79926224233202,-0.877797980492368
root,394.4957344244,1.07291345814471,0.416146334432512,0.0099313057689301,0.0443724837794831,Solyc02g093710.1,up,2.57821196384635,0.618933261345205
root,82.3832117211395,-1.09387323495756,0.404970637693144,0.0069106940528093,0.0348081966604403,Solyc02g093935.1,down,-2.70111739751961,-0.650751027661732
root,279.98210284204,1.24069530035991,0.425557044182256,0.0035516259776063,0.0225665510485351,Solyc02g093990.3,up,2.91546178666603,0.745055702002762
root,51.5910833315194,3.8213476651105,0.930622624124018,4.0217442106995e-05,0.0010660260869829,Solyc02g094050.3,up,4.10622691309217,2.92307894661773
root,83.5921145267222,25.5039389123476,3.06596438843795,8.91535892946563e-17,3.7522962662334997e-13,Solyc02g094160.1,up,8.31840676575548,24.7474121627798
root,5585.25619101328,1.23047771378668,0.39333437884414,0.0017580575393179,0.0142458848122473,Solyc02g094180.3,up,3.12832485531162,0.789140975269747
root,2209.45171829716,1.13410961769019,0.317498978990194,0.000354251498666,0.0048314118845936,Solyc02g094200.3,up,3.57201028266997,0.821081059905698
root,426.625427121877,6.81380208565714,1.27265245257022,8.60230646415486e-08,1.13141835769797e-05,Solyc02g094270.2,up,5.35401638671749,5.37167429800783
root,74.8865709194258,-2.15829909236155,0.682474770473835,0.0015644228159281,0.0131727701316731,Solyc02g094860.2,down,-3.16245989703483,-1.25542545159086
root,55.3172660481107,2.46348648853531,0.715314858512197,0.0005733472757234,0.0066797458394031,Solyc03g005200.3,up,3.44391907873853,1.6222491473392
root,3871.78243678099,1.38627735547169,0.258831943334246,8.51327679389602e-08,1.12675092358961e-05,Solyc03g005470.3,up,5.35589748936631,1.2122716797024
root,10.3246539507628,5.14698218903431,1.24025947814848,3.32586135107182e-05,0.0009403868786189,Solyc03g005500.1,up,4.14992368912832,3.57490888208472
root,27.9068206697902,2.75866495814525,0.733997781118604,0.0001709961900716,0.0029279445271497,Solyc03g005520.1,up,3.7584104872103,2.03771804761182
root,81.3285196389863,2.10530466396983,0.636978644194763,0.0009492840105978,0.0093208113201635,Solyc03g005640.1,up,3.30514167650197,1.31690780608937
root,3.88388199461631,-2.0605720919751,0.740149417197523,0.0053693903204504,0.0295407712166168,Solyc03g005840.2,down,-2.78399475038051,-0.971921405487865
root,87.6725242615221,1.94814108142484,0.678546420888227,0.004091100846117,0.0248824064178289,Solyc03g005890.1,up,2.87105055962818,0.987004869528522
root,342.021521103714,-1.08046916270308,0.419833083073683,0.0100655743985516,0.0447160539673041,Solyc03g005960.3,down,-2.57356841626854,-0.61977320777519
root,162.142361583661,1.7715144044111,0.453308245222773,9.30753854690738e-05,0.0019316355146067,Solyc03g005980.3,up,3.90796863520651,1.34080157526232
root,58.0187526277454,1.44941377582978,0.452750080132163,0.0013678285343343,0.0119908014741982,Solyc03g006010.3,up,3.20135509508178,0.907467140241392
root,199.316490340252,1.03353835630001,0.37084808301388,0.0053205230588216,0.0293409557782609,Solyc03g006020.3,up,2.78695887518267,0.649744898031367
root,38.0203917445904,-1.44157229464196,0.531623342899552,0.0066950816113276,0.0341394965698043,Solyc03g006030.3,down,-2.71164220664091,-0.751655160415711
root,152.463421345098,1.72894289081129,0.389393880511659,8.99223204404155e-06,0.0003815171998685,Solyc03g006220.3,up,4.44008747271395,1.43422859327101
root,1219.17131158665,1.27305639049965,0.40208271840654,0.0015446822065816,0.0130962185391311,Solyc03g006250.3,up,3.16615545066147,0.815907907076075
root,443.375869800748,-2.27829836162443,0.619118624106582,0.0002333199110826,0.0036289609821314,Solyc03g006360.3,down,-3.67990603563593,-1.65229181543182
root,9.97579624259953,-2.3162747139966,0.629024936758052,0.0002311158444217,0.0036034231881638,Solyc03g006450.1,down,-3.68232573725059,-1.68149459059794
root,7655.54596404969,2.68690808669531,0.537877989343858,5.87182534448771e-07,5.34920746967097e-05,Solyc03g006700.3,up,4.9953858308517,2.42961998351128
root,14.3949237855684,2.83833537609715,0.715737662204829,7.32089326316442e-05,0.0016512419917474,Solyc03g006810.3,up,3.96560852666836,2.22355432816958
root,50.1012724191654,3.96225012666331,1.08990415402257,0.0002775372313157,0.0040615392877666,Solyc03g006910.3,up,3.63541152865562,2.51097849908751
root,91.9317357257968,-1.01074186325837,0.390653426958851,0.0096728276892918,0.0436345093019202,Solyc03g006960.3,down,-2.58731088352858,-0.605157703645079
root,243.276354405912,1.12380843088161,0.29378457199428,0.0001306232079932,0.0024091453014994,Solyc03g007080.3,up,3.82528062400598,0.849011953374135
root,421.723003256084,2.20175079621657,0.458473369908394,1.56812218319152e-06,0.0001061079203314,Solyc03g007220.3,up,4.80235263534826,1.96499888819358
root,42.8200560098452,1.39837205440551,0.450259960603642,0.0018982963411475,0.014917008290929,Solyc03g007360.3,up,3.10569932207781,0.856517631604058
root,6585.40287999103,1.30066211315816,0.318419422692904,4.41252662267851e-05,0.0011379560079368,Solyc03g007470.3,up,4.0847449007926,1.00048228795993
root,893.479566311555,1.20997466242468,0.441532532037396,0.0061364912511799,0.0322840804724576,Solyc03g007530.3,up,2.74039753501607,0.69288150146011
root,97.9602430725555,-2.22954532896707,0.831099541606927,0.0073042401288717,0.0360907323953924,Solyc03g007790.3,down,-2.68264535997247,-0.948843634989109
root,399.417827095441,1.22007000616665,0.373713331511379,0.0010957169389578,0.0102742574506883,Solyc03g007830.3,up,3.26472165505152,0.812433994644093
root,347.452278518405,1.6091498209008,0.464248072599717,0.00052798401784,0.0063560278661395,Solyc03g007920.3,up,3.46614216810814,1.07886404463711
root,42.0675751728487,2.82161367712246,0.647573704375591,1.31731741451205e-05,0.0004863443451051,Solyc03g013440.3,up,4.35720854330109,2.38913438387802
root,218.06937886796,1.11665225283657,0.388563142399812,0.0040556736980787,0.0247312655179278,Solyc03g019670.3,up,2.87379869830164,0.693396603639182
root,2549.45225348929,4.35185588190579,0.905517798277245,1.54033169639428e-06,0.0001049020719058,Solyc03g019690.1,up,4.80593080576133,3.59622960217428
root,3816.51131549481,4.13142969931647,0.831445169611216,6.73079810304641e-07,5.82892655475344e-05,Solyc03g020010.1,up,4.96897432364462,3.50418866892577
root,1062.11149748132,9.40737043818436,1.28529782989299,2.49426741519421e-13,5.83215149837189e-10,Solyc03g020030.3,up,7.3192144415023,8.33593272915082
root,15.1137895158013,3.90523690925021,1.06872699115972,0.0002580841564014,0.0038877043574169,Solyc03g020040.3,up,3.65410150726378,2.51552100101596
root,481.033908332025,6.41294359753671,1.07724742664086,2.6313737979159604e-09,7.91066145762049e-07,Solyc03g020060.3,up,5.95308323690682,5.36761529772378
root,24.2602160981375,4.0844182152719,1.27043141601086,0.0013045124237556,0.0116125885979331,Solyc03g020070.3,up,3.21498521195022,1.89243699795978
root,31.0170936317668,4.38441300357033,0.987638036720529,9.0255562385353e-06,0.0003821605744139,Solyc03g020080.3,up,4.4392913603539,3.44879573726582
root,56.263888843715,-1.23624151003821,0.431654116563151,0.0041837659887133,0.0252345002770086,Solyc03g025180.2,down,-2.8639632117521,-0.731164597323573
root,523.898268881129,-1.10579995313392,0.302262934964251,0.0002537906947097,0.003845047789397,Solyc03g025190.3,down,-3.65840407546067,-0.817472987160823
root,507.351985073769,-1.06933177679223,0.3099204521504,0.0005598752884244,0.0066116810154903,Solyc03g025290.3,down,-3.4503427230201,-0.770437677229705
root,129.883177374185,2.50783197162038,0.950203849372608,0.008308801488717,0.0391777769501593,Solyc03g025350.3,up,2.6392568008183,0.969095206580586
root,34.6373132175988,3.2481796211584,0.797018599599833,4.59328373319401e-05,0.0011659959334298,Solyc03g025640.2,up,4.07541257229034,2.56281365165923
root,1955.87253940786,4.298640413936,0.626707660165974,6.9303535977107e-12,8.10235339501244e-09,Solyc03g025670.3,up,6.85908388737035,3.93580739720284
root,87.2552060663734,2.47896180464277,0.689186543087386,0.000321984224259,0.0045196911244476,Solyc03g025680.3,up,3.59693878167968,1.74126621279353
root,257.692950716449,1.2824554934384,0.350996576176375,0.0002584328823329,0.0038901728010121,Solyc03g025690.3,up,3.6537549950173,0.918813561785404
root,7.97696515481983,-2.56753908014142,0.809842015333072,0.0015221889828447,0.0129750517025893,Solyc03g025810.3,down,-3.17041970103939,-1.44985626932777
root,84.7600895204562,4.65433060528709,0.844138759655693,3.51360880042298e-08,5.96293416097591e-06,Solyc03g025870.3,up,5.51370322953243,3.99946140481297
root,113.872847546426,-1.13122547322747,0.366636742259007,0.0020327023671286,0.0156460090028733,Solyc03g026210.3,down,-3.08541218825344,-0.739720466966775
root,3819.2787933886,-1.2542899384115,0.420993924527295,0.0028885683734021,0.019752363324952,Solyc03g026230.1,down,-2.97935401281588,-0.765178730801689
root,21.7514731224408,-1.37683896901688,0.37298584148474,0.0002230253520679,0.0035250312760912,Solyc03g026250.2,down,-3.6913974094462,-0.98542318257468
root,7821.94198544906,-1.06448073934111,0.34155876018757,0.0018298830610323,0.0146029803323336,Solyc03g026270.2,down,-3.1165376603327,-0.718186687247047
root,12.3148395665057,2.62186571832897,0.828164208658348,0.00154616352112,0.0130962185391311,Solyc03g026360.1,up,3.16587663523454,1.46813052012572
root,134.996366640592,2.34817825856276,0.634122513054332,0.0002130349499259,0.0034196090665457,Solyc03g031450.3,up,3.70303562832434,1.7166999693095
root,43.2241740208147,3.1987660242449,1.02704276802472,0.0018423182819493,0.0146356156758555,Solyc03g031630.3,up,3.11454023516175,1.59789676233091
root,89.3780044628403,-1.14127009973215,0.417592850676167,0.0062765425352974,0.0327143933489948,Solyc03g031820.3,down,-2.7329732726128,-0.671204407762955
root,127.275928620788,-1.32519319901872,0.499775589365214,0.0080116965720019,0.0383090530927537,Solyc03g031940.3,down,-2.65157648196044,-0.700888410748375
root,534.530537354409,1.29412807510136,0.423404042392763,0.0022394873740221,0.0167179043273935,Solyc03g031980.3,up,3.05648493053566,0.799298167196425
root,206.2733651068,-1.00406460176666,0.347168845380049,0.0038261443362814,0.0237338246814611,Solyc03g032180.3,down,-2.89215064983006,-0.658413842874709
root,17.4171681571013,-1.48353086510589,0.571335312179431,0.0094150730743928,0.0427190163384049,Solyc03g033490.2,down,-2.59660278908154,-0.723092092729695
root,72.8744975822993,2.78147719713973,0.458094923172654,1.2645612648241701e-09,4.51041139948471e-07,Solyc03g033710.3,up,6.07183589347793,2.61386406103226
root,18.1067700389507,-1.05825147541205,0.284232736141924,0.000196724122793,0.0032393289828295,Solyc03g033830.2,down,-3.72318646253202,-0.798921907759065
root,29.2294891608005,-4.04269138225423,1.03801827274662,9.83509727512626e-05,0.0019992552340942,Solyc03g034030.3,down,-3.89462448628883,-2.84857989800454
root,76.4305576271873,1.19627097048397,0.348465483848269,0.0005970118267645,0.0068367085626947,Solyc03g034057.1,up,3.43296833096061,0.831807998325866
root,1796.72000661329,-1.04965569754637,0.239230868501778,1.1459434658697e-05,0.0004474069442627,Solyc03g034080.3,down,-4.38762649703196,-0.856989888675805
root,81.4250623417858,-1.01061564166145,0.270699687585386,0.0001889526156178,0.0031583152049742,Solyc03g034170.3,down,-3.73334616924029,-0.773401121015842
root,1139.76570447222,1.06909186346382,0.417088071267087,0.0103703893085578,0.0456080402527251,Solyc03g034250.3,up,2.56322809764372,0.614752685432326
root,26.17966127235,6.18672570750944,1.44961135352285,1.97364807071479e-05,0.0006489601562519,Solyc03g034320.3,up,4.26785130543745,4.09591745020066
root,729.103481898975,2.16639621396396,0.399976743379407,6.0843126682066e-08,9.08072877941417e-06,Solyc03g044097.1,up,5.41630544731191,2.00968170627179
root,26.1958356957063,4.33420366935692,0.994975781312341,1.32406584338621e-05,0.0004877621758951,Solyc03g044180.1,up,4.35608961621181,3.37117900456843
root,121.13272839129,2.37367184752824,0.623130214147089,0.0001393771337136,0.0025372425621705,Solyc03g044300.3,up,3.80927098965537,1.79475858730962
root,123.300436043833,-1.4089094223392,0.395882596397021,0.000372401076149,0.0049789124818811,Solyc03g044740.3,down,-3.55890719915922,-0.977201643670758
root,13.7662483042615,2.05221158359496,0.673091952835843,0.0022965646980644,0.0170352158992132,Solyc03g044850.1,up,3.04893198462508,1.13340794000449
root,844.947138948776,-1.34868448681335,0.523860569258707,0.0100382066924016,0.044669913646627,Solyc03g051900.3,down,-2.57451040593076,-0.683545456175973
root,13.0293164400338,-1.65212743665515,0.468014813279923,0.0004154417310696,0.0053933101718869,Solyc03g062910.3,down,-3.53007509543721,-1.1281234679133
root,9.42406815125413,-1.7480559046532,0.531926649223198,0.0010152275454329,0.0097599125016402,Solyc03g063380.2,down,-3.28627247235307,-1.09799001008974
root,583.223106901859,2.38728133007823,0.475591795114046,5.17787571924996e-07,4.8644293141025e-05,Solyc03g070380.3,up,5.01960158817661,2.17085696685051
root,377.142765453947,-1.36018836671417,0.488025956398172,0.0053178290636231,0.0293337863210707,Solyc03g071590.3,down,-2.78712299803253,-0.750805897693599
root,584.98326327904,1.2821985850785,0.364386402757227,0.0004335226107172,0.0055358312014165,Solyc03g071620.1,up,3.51878822968256,0.893727375831417
root,5.23088396236406,-1.76086679829572,0.586120111187361,0.0026621338599983,0.0186926743242594,Solyc03g071650.2,down,-3.0042763670548,-0.981014525961904
root,287.802642526311,2.1032875241335,0.709520935777051,0.0030329649033952,0.0203627933459327,Solyc03g071850.1,up,2.96437697335883,1.10134449979721
root,82.5192509049911,-1.27228311969331,0.401582817520936,0.0015340115440575,0.0130431268416759,Solyc03g077920.1,down,-3.16817120699389,-0.816015167195663
root,16.7705763873297,1.94112390575108,0.624171763896735,0.001871383727205,0.0147939140327961,Solyc03g078090.3,up,3.10991944530229,1.11697699165611
root,103.90979157951,-1.05788654372387,0.387306868612614,0.0063067575130756,0.0328026211332584,Solyc03g078100.3,down,-2.73139112537136,-0.64655358936598
root,701.133687840826,-1.05067076296745,0.340590482493893,0.0020365440647317,0.0156584951457218,Solyc03g078360.2,down,-3.08485062552003,-0.707455621702123
root,2028.08789389098,1.3247446720312,0.373693014032157,0.0003926013784625,0.0051798767450567,Solyc03g078490.3,up,3.54500786016086,0.923376474595351
root,23.8605073172162,5.39516147346798,1.38960108285156,0.0001033772221786,0.0020758304041286,Solyc03g078500.3,up,3.88252538087888,3.27266630014021
root,120.477343269757,-1.54087853387664,0.534838103224155,0.003963922229027,0.0243407374184116,Solyc03g078580.3,down,-2.88101861963049,-0.842756485163027
root,683.041754978245,1.30740065938102,0.29034835823555,6.70421705208158e-06,0.000306897985446,Solyc03g078630.3,up,4.50286913046834,1.05985328932178
root,19.2607564253599,-3.11694209838472,0.881277775942577,0.0004049386265766,0.0052994579960685,Solyc03g078690.3,down,-3.53684409555316,-2.05481298432017
root,346.688486485472,1.6957236681746,0.405264331536608,2.86120334887931e-05,0.0008444763432512,Solyc03g078710.2,up,4.18424108962429,1.34783800343912
root,10.3857858990005,-1.91949346359602,0.572845047670745,0.0008057630311451,0.0083182079093405,Solyc03g078730.2,down,-3.35080746774526,-1.23010581870268
root,94.1327377237407,1.08926788121836,0.403227018984369,0.0069053177964714,0.0347894440289548,Solyc03g080100.3,up,2.70137622216379,0.649505117915995
root,46.8203210848033,1.47843300281373,0.472677440949987,0.0017612948419842,0.0142666238085898,Solyc03g080120.1,up,3.12778413931153,0.899483342317329
root,4676.84242508591,1.64237003802046,0.486410577834505,0.0007341178137824,0.0078300939043277,Solyc03g080190.3,up,3.3765097077705,1.06957611230348
root,892.163611529788,-1.44372208250799,0.313366805872473,4.08261832321869e-06,0.0002137179601836,Solyc03g081300.3,down,-4.60713150037826,-1.19074869578119
root,437.949751445856,-1.2592372482047,0.415857257930859,0.0024613602998309,0.0177539372383129,Solyc03g082470.3,down,-3.02805163115385,-0.778526557019036
root,703.53403020022,2.18120829109122,0.74934187775732,0.0036046781825769,0.0228003750147728,Solyc03g082520.1,up,2.91083196580349,1.09420104565692
root,838.415904993731,1.49320246774291,0.586224230167706,0.0108605984523244,0.0470542912983836,Solyc03g082530.1,up,2.54715242206167,0.707541753924775
root,4765.00577680663,1.19127310863926,0.356383058950325,0.0008297470953617,0.0084928005227592,Solyc03g082575.1,up,3.34267602996613,0.81336046365181
root,10.1159452226665,-2.07378939850133,0.487088957267537,2.06710169222579e-05,0.0006682041169155,Solyc03g082725.1,down,-4.25751675861189,-1.71921016260681
root,410.992945654431,-1.01905425283049,0.267734369417179,0.000141110408729,0.0025534647749137,Solyc03g082970.3,down,-3.80621380455873,-0.785692744815672
root,1378.2791061178,1.97029848536047,0.545024070007884,0.0003002700495354,0.0043073503220345,Solyc03g083010.3,up,3.61506691866281,1.39010756601724
root,65.0789701771557,-1.69911196592782,0.666441721527513,0.010786878534137,0.0468909464722947,Solyc03g083240.3,down,-2.54952820485696,-0.7542465629719
root,287.406678043264,-1.23681248446393,0.480481430439545,0.01004980564299,0.0446931762364924,Solyc03g083360.3,down,-2.57411089400998,-0.657177877763499
root,803.598659662609,1.73369342796255,0.561599865312791,0.0020214564236553,0.0155936689807196,Solyc03g083680.1,up,3.08706168758951,1.00560257357084
root,267.288275487668,2.74018177284379,0.636559609367292,1.67231605192071e-05,0.0005759773976533,Solyc03g083690.1,up,4.3046742716953,2.30680688672648
root,233.189542621945,1.34138129800033,0.338293496348437,7.33526783212214e-05,0.0016527128079141,Solyc03g083720.1,up,3.96514066181966,1.01143869551409
root,22.1686431730789,3.20338144668551,0.891277878682256,0.0003254592391075,0.0045538325982579,Solyc03g083840.3,up,3.59414445629647,2.15405924710845
root,110.591561441806,4.83070622087532,1.39034033272188,0.0005118492643981,0.0062144981057823,Solyc03g091000.1,up,3.47447751258012,2.4306622930742
root,186.083919132737,-1.31972287763541,0.451128579865824,0.0034403496923515,0.0221562048534437,Solyc03g093330.3,down,-2.92538078174503,-0.775837147792913
root,18.8841006346353,-1.22721558405658,0.478053091292656,0.0102549634054643,0.0453182381152017,Solyc03g093630.2,down,-2.56711149119062,-0.653055579064791
root,23.681682211091,1.42734841334343,0.494424404187916,0.0038907136517304,0.0239965351954911,Solyc03g093790.3,up,2.88688908001583,0.803615460115361
root,169.563196815189,2.73175377758069,0.840168278342808,0.0011482343566206,0.010625964732069,Solyc03g093890.3,up,3.25143646576248,1.59460348415856
root,89.7461559435052,4.7587004925331,1.40042509747902,0.0006787049678595,0.0074427656819362,Solyc03g093930.3,up,3.39803999592659,2.27740688831909
root,10.1264145784018,1.55212732144298,0.526289956777511,0.0031861147369949,0.0210645926878171,Solyc03g093980.2,up,2.94918666308341,0.871646020075272
root,40.4146121200887,-1.53240055875365,0.573431704912082,0.0075325821889393,0.0368652292371842,Solyc03g095370.3,down,-2.6723331577709,-0.763344780869378
root,482.72718218089,1.37174755650831,0.354075774228802,0.0001069914227423,0.0021224077163721,Solyc03g095780.2,up,3.87416382692674,1.01726687774436
root,150.68342674334,2.52625810911211,0.840633369857389,0.002654200698803,0.0186431907562117,Solyc03g096030.3,up,3.00518418575351,1.28708155692155
root,28.6446802163993,2.39534650534897,0.649002770219481,0.0002235402711742,0.0035273826677036,Solyc03g096190.2,up,3.69081091062047,1.74368519307976
root,377.545910393173,4.99485776085313,1.16111667616702,1.69438564692622e-05,0.0005816745767359,Solyc03g096420.1,up,4.30177075515076,3.66266388409292
root,183.101834377584,4.36178851952479,0.890705600813901,9.73090641203598e-07,7.72744130320321e-05,Solyc03g096430.1,up,4.89700358405641,3.63406390253003
root,568.488453297548,2.90618763895324,0.601283651863901,1.34284408455387e-06,9.61184044739852e-05,Solyc03g096460.3,up,4.83330559536159,2.58192565945318
root,6681.54301621615,6.35016190141624,0.719970931597883,1.14433763947517e-18,1.20407206425578e-14,Solyc03g096540.3,up,8.82002539647382,5.89022445901691
root,3956.13783397791,4.6780459402739,0.66807462193097,2.51829130247781e-12,4.07653247456484e-09,Solyc03g096550.3,up,7.00228056373808,4.26004428730886
root,29.4154026549545,3.35145575232111,0.811073794094219,3.59429771891935e-05,0.0009939343127061,Solyc03g096770.1,up,4.13212185712881,2.66193489754587
root,155.7032029171,2.01750380958983,0.497964048204942,5.08892478481785e-05,0.0012584145070351,Solyc03g096780.1,up,4.05150495675846,1.60275869458478
root,58.6787105933843,-1.33574244043623,0.524418524681331,0.0108624665998645,0.0470542912983836,Solyc03g096830.3,down,-2.54709240343466,-0.67216429730326
root,1715.49887947453,1.01748408404783,0.321786098259018,0.0015669551512649,0.0131727701316731,Solyc03g096940.3,up,3.16198894095423,0.705729525538484
root,1292.17429135375,1.07125896941803,0.339183620219248,0.0015866753459131,0.0132710635848156,Solyc03g097010.3,up,3.15834523119238,0.72778376048048
root,715.964060192672,-1.53604079307572,0.313313989768432,9.45954632011233e-07,7.59543216840459e-05,Solyc03g097170.3,down,-4.90256050874396,-1.31580640904717
root,312.562435045392,1.27532472014988,0.230640188345276,3.21146398840856e-08,5.53951214525161e-06,Solyc03g097230.1,up,5.52949912718887,1.11904012527712
root,7043.39049200169,1.14468712539496,0.395457825357283,0.0037965754736738,0.0235848415655409,Solyc03g097270.3,up,2.89458711396285,0.70713271140297
root,40.5622953249698,-1.40617525755923,0.397598288049861,0.0004052005313569,0.0052995897960687,Solyc03g097320.3,down,-3.53667332034107,-0.970393886127046
root,1260.8239257856,-1.29390376991958,0.362385682826137,0.000356279097969,0.0048489025667156,Solyc03g097370.3,down,-3.57051569981688,-0.910310511760522
root,160.762571409357,-1.60868634766262,0.403377069915625,6.6619721934682e-05,0.0015271736692739,Solyc03g097380.3,down,-3.98804609294999,-1.22504806368219
root,267.685058413802,1.6179677327548,0.439217718869116,0.0002298287653278,0.0035932515137882,Solyc03g097410.1,up,3.68374877252377,1.15164165680187
root,12.170851810042,1.89969404881489,0.683349201560785,0.0054362997161434,0.0298104572249555,Solyc03g097580.3,up,2.77997551541137,0.920499962398177
root,595.411977566525,-1.8079047210737,0.490736094128612,0.0002295417326795,0.0035932515137882,Solyc03g097585.1,down,-3.68406714465124,-1.29509296510021
root,861.522665262765,-1.03910549722183,0.340911095238664,0.0023035086138637,0.0170626664097673,Solyc03g097715.1,down,-3.04802487139464,-0.69692232783923
root,1435.47178523373,2.6440236770576,0.554288630129835,1.8411554967184e-06,0.0001218404914243,Solyc03g097840.3,up,4.77012071569693,2.35415726365393
root,35.660070756112,-1.24207027655219,0.43152343896972,0.0039977665597087,0.0244845749367029,Solyc03g097850.1,down,-2.87833791721184,-0.736610321437351
root,127.504947583143,-1.16016552785623,0.392573861530875,0.003123857969254,0.0207638872725779,Solyc03g097940.3,down,-2.9552796086119,-0.725182308419678
root,60.3021368823691,2.90348834759182,1.0469673825715,0.005550173776901,0.0302271886545305,Solyc03g098030.3,up,2.77323667950423,1.15143306833361
root,10.6795144032213,-1.64055349104993,0.619353931081584,0.0080774724520597,0.0384535794033447,Solyc03g098060.2,down,-2.64881420577249,-0.783116593842206
root,260.958506014432,3.80863653896145,0.781885716688382,1.10983661798299e-06,8.49287337775782e-05,Solyc03g098300.1,up,4.87109107849244,3.2579006757848
root,1777.63044094609,1.2356436251351,0.393319634433485,0.001680410424654,0.0138495088910794,Solyc03g098750.3,up,3.14157625747529,0.794177583510589
root,257.955693220393,4.75753860336868,1.18155876555145,5.66148212533524e-05,0.0013554064828845,Solyc03g098760.2,up,4.02649342722135,3.28429883668227
root,59.1160107101367,-1.85726852410005,0.72097634860354,0.0099937235658561,0.0445399444680973,Solyc03g098790.2,down,-2.5760463955543,-0.801666163089403
root,753.522619812539,-1.93050546896067,0.510672827025849,0.0001566284394247,0.0027467407327113,Solyc03g111100.1,down,-3.78031758651405,-1.42875569045185
root,520.49704766636,-1.10176739104287,0.287718920187786,0.0001284986003192,0.0023909147171689,Solyc03g111260.3,down,-3.82931852491235,-0.836382689647971
root,874.006940952376,1.8871505099938,0.631232702107064,0.0027931804329905,0.0193100161077048,Solyc03g111300.1,up,2.98962728593507,1.02802589131057
root,55.5767352658743,1.7915323542248,0.544624800952511,0.001003727131951,0.0096985010377505,Solyc03g111510.3,up,3.28947993387656,1.1246365530601
root,145.987622600298,-1.7625446221946,0.674975886699372,0.0090206510895287,0.0414513115770191,Solyc03g111570.3,down,-2.61127050154848,-0.797197836662871
root,841.510518404553,2.99414123216103,0.449488897268399,2.7157692989838796e-11,2.38127704699236e-08,Solyc03g111720.3,up,6.66121288057792,2.83025117244369
root,22.022061714598,2.44198664792116,0.532802412794771,4.57721980289247e-06,0.0002326642838938,Solyc03g111725.1,up,4.58328751762201,2.13987674714858
root,179.580571301943,2.53571051029333,0.461972793786737,4.04503764374977e-08,6.5987420290752e-06,Solyc03g111730.3,up,5.48887411639203,2.35645522314154
root,11.3376240389912,2.33797818836652,0.906638168424283,0.0099163265272294,0.0443432162003862,Solyc03g111780.1,up,2.57873346809332,0.895820810139642
root,324.642805755224,-2.52948874300118,0.614561110796336,3.85626152364385e-05,0.0010363955173064,Solyc03g111820.3,down,-4.11592712028836,-2.06478491577515
root,207.986785689733,2.65059773205289,0.734495765146814,0.0003076983062069,0.0043881979443091,Solyc03g112030.2,up,3.60873112933889,1.86010402651037
root,86.4381708688088,6.00155618961578,0.819429797452626,2.40572061037481e-13,5.83215149837189e-10,Solyc03g112040.1,up,7.32406388963755,5.38696322940361
root,1296.43271538434,1.33425282405248,0.424733753529023,0.0016815004379732,0.0138495088910794,Solyc03g112100.3,up,3.14138636961734,0.837325146145189
root,119.681522675217,-1.57654323360681,0.497691379326453,0.0015364334633298,0.0130584433773483,Solyc03g112280.3,down,-3.16771256062425,-0.960083433293706
root,289.347637451334,1.51941934866905,0.418277107890332,0.0002806163849725,0.0040952088802796,Solyc03g112330.3,up,3.63256635375663,1.06747199338301
root,31.3222430936048,-1.1826086076158,0.391306165005735,0.0025093808569276,0.0179975874292828,Solyc03g112420.2,down,-3.0222079623981,-0.747444815497557
root,641.167966518773,1.21970151070859,0.410348696959082,0.0029552591449111,0.0200162450741905,Solyc03g112700.1,up,2.97235380481839,0.750646334722668
root,172.575528677347,-1.82191874127336,0.487174106086443,0.000184189260388,0.0030909719263198,Solyc03g112760.3,down,-3.73976924986665,-1.32628896636567
root,1551.96611046185,1.18978444316882,0.359930958349976,0.0009477641001322,0.0093112734468641,Solyc03g112770.3,up,3.30559074057738,0.805913236577345
root,1354.48532926122,1.0597530683307,0.222962767122861,2.00371268424985e-06,0.0001309507134389,Solyc03g112870.3,up,4.75304949793135,0.890351597379745
root,290.163220289991,1.23893121793649,0.284036987237127,1.28957970542724e-05,0.0004811687113654,Solyc03g112960.1,up,4.3618657907471,0.98992996142751
root,462.539688597711,-1.08478247839371,0.377470992456317,0.0040554413113944,0.0247312655179278,Solyc03g113010.2,down,-2.87381679671519,-0.682713781017514
root,74.6716033960656,2.29248677155715,0.720820602627518,0.0014707968710173,0.0126435659124548,Solyc03g113120.3,up,3.18038463828674,1.3335236133834
root,15.1238369009825,2.45055910044925,0.623057195986681,8.3850136907251e-05,0.0017933461654484,Solyc03g113480.1,up,3.93312061273686,1.91813838670529
root,145.538049370802,-1.13693010139957,0.365056935859363,0.0018432493469538,0.0146374865121877,Solyc03g113510.2,down,-3.11439118044198,-0.747401031910756
root,2528.78620015408,-1.09285908738358,0.282525454832593,0.0001096510730165,0.0021485076169083,Solyc03g113520.3,down,-3.86817919833503,-0.835569522321886
root,181.364071092057,3.03802607256934,0.981492765789496,0.0019660614365408,0.0152773467722526,Solyc03g113580.2,up,3.09531173174323,1.53411009939716
root,52.2469649336062,2.21515001456153,0.526464660285538,2.58103034272758e-05,0.0007904092430481,Solyc03g114080.2,up,4.20759489033907,1.83213374166822
root,326.519384527796,-1.42263238643175,0.422248527224177,0.0007539146837131,0.0079605522348517,Solyc03g114160.1,down,-3.36918258965639,-0.939126592562725
root,2683.17634399202,1.19685703633823,0.347743811782918,0.0005779040963739,0.0067038966333757,Solyc03g114180.3,up,3.4417781015335,0.833633552076003
root,396.054581539065,1.11189141362045,0.370354326128978,0.0026800355011823,0.0187745229982961,Solyc03g114210.3,up,3.00223687203056,0.716696719593071
root,15.3369816950679,3.48429060273811,1.06581548104406,0.001078782815688,0.0101476692881728,Solyc03g114230.2,up,3.2691311626708,1.86996087870772
root,194.893551495017,1.11199094582728,0.402490300028615,0.0057311907232848,0.0308853207633309,Solyc03g114760.3,up,2.762777005429,0.669032524099362
root,38.3966537762378,1.85759782295377,0.678407227634367,0.0061781159739069,0.0324208270821733,Solyc03g114820.3,up,2.73817516572057,0.885588164635089
root,2444.65420351307,2.23877988265315,0.527418431097263,2.18799341552724e-05,0.000696582956677,Solyc03g114860.3,up,4.24478886336129,1.86533449571693
root,236.740328919519,2.14095332208858,0.654329065442022,0.0010679614544997,0.0100871547793948,Solyc03g114890.3,up,3.27198260808159,1.31684456546987
root,200.781052277017,2.56620405162719,0.824732408219316,0.001861018960812,0.0147563236666652,Solyc03g114910.3,up,3.11155961139916,1.39655608660764
root,691.340858997512,-1.62331767941722,0.44532087717671,0.000267104578414,0.0039528472209176,Solyc03g114940.3,down,-3.64527638971004,-1.14417831369026
root,2104.51795036764,1.19590654266305,0.370491569504255,0.0012470631813163,0.0112535152605581,Solyc03g114960.3,up,3.22789137756431,0.794170192870083
root,548.27764215037,-1.03623501912601,0.370595997344024,0.0051718405400197,0.0288384240392623,Solyc03g115250.3,down,-2.79613116858376,-0.652287190909738
root,763.19074273608,1.01722046749682,0.368159511832049,0.005727479862101,0.030873229051756,Solyc03g115610.3,up,2.76298841889183,0.640268302868026
root,547.925000811109,-2.43648916429213,0.700846343283756,0.0005080127384167,0.0061831232314878,Solyc03g115770.3,down,-3.47649550809693,-1.62981033489727
root,1958.99792175325,1.0961246591651,0.31876181810155,0.0005845254625461,0.0067384841706495,Solyc03g115860.3,up,3.43869496570603,0.782128200131534
root,52.1187077584424,1.56440028986372,0.491358064778079,0.0014534060499029,0.012535031522196,Solyc03g115970.2,up,3.18382947590425,0.959511252157584
root,93.680643565624,10.7071874179514,2.8735754520716,0.0001944765699521,0.0032098548533899,Solyc03g116067.1,up,3.72608535830593,2.41870588143956
root,80.4560018126929,1.67540754623805,0.445668324404669,0.0001703793183468,0.0029245206976274,Solyc03g116070.1,up,3.75931484131408,1.21745106479111
root,40.6974221803777,2.32115606489737,0.571825953533628,4.92410687795897e-05,0.0012336060135686,Solyc03g116260.3,up,4.05920026986125,1.8695735709787
root,41.9197961182471,2.096466038021,0.675713814964962,0.0019183222170749,0.0150220226894772,Solyc03g116270.3,up,3.10259460675628,1.18698950142817
root,35.1995828404357,1.52889940128331,0.551387859080981,0.0055572814116054,0.030258067277057,Solyc03g116370.3,up,2.7728202137631,0.799375489399478
root,952.320435671963,-2.61701015116975,0.860955275994579,0.0023684642257549,0.0173725426906876,Solyc03g116390.3,down,-3.03965864910528,-1.34887163065638
root,373.061928600393,1.32157094522662,0.362000168262712,0.0002614789465828,0.003919204381687,Solyc03g116500.3,up,3.65074677055821,0.942224928633804
root,586.00011209698,1.61483113411423,0.408104296667617,7.59261726679759e-05,0.0016818846080262,Solyc03g116510.1,up,3.95690794559177,1.22259103814828
root,216.618345789312,1.53449732430723,0.335962983260714,4.93670989361642e-06,0.0002473214909007,Solyc03g116630.3,up,4.56745951418232,1.26943308159105
root,4379.40757963434,-1.22100539783376,0.33108741980826,0.0002261444002965,0.003556788310792,Solyc03g116680.3,down,-3.6878640648469,-0.887684722466339
root,2409.78343155793,1.86209535767886,0.482807662075355,0.0001148783903718,0.002232226082165,Solyc03g116700.3,up,3.85680573020449,1.40050139036817
root,35.3688010230777,2.02974370545186,0.733579546949841,0.0056591530086231,0.0306360471372952,Solyc03g116860.3,up,2.76690334932503,0.952334688691968
root,104.657990694792,-1.07849240199645,0.375716128734397,0.0040982576906962,0.0249115351943996,Solyc03g116870.3,down,-2.87049801569435,-0.679969749891393
root,159.20974854682,-1.0386656159883,0.298468998137357,0.0005014545267437,0.0061374465149176,Solyc03g116930.3,down,-3.47997823047037,-0.759016893674589
root,16.5083795878418,-2.44980263194315,0.786865642842725,0.0018496497432477,0.0146827722357244,Solyc03g116950.2,down,-3.11336840568194,-1.35155173739295
root,319.340326085448,2.26220173742663,0.670126138858815,0.0007360542595989,0.0078348638538193,Solyc03g117260.2,up,3.37578495487286,1.45425361351441
root,42.7014469853275,1.98405703674901,0.654570657942406,0.0024367943297169,0.017649591072723,Solyc03g117310.1,up,3.03108153821888,1.09270864838824
root,11.4721043138916,-1.3396425041666,0.408034920953169,0.001026516599119,0.0098354316479764,Solyc03g117540.3,down,-3.28315650297087,-0.874209498750371
root,31.7932804153128,-1.12207816218534,0.399816542578205,0.0050085620399677,0.0282415412167152,Solyc03g117750.3,down,-2.80648258060973,-0.681317165495324
root,7.77733307812476,-2.48587120601736,0.76034202155527,0.0010777131583699,0.0101428424439787,Solyc03g117800.3,down,-3.26941183775762,-1.49738586211767
root,240.819495866972,1.60463669352018,0.442879591461746,0.0002909924497278,0.0042029135978534,Solyc03g117840.3,up,3.62318951799969,1.1242666504271
root,3992.6948983539,1.08178151762965,0.282492487556366,0.000128447225799,0.0023909147171689,Solyc03g117870.3,up,3.82941694126927,0.824593926627956
root,171.541571375774,3.04048528263142,0.727459516460634,2.92030252585102e-05,0.0008535395326945,Solyc03g118000.1,up,4.17959379708789,2.47856968299352
root,238.887155749592,-1.03808374419026,0.328441225070018,0.0015742413235189,0.0132026464757914,Solyc03g118240.3,down,-3.16063777916112,-0.714205979877159
root,32.3984151312627,-1.21093359767518,0.462450742206641,0.0088313748867243,0.0408995825396944,Solyc03g118355.1,down,-2.61851368622972,-0.662571682875694
root,151.462199940161,2.21160229700591,0.614873851664857,0.0003221076170872,0.0045196911244476,Solyc03g118450.1,up,3.59683907685729,1.55726746601182
root,8846.9761946975,-1.08874144838917,0.268758220362986,5.0997668351762e-05,0.0012584145070351,Solyc03g118470.3,down,-4.05100706098855,-0.852672738390832
root,191.95360179866,1.07848466689188,0.387806985395689,0.0054194560718344,0.029746226806386,Solyc03g118480.3,up,2.78098308567463,0.662571815557147
root,1596.92499519078,-1.007328553804,0.307427550512333,0.0010505125288872,0.0099715767514226,Solyc03g118620.3,down,-3.27663721785919,-0.717406298675797
root,37.145927167205,-1.89294712952682,0.508888351161697,0.000199405044764,0.0032706779127165,Solyc03g118790.2,down,-3.71976903225547,-1.3749459577288
root,3206.85996757301,-1.00067163932187,0.38615089622844,0.0095586168379595,0.0432319070806437,Solyc03g119060.3,down,-2.59140053563386,-0.603342532092019
root,16.427839506998,1.76473768222487,0.533451719426059,0.0009391488496007,0.0092668118242383,Solyc03g119190.3,up,3.30814883139482,1.11688836126451
root,1085.46579441917,1.05050899036194,0.325544756111325,0.0012512761102217,0.0112770254661699,Solyc03g119240.3,up,3.22692646906806,0.729560792693311
root,7523.88886459179,-1.16090405260222,0.275788971886649,2.56058141756366e-05,0.0007854938097843,Solyc03g119250.3,down,-4.20939258252634,-0.916913899150491
root,166.79514851198,-1.07980564585459,0.217616521942729,6.97834392880513e-07,5.95037945283643e-05,Solyc03g119305.1,down,-4.9619653701605,-0.918651328220857
root,99.7522097775824,3.02349580070235,0.828546029007431,0.0002631007218571,0.0039351041867532,Solyc03g119370.2,up,3.64915851968344,2.11253165823494
root,540.482788419245,3.41046004853329,0.812886154064282,2.72275918652989e-05,0.0008160419665282,Solyc03g119590.1,up,4.19549531195926,2.73487063005536
root,346.290902280087,1.36306873338041,0.370189512842037,0.0002313355221065,0.0036034231881638,Solyc03g119600.1,up,3.68208359798146,0.974594226437164
root,387.12610550581,-1.00805285921526,0.222281562919221,5.75961540470073e-06,0.0002727051972276,Solyc03g119640.3,down,-4.53502686402109,-0.838993735756227
root,90.9844519648044,2.975560218825,0.567191204748047,1.55325206071371e-07,1.82606907070722e-05,Solyc03g119660.2,up,5.24613251037061,2.70354176488868
root,475.687762523948,-1.81318493919411,0.473591273078974,0.0001288815724434,0.0023922099665696,Solyc03g119690.2,down,-3.82858604510594,-1.35016998055517
root,804.842550640282,1.86408287002122,0.437481403570437,2.03567096646191e-05,0.0006610904292935,Solyc03g119810.1,up,4.26094196189324,1.52351659281218
root,930.052947100585,1.6286246853912,0.395716334007815,3.86111996563525e-05,0.0010363955173064,Solyc03g119980.3,up,4.11563674639481,1.27192224182183
root,61.6112486523677,2.23937331294821,0.750312572396243,0.0028396123477346,0.0195280781603723,Solyc03g120020.3,up,2.98458721782632,1.16756815821492
root,555.792621593324,-1.12141883348356,0.296219132203326,0.0001532305894367,0.0027029208081362,Solyc03g120120.3,down,-3.78577448776608,-0.842689982831679
root,28.3562490058218,-1.08216563010309,0.416074890941213,0.0092981867772757,0.0422981069046672,Solyc03g120160.1,down,-2.60089145887918,-0.626158309986193
root,591.289375195393,1.67610770645687,0.579393267965619,0.0038174282158517,0.023697333148786,Solyc03g120260.3,up,2.89286707169046,0.897592818067139
root,1187.37618726134,1.66248200054327,0.424344969238566,8.93754022163019e-05,0.0018751903930606,Solyc03g120450.3,up,3.91776059823776,1.25206254760219
root,2299.16181219776,1.23368394576619,0.338391709248599,0.0002666364515559,0.003949628421091,Solyc03g120475.1,up,3.64572745740609,0.888368826440843
root,20.2528493987738,2.58613394369372,0.725962035442404,0.0003675439656134,0.0049296336598916,Solyc03g120600.3,up,3.5623542519241,1.78525905678229
root,1094.12588072315,-1.00423034607335,0.207513289968163,1.30261602484381e-06,9.52455146270589e-05,Solyc03g120850.3,down,-4.83935436726687,-0.85485674717438
root,225.475253030156,2.39421052164641,0.500409100880766,1.71408077384722e-06,0.0001145114787455,Solyc03g121100.3,up,4.78450635176774,2.13924910184863
root,209.80700576391,3.11732607811632,0.700867569228541,8.67500401065894e-06,0.0003718060782083,Solyc03g121190.3,up,4.44781042094389,2.64300453502112
root,133.932226032927,-1.72599591992211,0.524886009936219,0.0010078533069241,0.0097162092019101,Solyc03g121295.1,down,-3.28832525014688,-1.08606695343225
root,40.4470606409103,3.83215705891836,1.03305574461556,0.000207639762873,0.00337176980861,Solyc03g121420.3,up,3.709535597563,2.55575661619643
root,1163.45981338801,-1.13107142816087,0.294680324882133,0.0001238891711077,0.0023403264962215,Solyc03g121660.3,down,-3.83829978677157,-0.854976986510134
root,34.7841101837358,4.35503694284435,1.05145032192423,3.44390734375628e-05,0.0009637444965692,Solyc03g121900.1,up,4.14193314894261,3.22517360442918
root,22.6817815565974,-1.88981701623554,0.579742288655684,0.0011150903933266,0.0104432408710128,Solyc03g122140.3,down,-3.25975360641309,-1.16759487486991
root,683.805279101271,-1.06102007446081,0.345124370670758,0.0021098848865985,0.0160521803673897,Solyc03g122270.3,down,-3.07431223242418,-0.709841032962338
root,126.865300814286,3.00189424950374,0.796811327953016,0.0001649671507999,0.002849447927398,Solyc03g123390.3,up,3.76738400195127,2.1976469976254
root,481.975720738931,1.89187837917689,0.602372035707359,0.0016853643802002,0.0138687075786189,Solyc03g123460.3,up,3.14071415509069,1.10879384761736
root,15.0678608568833,-1.86328381487101,0.535536597133442,0.0005027558256837,0.0061475848899987,Solyc03g123650.2,down,-3.47928381523238,-1.25315518791604
root,366.843900881566,1.01630026539036,0.398527123698972,0.0107679431341953,0.0468492199038064,Solyc03g123670.3,up,2.55014076823043,0.599140506402305
root,144.275368034095,1.18909296108826,0.355550925872027,0.0008247041301324,0.0084576382624302,Solyc04g005130.3,up,3.34436750001954,0.812603827529869
root,1560.30121372264,-1.26789197875007,0.381258839523192,0.0008824705688667,0.0088770127395942,Solyc04g005255.1,down,-3.32554120013511,-0.847741060792796
root,150.65714280025,-2.26169641318178,0.617562558194344,0.0002499655407105,0.0038062770178818,Solyc04g005380.3,down,-3.66229523336814,-1.63025973524275
root,313.868516273618,2.76099621101515,0.65884154705138,2.78115736911526e-05,0.0008266479615206,Solyc04g005620.3,up,4.1906832126357,2.27823729492159
root,17.766350683707,6.95720372985522,1.60612396066189,1.47980634588358e-05,0.0005276958278763,Solyc04g005640.3,up,4.33167295940729,4.44089229282991
root,731.762185030151,-1.86403265633083,0.625353696580278,0.0028752897720827,0.0196964837121452,Solyc04g005695.1,down,-2.98076539168829,-1.01367042935176
root,14.7801819340619,4.27090481599007,1.29800358672444,0.0010005770785935,0.0096809857664007,Solyc04g005720.3,up,3.29036441784253,2.03938782116805
root,8.68436869230587,-1.22387492500517,0.456565952579359,0.0073488267388533,0.0362769668994674,Solyc04g005770.2,down,-2.68060927033853,-0.681840422808446
root,17.9598584912402,-1.01641032772829,0.400022960135766,0.0110573871863992,0.0476506611060661,Solyc04g005780.1,down,-2.54087997194793,-0.597290491314264
root,66.4055170044523,2.24772627233125,0.843168895646933,0.0076803573795213,0.0373182730765753,Solyc04g005810.3,up,2.66580786356766,0.941034788359939
root,350.222909385575,-1.47502335315126,0.399099002756957,0.0002191235844596,0.0034775540809722,Solyc04g005910.3,down,-3.6958833346159,-1.05257752450504
root,1305.73490940459,-1.18616607829034,0.392268846222407,0.0024957189057166,0.0179244936100542,Solyc04g006970.3,down,-3.02386001262464,-0.749157545257305
root,56.3473196999367,4.04539793113358,1.05169602247488,0.000119794275351,0.0022980407752846,Solyc04g007140.1,up,3.84654676321188,2.79843230640696
root,69.4957800867379,-1.20077106112758,0.422378801855764,0.0044708294121126,0.0262731455315547,Solyc04g007470.3,down,-2.84287718950826,-0.714465133725834
root,606.650622326537,-1.49329565375202,0.399586155329794,0.0001861507665313,0.0031139560658873,Solyc04g007500.1,down,-3.73710558745347,-1.07520885789564
root,37.2962627289237,2.46981937680816,0.57724320496505,1.88033567033874e-05,0.0006275354536364,Solyc04g007670.1,up,4.27864608117423,2.07726571392841
root,83.7142335174989,1.65809956672197,0.631039390930761,0.0085997388815407,0.0401359292577385,Solyc04g007750.3,up,2.62756904014554,0.778647978775821
root,557.825277663313,2.21244241614923,0.561560739394202,8.15462883798622e-05,0.0017677734158302,Solyc04g007795.1,up,3.93980964291764,1.72839118614112
root,151.686408761474,-2.80517697847878,0.475520155065279,3.6532189216848e-09,9.98419986856297e-07,Solyc04g007820.3,down,-5.89917577330384,-2.62306481342316
root,170.54100435233,1.84282543795879,0.513586349608719,0.000333031244623,0.0046290023195827,Solyc04g007990.1,up,3.58815112466047,1.2843928159741
root,14.7361964461086,2.75420443493331,0.790744232477326,0.0004957293605877,0.0061006600375489,Solyc04g008075.1,up,3.48305346003555,1.81904101444022
root,20.3395936630396,2.21236137159284,0.763727724914177,0.0037699803286217,0.0234753035907805,Solyc04g008080.1,up,2.89679331968923,1.09501550372852
root,69.779900409967,1.89743935775631,0.458507547155257,3.49896745631157e-05,0.0009739718406166,Solyc04g008090.3,up,4.13829471189448,1.52130123208418
root,520.125028643836,2.15415701342037,0.535036775574138,5.66891062440569e-05,0.0013556426724999,Solyc04g008150.2,up,4.02618494982664,1.71378869370949
root,786.959620940954,-1.16232514332647,0.421129580723085,0.0057798210405461,0.0310202892061342,Solyc04g008290.3,down,-2.7600178105056,-0.683475010539518
root,13.5361088754678,4.55092407600899,1.05389758801203,1.57318003617058e-05,0.0005481125940591,Solyc04g008470.3,up,4.31818435469939,3.46034614046759
root,1919.98167630382,1.40103849705269,0.393172655833637,0.0003660571567148,0.004915958395601,Solyc04g008490.2,up,3.5634179444196,0.973346602410866
root,426.992284860179,-1.08409314378252,0.345961508350067,0.001726962053114,0.0140970478843029,Solyc04g008610.3,down,-3.13356578005657,-0.72905144882316
root,269.761777581045,1.370307347532,0.447618149148273,0.0022035529597794,0.0165082123480236,Solyc04g008820.3,up,3.06133107010835,0.83218666973401
root,33.7486698513524,-1.55986563804988,0.595822717211819,0.0088446037572277,0.0409427719901236,Solyc04g009020.3,down,-2.61800296126564,-0.74993074236756
root,214.664757182391,-1.21387672755267,0.30761864227871,7.94529870908082e-05,0.0017465130322765,Solyc04g009180.2,down,-3.94604409720028,-0.92097865294754
root,32.9712115163304,-1.54427906034191,0.488435812019168,0.0015686037985926,0.0131775242864609,Solyc04g009220.1,down,-3.16168270700288,-0.941990358680415
root,2.98701654625673,-2.76110062652795,0.997353820960347,0.0056327710253858,0.0305652149750114,Solyc04g009260.2,down,-2.76842637838325,-1.12460551873984
root,57.4605876853684,-1.08862523492089,0.311296083634814,0.0004703924932601,0.0058747416190899,Solyc04g009290.2,down,-3.49707333998448,-0.786614523352857
root,3778.44967890826,1.26165749905657,0.347397470854628,0.000281516022637,0.0041014202608225,Solyc04g009410.3,up,3.6317405994718,0.902477921496273
root,1541.49454635061,2.42168915621702,0.686931306558562,0.0004228867168517,0.0054529583758745,Solyc04g009590.3,up,3.52537310950257,1.65492545152821
root,104.050672147016,1.41381461113057,0.466463866972097,0.002438099280004,0.017649591072723,Solyc04g009640.3,up,3.03091988733855,0.841874911953605
root,106.490765315279,4.20948297241724,0.935628125428316,6.82422769334639e-06,0.0003088366614597,Solyc04g009780.1,up,4.49909836826485,3.37967979175254
root,355.275341738871,1.15482847201125,0.234922512410371,8.84275773328969e-07,7.18488150355328e-05,Solyc04g009840.3,up,4.91578461409416,0.974255245408122
root,666.366230986609,1.20004832110864,0.343869211152187,0.0004833109062667,0.0059967390721059,Solyc04g009860.3,up,3.48983939878681,0.843520860266528
root,158.692577285139,2.25527034906082,0.574091480685249,8.55070887022649e-05,0.0018212663711037,Solyc04g010270.1,up,3.92841633247871,1.75891247326739
root,781.717397580246,1.15676390711667,0.360700273208808,0.0013412941182961,0.0118483315604174,Solyc04g011350.3,up,3.2069948182352,0.772815539576723
root,41.4553136642411,-1.33127327517914,0.50866484160757,0.0088656600098311,0.0410001911080661,Solyc04g011385.1,down,-2.61719145158887,-0.692270003312135
root,585.139210196872,1.16935668492964,0.347606275489477,0.000768141971642,0.008054200125179,Solyc04g011390.1,up,3.36402639245515,0.806429841501212
root,1528.35652378769,-1.53758426041013,0.468064070328377,0.0010198717445357,0.0097911409635081,Solyc04g011440.3,down,-3.28498673126397,-0.978530906034208
root,25.6276946869159,4.98511317955685,1.13990890167937,1.22407172075334e-05,0.000467231228225,Solyc04g011490.3,up,4.37325576825703,3.71767087694334
root,320.075780490928,1.5128437592208,0.387339069135363,9.39394150170861e-05,0.0019408044454949,Solyc04g011540.3,up,3.90573500008104,1.1285549143931
root,5755.08265040396,2.2917097889856,0.429834425975877,9.73454952102944e-08,1.25848715824341e-05,Solyc04g011750.3,up,5.33161061676856,2.12011235787013
root,520.203045865348,4.06834643880745,0.582521163850864,2.86826722660867e-12,4.3114153940537805e-09,Solyc04g011767.1,up,6.98403198248265,3.75829321701798
root,395.25364925279,1.05171668306404,0.295141193917969,0.0003660323099149,0.004915958395601,Solyc04g012040.3,up,3.56343575460482,0.776229376088938
root,8995.92518281751,1.23290125752994,0.320814941109516,0.0001215248937692,0.0023259872575862,Solyc04g012120.3,up,3.84302942146658,0.9187296613998
root,732.697163785209,-1.01380534790484,0.28835036340027,0.0004382986244632,0.0055832664970966,Solyc04g014210.3,down,-3.51588025050463,-0.750845479715588
root,332.836455289742,1.74671318815456,0.571713126649213,0.0022489049046622,0.0167740659903925,Solyc04g014290.1,up,3.05522666305036,0.997688621236896
root,748.027965838281,1.82173186895941,0.548592978548193,0.0008978076053547,0.0089797829121132,Solyc04g014330.1,up,3.32073493499767,1.15634022808255
root,65.161379227594,3.78724485315333,0.629716463498565,1.8076994924400902e-09,5.76532002992229e-07,Solyc04g014470.3,up,6.0142065082946,3.43662988329938
root,1617.6228614383,1.57958154737516,0.541649726784886,0.0035427587643594,0.0225486478748635,Solyc04g014510.3,up,2.91624175045967,0.870228450500303
root,126.743301175584,-2.06672992133399,0.561152195460179,0.0002304948663027,0.0035983189662277,Solyc04g014830.2,down,-3.68301137918411,-1.49454511824585
root,7.7102174956349,-1.8085807986234,0.71733432093253,0.0116937976839065,0.0494527126874623,Solyc04g014930.2,down,-2.52125228899163,-0.763986293536598
root,428.952857418267,2.63989927273223,0.954038296344397,0.0056561058359132,0.0306360471372952,Solyc04g015120.3,up,2.76707893472156,1.10169520605376
root,37.5440240746518,2.32085578802414,0.441933918278647,1.50791743351549e-07,1.79280307745197e-05,Solyc04g015140.2,up,5.25159009533367,2.13879050441286
root,556.942388664277,2.45842425790843,0.614194111763703,6.26282223023556e-05,0.0014627617204559,Solyc04g015210.3,up,4.00268288285748,1.95767062064336
root,4910.47612133085,-1.50471655487162,0.413373342583044,0.0002725417779012,0.0040051460713359,Solyc04g015360.3,down,-3.64009092959189,-1.05934251533256
root,51.0419475004634,1.49568019700229,0.3635987670407,3.89627620278561e-05,0.0010396628828354,Solyc04g015585.1,up,4.11354584388586,1.15761502432888
root,177.291751883822,2.8872494306207,0.660822004416092,1.24714679746077e-05,0.0004714773005015,Solyc04g015610.3,up,4.36917870671074,2.44385719618708
root,127.430851683692,-1.6365923685607,0.396583211881045,3.67955838675947e-05,0.0010082613828921,Solyc04g015850.2,down,-4.12673133791553,-1.28146113060099
root,336.694642330107,-1.30880061497905,0.471013209840556,0.0054578256261117,0.0298788976264037,Solyc04g015940.3,down,-2.77869195095844,-0.732419956827619
root,849.990042316796,2.34470522026768,0.461806382869059,3.82942267474626e-07,3.7308504984889e-05,Solyc04g016000.3,up,5.07724732105424,2.13985851519388
root,256.510137429219,2.6614636950548,0.571410951333231,3.19753822728434e-06,0.0001826653884675,Solyc04g016230.3,up,4.65770508745938,2.34499722501418
root,739.808477138288,1.51561423125102,0.412275653299321,0.0002367193872118,0.0036709821551107,Solyc04g016270.2,up,3.67621570452197,1.07606109224845
root,4494.07071577736,5.18058890045246,0.803074590884275,1.1115585736225001e-10,7.61646465703529e-08,Solyc04g016470.3,up,6.45094361004256,4.57779032056344
root,10.9148765379369,3.09023331876231,0.899121018202318,0.0005883058003279,0.0067615004162218,Solyc04g017740.1,up,3.43694926066888,1.93886487124851
root,16.0817105997509,-1.9795367832183,0.746260255968511,0.0079872299024108,0.0382094262483141,Solyc04g025510.3,down,-2.65260914993955,-0.871471204877364
root,1187.7107782009,2.30630952117178,0.617086489244032,0.0001859204515882,0.0031125775522854,Solyc04g025530.3,up,3.73741697698996,1.70487495965919
root,11.0442453855046,-1.25719869988036,0.410345142149785,0.0021857477438196,0.0164274555431933,Solyc04g025610.2,down,-3.06375918889631,-0.785966176523327
root,265.608654303667,1.43485892886331,0.494936020134319,0.0037425984262588,0.0233449586501125,Solyc04g025880.3,up,2.89907961936961,0.810146554646951
root,8.6931417739762,-1.61670327621209,0.556150089125883,0.0036496570895539,0.0229881424102287,Solyc04g026110.3,down,-2.90695498899067,-0.880847855678038
root,35.8148093090073,-1.22299476629554,0.410839442034929,0.0029125565186635,0.0198228822980609,Solyc04g026223.1,down,-2.97681926603231,-0.752877594618681
root,13.4415367861592,-1.22684779541192,0.399389041508888,0.0021276413701033,0.0161348054026863,Solyc04g026235.1,down,-3.07181136161598,-0.775453206055482
root,320.014931266641,-1.13501844243307,0.427807853675005,0.007975545072198,0.0381795656276926,Solyc04g026271.1,down,-2.65310333291664,-0.651434719582211
root,9.82837047758523,5.5775769619145,1.36690875206914,4.49522556511373e-05,0.0011519360976255,Solyc04g040090.3,up,4.08043108471688,3.63349910029227
root,3441.50891155521,3.11313406341393,0.557093606811114,2.29474276460325e-08,4.23601462616762e-06,Solyc04g040130.1,up,5.5881705073479,2.85429448317305
root,2396.2177455893,2.90365875117902,0.491320489284445,3.4229943870146e-09,9.78024096958921e-07,Solyc04g040180.3,up,5.90990771707462,2.70791229261049
root,771.742122596201,1.21459901927492,0.30866455152096,8.31921970385323e-05,0.0017914624718122,Solyc04g045620.3,up,3.93501298833936,0.919954938850619
root,102.912076813706,3.42693711202919,0.768859882989111,8.30497963808931e-06,0.0003588706191046,Solyc04g049920.3,up,4.45716727826431,2.86497054055766
root,80.1732993659215,1.2396013754245,0.453579548316866,0.0062773579330565,0.0327143933489948,Solyc04g050050.3,up,2.73293048600711,0.699612763623329
root,14.5698913598869,2.83540388423447,0.96385883620827,0.0032639373584735,0.0213976005519366,Solyc04g050170.3,up,2.94172110865184,1.31371241535828
root,349.222595838729,1.54077224543622,0.46575589124943,0.0009392753098793,0.0092668118242383,Solyc04g050440.3,up,3.30811112512815,0.987566194128808
root,87.2211505489973,-1.08311494782587,0.373942428407373,0.0037738054061948,0.0234819517941942,Solyc04g050550.2,down,-2.8964751404083,-0.686459990206511
root,111.766615994638,-1.29976928068303,0.363833551566549,0.0003536863201477,0.004829964257747,Solyc04g050930.3,down,-3.57242831258043,-0.91411168205846
root,395.106994242206,-1.89522948346045,0.676389746921225,0.0050790268847482,0.028502144470038,Solyc04g051280.3,down,-2.80197843342113,-0.930950872735989
root,10.4301168102891,-1.29441837024925,0.472510510318384,0.006154229172315,0.0323449330976822,Solyc04g051374.1,down,-2.73944884184069,-0.717296493763914
root,1740.19710923314,-1.08469712794515,0.401408924643747,0.0068877188382523,0.0347340415126247,Solyc04g051510.1,down,-2.70222474228201,-0.648389322234297
root,231.224340518155,-3.2261422815327,0.937407988258964,0.0005783782942522,0.0067038966333757,Solyc04g051610.3,down,-3.4415562081187,-2.00100800451637
root,151.037826513477,10.4464700991348,1.73115998688371,1.5957821262892202e-09,5.4163933976823e-07,Solyc04g051620.2,up,6.03437589725005,8.49105082953486
root,271.28677017568,1.75999348638175,0.543718335558531,0.0012081113622895,0.0110236913736082,Solyc04g051690.3,up,3.23695812938478,1.08395030009998
root,1166.67188803539,1.22667018821026,0.352811894210345,0.0005073621959993,0.0061831232314878,Solyc04g051860.3,up,3.47683909851102,0.855465219312609
root,39.0872231218084,7.68674460311461,1.81155660500903,2.20383292632769e-05,0.0007005658625625,Solyc04g054380.1,up,4.2431710838405,4.4465508437489
root,390.088673533781,1.39861980115933,0.4410477840373,0.0015184724079538,0.0129612736663201,Solyc04g054475.1,up,3.17112986796243,0.874558693063623
root,1719.59133844349,-1.34671394971241,0.394052952869945,0.0006317671835563,0.0070901024190082,Solyc04g054500.3,down,-3.41759639130755,-0.908772934634337
root,2575.96791277187,1.4126073701289,0.324408300953638,1.33424617652772e-05,0.0004892043814289,Solyc04g054710.3,up,4.35441191232272,1.12825850475084
root,321.745175760692,-1.38787785778754,0.449666587502069,0.0020255531529884,0.0156100173930462,Solyc04g054730.3,down,-3.08645982681814,-0.846584049896352
root,105.677012360513,-1.6301764540909,0.588937386022105,0.005640211108357,0.0305829947344155,Solyc04g054740.3,down,-2.76799621280914,-0.82960159296983
root,11.3462399000994,-2.36069370855864,0.540849506249841,1.27245808830741e-05,0.0004781715716132,Solyc04g054830.3,down,-4.36478850637637,-2.01051953915581
root,391.434254197384,1.48958238094603,0.448276600738254,0.0008908394918411,0.0089270601268122,Solyc04g054930.3,up,3.32290906661843,0.963580129104299
root,777.735641151278,3.2188211513726,0.558270842936522,8.13205065047768e-09,1.86085241325473e-06,Solyc04g054950.3,up,5.76569812322905,2.95758281177514
root,1645.00148738477,1.39085489752336,0.325482755038128,1.92682194968572e-05,0.0006385518284911,Solyc04g054980.3,up,4.27320610998403,1.09809028147537
root,1781.60228378676,1.82789935355835,0.377381274309641,1.27481280880221e-06,9.41303885909958e-05,Solyc04g054990.3,up,4.84364084281129,1.60340884718146
root,43.7389404868323,1.12293980748273,0.412581538798446,0.0064939150007171,0.0334161633743471,Solyc04g056310.3,up,2.72174031526726,0.66344404639719
root,918.84254567547,1.63835188988876,0.385198367160399,2.10673187197744e-05,0.0006778909099983,Solyc04g056340.3,up,4.25326800309759,1.31055904633512
root,106.082492570109,-1.04845645728008,0.415773965564951,0.0116789863655749,0.0494216146755454,Solyc04g056380.3,down,-2.52169819208243,-0.600899141708435
root,105.889076759954,8.43120658263711,2.4772428042526,0.0006653719275517,0.0073463204844698,Solyc04g056570.3,up,3.40346395119749,1.89476276191653
root,56.7051293781623,10.2853875706133,1.80401135284429,1.18828501601987e-08,2.42779319195361e-06,Solyc04g056620.2,up,5.70139847202006,8.05527951213401
root,839.946012495697,1.58511697888437,0.532889016428949,0.0029339717780944,0.0199362292858315,Solyc04g057830.1,up,2.97457243443808,0.894283163930486
root,390.833968931822,-1.18199133661172,0.420557950208295,0.0049459758134952,0.0280359841327734,Solyc04g057990.3,down,-2.81053142860884,-0.701007797952614
root,46.9690108562744,-2.06655361924179,0.787496538674075,0.0086851083340896,0.0404267683659772,Solyc04g058040.2,down,-2.62420660631892,-0.874673457813724
root,144.83220638251,3.1872548667144,0.869869863340879,0.000248249154442,0.0037856197145495,Solyc04g058100.3,up,3.66405941973115,2.21368198710268
root,4.23587230348753,2.46676893323276,0.879408922187958,0.0050311803725126,0.0283299284190474,Solyc04g058160.2,up,2.80503059611389,1.09745923397711
root,871.097835428175,-1.69593811723562,0.371495513792203,4.99102903622447e-06,0.0002477151298073,Solyc04g063245.1,down,-4.56516446167437,-1.42525132879418
root,261.054202033328,-1.09461149402351,0.426115799374383,0.0102047723433153,0.0451818281491114,Solyc04g063360.3,down,-2.56881227035141,-0.622148183671136
root,936.5075431394,-1.02082450401237,0.329878096738257,0.0019711122487736,0.0152837458228418,Solyc04g063380.3,down,-3.09455072678664,-0.697007198139572
root,6.47643903135386,-3.00833256361953,0.98001259365051,0.0021428273964887,0.0162382642173962,Solyc04g064610.3,down,-3.06968765821019,-1.49674123019145
root,10.4812376677179,-3.10153317403274,0.795482317757808,9.66170433929903e-05,0.0019820137860842,Solyc04g064710.3,down,-3.89893414950429,-2.35575396350678
root,523.044938914083,1.52367965907496,0.469502199353475,0.0011732328703535,0.0107720386229146,Solyc04g064870.3,up,3.24530888497037,0.958571736725554
root,1733.61143542223,3.69091154747444,0.614922199125769,1.94611938474044e-09,6.02266710771732e-07,Solyc04g064880.3,up,6.00224150749767,3.35931297084938
root,3.27247140688031,-1.90024643311475,0.664757977033519,0.0042557695244794,0.0254934283726576,Solyc04g064940.3,down,-2.85855378764253,-0.963154161377068
root,9044.28430527148,1.83294017829006,0.546892192985888,0.0008035858957783,0.0083099074156063,Solyc04g071070.2,up,3.35155667204295,1.17694852612474
root,4348.62087724885,1.9460952553216,0.563385826714227,0.0005517537951213,0.0065488476393311,Solyc04g071085.1,up,3.45428507967905,1.29769686533303
root,80.0674809522284,-1.12924256924996,0.308937808739902,0.0002569391172393,0.0038760048624981,Solyc04g071360.3,down,-3.65524237339522,-0.830095323810045
root,1349.89920375189,3.58795681798606,1.08028153401521,0.0008959389458441,0.0089694429859902,Solyc04g071590.2,up,3.32131643928993,1.96819867612099
root,837.825665573115,4.21865987728543,0.787172527349237,8.35649096497531e-08,1.1129999738414e-05,Solyc04g071600.3,up,5.35925699984926,3.65836103402614
root,38.1052822050553,-3.32673684433052,0.633734492992445,1.52581035595063e-07,1.80388500733848e-05,Solyc04g071820.3,down,-5.24941735240247,-2.98172368203109
root,11570.8577242414,1.28005034183329,0.398652895501282,0.0013230177063949,0.0117387898876637,Solyc04g071900.3,up,3.21093953230593,0.829061064386831
root,4431.35644905794,2.98770520140653,0.565767942463258,1.28623699902672e-07,1.57369601206502e-05,Solyc04g072000.3,up,5.28079620135168,2.71780946310062
root,2575.76735685702,1.25835411263951,0.450955608998612,0.0052640225659471,0.0291746354695266,Solyc04g072020.3,up,2.79041681160991,0.71995780484683
root,2342.00538774003,1.11355089165055,0.254966074812207,1.25707122368399e-05,0.000474082559699,Solyc04g072240.3,up,4.36744728674484,0.899422951255681
root,907.663497691699,-1.3081426656201,0.505976317179531,0.0097270825654386,0.0437859511798467,Solyc04g072260.2,down,-2.5853831912768,-0.677223871243139
root,103.006026146083,-1.46738289216213,0.435233419419617,0.0007476414295619,0.0079341231687858,Solyc04g072265.1,down,-3.37148487843346,-0.964845084249083
root,223.295898824452,2.30990551066023,0.573432224692293,5.62030945351029e-05,0.0013498472369517,Solyc04g072375.1,up,4.02821015491367,1.84736581063974
root,13.2038619271244,-1.78570759932424,0.520829201556234,0.0006067347437599,0.0069121534837294,Solyc04g072605.1,down,-3.42858578971486,-1.17991315819903
root,64.6715915052451,2.41677829618406,0.863344179191334,0.0051210052761187,0.028668910622677,Solyc04g072620.1,up,2.79932193258982,1.08055014189783
root,1080.79361696353,1.68072670812638,0.447708490813813,0.0001739898182187,0.0029671326860575,Solyc04g072800.3,up,3.75406484936498,1.22000154036747
root,46.1951755965724,-1.65198582959757,0.601495436777636,0.0060241415673834,0.0318843146740488,Solyc04g072890.3,down,-2.74646444276897,-0.82744633125057
root,428.496100360591,-1.10355135583098,0.265306878026125,3.18906094656082e-05,0.0009155606897602,Solyc04g072895.1,down,-4.15952787971941,-0.873116775992745
root,481.868576858912,-1.11361383703466,0.254498798648494,1.21035888313015e-05,0.0004639488585899,Solyc04g074180.3,down,-4.37571353164911,-0.900204171256643
root,4334.35667630371,1.17229178695653,0.278792590027564,2.61210767548517e-05,0.00079668992547,Solyc04g074230.3,up,4.2048886121422,0.9243133611647
root,180.725110362154,2.26725405566895,0.552778076934739,4.10368908049003e-05,0.0010835386826829,Solyc04g074390.3,up,4.10156290611472,1.84028454015361
root,24469.5655713089,1.44996375882774,0.235726395905629,7.69738881327566e-10,2.89256875333166e-07,Solyc04g074480.3,up,6.15104538147785,1.32654467267382
root,63.7609326105021,-1.20134295374116,0.427015389584856,0.00490285374163,0.0278777773949911,Solyc04g074540.3,down,-2.813348143984,-0.707759205017869
root,636.390633342206,2.50014357927606,0.513820462821852,1.13999270349981e-06,8.66065214889895e-05,Solyc04g074740.3,up,4.86579215927975,2.24777253407627
root,574.679041128426,1.50583593796658,0.345425208370441,1.30438021162616e-05,0.0004841159995319,Solyc04g074760.3,up,4.35936897909224,1.21024706953196
root,727.537155552232,2.80635588678077,0.638591097336743,1.10974148773707e-05,0.0004398097698234,Solyc04g074780.3,up,4.39460540318325,2.38995878005236
root,26.2266130099684,-1.90173810693588,0.530899500295087,0.0003408358725984,0.0047125821964268,Solyc04g074990.3,down,-3.58210566383815,-1.32494793870501
root,98.1896515000222,-1.22528032067691,0.411982833152571,0.002938442348008,0.0199601616434736,Solyc04g076660.3,down,-2.97410528322462,-0.753113260174803
root,128.114759625138,-1.27419902674972,0.387715763228062,0.0010146755850613,0.0097599125016402,Solyc04g076710.3,down,-3.28642564372656,-0.842667138482524
root,77.8639141277621,1.99771855405039,0.595446952466357,0.0007936786172144,0.0082280634373609,Solyc04g076730.1,up,3.35498997144209,1.28059703784985
root,55.6127555511072,-1.16480596586239,0.278775640565672,2.93706718227259e-05,0.0008560615205504,Solyc04g076800.3,down,-4.17829177434172,-0.916251578543583
root,738.43413994241,-1.28698116804679,0.456347957076378,0.0047997443536895,0.0275295230795975,Solyc04g077010.3,down,-2.82017514944498,-0.736749233377086
root,267.943144190581,-1.19009191702559,0.397266534650493,0.002738144098194,0.0190610335436309,Solyc04g077160.1,down,-2.99570140755152,-0.744708285689984
root,1221.36344210674,-1.01677037490118,0.277861747818065,0.0002529375209139,0.0038376475775865,Solyc04g077210.3,down,-3.65926718191855,-0.768837634374027
root,1191.96070445425,1.35854906332481,0.401717805212106,0.0007199964107964,0.0077304104432658,Solyc04g077230.1,up,3.38184926258745,0.907104019278784
root,68.0080984903698,1.96851905372834,0.433771751558011,5.67512663939436e-06,0.0002714258295441,Solyc04g077240.3,up,4.5381448807071,1.68900754495399
root,466.046248912811,1.38331429973268,0.489953643896842,0.0047523545408083,0.0273571371661215,Solyc04g077280.3,up,2.8233575093564,0.769022575180834
root,8.764774287261,3.74476886649784,1.45332220120956,0.0099749761729329,0.0445108987665819,Solyc04g077960.1,up,2.57669556233379,0.974837537476525
root,91.9545336752324,-2.58924793172265,0.474870034194341,4.965535360234e-08,7.8567463248695e-06,Solyc04g078140.3,down,-5.45254015894166,-2.4003163904357
root,421.002736833576,1.0733026948035,0.354143780568282,0.0024398950227586,0.0176504471842329,Solyc04g078145.1,up,3.0306975688835,0.707220290221752
root,1169.69344628106,2.39763930525093,0.58305402812579,3.91893363819692e-05,0.0010439245504078,Solyc04g078280.3,up,4.11220777079282,1.95507789674613
root,7.46670461048605,3.41456570672191,1.34718681903144,0.0112579130969601,0.0482606484441696,Solyc04g078350.1,up,2.53458960441492,0.935171439341885
root,246.684128879661,3.08172718017394,0.87322893588942,0.0004169485721301,0.0053962273996966,Solyc04g078360.2,up,3.52911711180881,2.03012854682832
root,255.406734179158,2.36289633921477,0.665357837988596,0.0003833090191463,0.0050891829646153,Solyc04g078450.3,up,3.55131660635111,1.63392298094758
root,1937.51429050313,2.05549355949514,0.585786924258743,0.0004498894860732,0.0056827577100391,Solyc04g078460.3,up,3.5089440791055,1.39969450376948
root,345.710103881166,1.17269954585418,0.324283217495114,0.0002988648447203,0.0042930455920105,Solyc04g078470.3,up,3.61628194919413,0.848797946715042
root,254.53270187792,1.33207600311241,0.339725553401284,8.81692195864888e-05,0.0018610161052939,Solyc04g078630.3,up,3.92103564119875,0.997484485736776
root,1794.15965292997,1.61013297804486,0.4908423735054,0.0010367972888945,0.00989046334882,Solyc04g078640.2,up,3.28034632899751,1.0171328731821
root,223.318263008415,1.07914453658018,0.29990520901069,0.0003203219961495,0.0045089338374392,Solyc04g078660.1,up,3.59828540537858,0.795160417636852
root,370.516455350959,1.50260743157349,0.368546554998554,4.55975479000447e-05,0.0011612539485693,Solyc04g078690.3,up,4.07711701871528,1.156265854324
root,49.2427932324766,1.65953463247822,0.52767411332449,0.0016608731833976,0.0137118145435152,Solyc04g078800.3,up,3.14499913975826,0.993275587900585
root,264.494127132647,-1.06424710514384,0.420178987138915,0.0113141847126473,0.048413115716338,Solyc04g078840.3,down,-2.53284228321487,-0.606988651713128
root,76.2311812630625,1.19994247345707,0.45059196256485,0.0077439202480052,0.0375001265213243,Solyc04g079040.3,up,2.66303568005691,0.670990547877109
root,15.2729860370144,1.97302607976963,0.702160250583948,0.0049551195863731,0.0280536821564802,Solyc04g079170.3,up,2.80993701669779,0.960457753932433
root,382.218517814593,1.54206391168992,0.603254549174294,0.0105809858157836,0.0462154971995331,Solyc04g079350.1,up,2.55624083365906,0.721944442549994
root,40.6109469900564,1.33899380682464,0.228250904066439,4.45562147658303e-09,1.15758146115078e-06,Solyc04g079960.1,up,5.86632422027512,1.19937615393428
root,216.262106865937,-1.22070732460292,0.408526152585856,0.0028073943561859,0.0193828106402814,Solyc04g080010.3,down,-2.98807632479877,-0.754554764496008
root,1411.54025211997,1.16751283848125,0.323681734244768,0.0003097841207771,0.0044077735210514,Solyc04g080080.3,up,3.60697782717136,0.844504834086418
root,676.004330261516,1.08549767919216,0.188559577672523,8.5729018401555e-09,1.93987254112078e-06,Solyc04g080230.3,up,5.75678887591365,0.96328023684481
root,1560.50600042813,-1.53421518893336,0.289337827679503,1.14224529705797e-07,1.43079821614809e-05,Solyc04g080270.3,down,-5.30250469231005,-1.35566332667609
root,23546.3706451092,-1.23158157631563,0.20662083108569,2.51332431678482e-09,7.66527491629273e-07,Solyc04g080280.3,down,-5.960587661197,-1.1015309934426
root,2.47008004351871,-1.97869760353747,0.761303479421701,0.0093470782723652,0.0424929607180072,Solyc04g080285.1,down,-2.59909176435201,-0.84068941398839
root,2761.94820091605,1.48076242669642,0.375585242787167,8.06208853678383e-05,0.0017544838797112,Solyc04g080290.3,up,3.94254687886,1.11152710703566
root,22.1834196098992,-1.77562679125407,0.472634073668196,0.0001720488803687,0.0029435745028285,Solyc04g080380.3,down,-3.75687427161804,-1.29552401216254
root,110.833210891195,1.65009013642026,0.602853408543625,0.0061977174900608,0.0324700526543687,Solyc04g080530.3,up,2.73713329481963,0.822939977600952
root,49.2452906346184,2.29681001920476,0.827308643070224,0.0054991052266742,0.0300111956405949,Solyc04g080560.2,up,2.77624322971059,1.03232909888997
root,420.782131157927,1.21157020812315,0.288658418989871,2.70181179135228e-05,0.0008156949007626,Solyc04g080740.1,up,4.1972453544328,0.951032453710735
root,168.450989956422,1.5104682929658,0.3885762842035,0.0001014130444472,0.0020422355094231,Solyc04g080760.3,up,3.88718600277406,1.12258195703782
root,24.5492156344102,-1.20369163824699,0.289274846699306,3.16765952022547e-05,0.0009106588380276,Solyc04g080830.3,down,-4.16106568539021,-0.941230301833656
root,231.481883358719,1.45232405814182,0.548316602090043,0.0080802950067283,0.0384535794033447,Solyc04g081300.3,up,2.64869612301713,0.733386922027465
root,1438.82709741664,1.22408950344457,0.353558777316169,0.0005357883986563,0.0064258586507189,Solyc04g081410.3,up,3.46219520481578,0.851476573332847
root,70.6028384661057,-1.13502647583451,0.398930102737809,0.0044386847602629,0.0261589099404616,Solyc04g081460.2,down,-2.84517630543536,-0.693575946229022
root,1207.42920620557,1.05175631131677,0.313790001351149,0.0008029263267007,0.0083071689376054,Solyc04g081510.3,up,3.35178401729823,0.748248409548458
root,245.161217893414,-1.36372849395159,0.396503011630028,0.0005830266603007,0.0067376238546787,Solyc04g081590.3,down,-3.43939000197069,-0.92315857252755
root,23.4753007456753,-1.13652654540911,0.405798476370209,0.0050989269722886,0.028590945698066,Solyc04g081660.2,down,-2.80071664037561,-0.684608585712395
root,15.9436194092275,-1.02018222122541,0.321233441032302,0.0014940940563056,0.0127863828063827,Solyc04g081670.3,down,-3.17582820128253,-0.708897849077023
root,16.041239589414,5.8754881687004,1.84399007136343,0.0014410978332566,0.0124748921444071,Solyc04g081860.3,up,3.18629056628061,1.78528130113943
root,238.073753971697,2.18640432779687,0.531519172703317,3.89704370980133e-05,0.0010396628828354,Solyc04g081870.3,up,4.1135003967529,1.77426825734251
root,1475.5753787641,2.14583785158712,0.33981751160295,2.70726173175046e-10,1.46120430907649e-07,Solyc04g082030.1,up,6.31467707907404,2.0468320099376
root,500.965808026599,-1.06366199603092,0.374412798118137,0.0044989175198877,0.0264160770894304,Solyc04g082040.3,down,-2.8408804436629,-0.669453841776227
root,506.176893657007,1.72815683998927,0.667130464926137,0.0095855250161742,0.0432870790644572,Solyc04g082120.3,up,2.59043310243763,0.779305287303242
root,123.444131428452,2.19339713298657,0.601509886753398,0.0002658513812508,0.003949628421091,Solyc04g082220.2,up,3.64648558783507,1.57142728870917
root,345.765092326319,1.1769985379866,0.319493288880088,0.00022964381844,0.0035932515137882,Solyc04g082590.3,up,3.68395386993042,0.861300699875583
root,62.8187841695386,4.56046441075793,0.965252997081294,2.30533359923539e-06,0.0001451787091765,Solyc04g082690.1,up,4.72463118430892,3.69289787082562
root,167.560463771699,2.2537182785072,0.872206664717903,0.009768249055696,0.0439049622229959,Solyc04g082710.3,up,2.58392691740795,0.885358313431096
root,44.6593565462022,-1.03112832414384,0.364400163734178,0.0046597591306928,0.0270286579785831,Solyc04g082845.1,down,-2.82965933268907,-0.656749480436181
root,19.8608660180073,-1.34428415252856,0.504441817682509,0.0077012511906671,0.0374025225147473,Solyc04g082870.1,down,-2.66489435531819,-0.709888438475945
root,885.676741663257,5.8741329306847,0.811921307630368,4.66026783706644e-13,8.59984710850743e-10,Solyc04g083140.2,up,7.23485499823702,5.2668442142029
root,120.188293962333,-1.30252783025529,0.477575656120833,0.0063840470934148,0.0330494187045071,Solyc05g005130.2,down,-2.72737484325568,-0.716318791266578
root,1231.12447326758,1.16286186104962,0.188588056771829,6.99736150013238e-10,2.69869548114447e-07,Solyc05g005150.1,up,6.16614795737863,1.04721023730743
root,4254.60486705709,2.34959248444928,0.451229946476455,1.91830696246282e-07,2.13591808032104e-05,Solyc05g005160.3,up,5.20708455366644,2.16029319715889
root,259.753875902092,1.67752354914318,0.383001278206907,1.1871066716851e-05,0.0004575361318487,Solyc05g005520.1,up,4.37994242994913,1.37289691905263
root,34.3812095987648,1.31528797131439,0.50379180452204,0.0090336823759015,0.0414623362962863,Solyc05g005580.3,up,2.61077683183481,0.686399068277862
root,165.092444705359,1.05885651241109,0.2990337489369,0.0003987247034621,0.0052409510678684,Solyc05g005930.2,up,3.5409264545405,0.777110877609143
root,451.571495317467,1.77945921278325,0.551710203620853,0.0012581818480543,0.0113099412380392,Solyc05g006310.2,up,3.2253512824391,1.08965954341504
root,221.902594834716,-1.16873537546307,0.434542116302959,0.0071542198985617,0.0356086574137498,Solyc05g006440.3,down,-2.68957905716149,-0.668996462365249
root,1332.58113815748,-1.02129558001873,0.234115966568616,1.28673323428192e-05,0.0004809593993291,Solyc05g006490.3,down,-4.36234911692537,-0.835848890853455
root,68.3829877315354,-1.61928671948009,0.519816211901677,0.0018387387874121,0.0146292699592823,Solyc05g006703.1,down,-3.11511392373883,-0.962092784951447
root,89.724567262881,3.34735585556676,1.08367641738503,0.0020090667969535,0.0155322563097318,Solyc05g006730.3,up,3.0888887142567,1.59715422770781
root,51.869845797033,3.93286038330741,1.03331623114648,0.0001411999048475,0.0025534647749137,Solyc05g007110.2,up,3.80605691148762,2.7067545697174
root,595.271282099373,-1.11999414677029,0.365055284420831,0.0021548766137907,0.0163002241051804,Solyc05g007180.3,down,-3.06801242049458,-0.73203757009809
root,242.441084037029,1.20730094936109,0.365169847614878,0.0009459237614384,0.0093105798109027,Solyc05g007240.1,up,3.30613537028488,0.814361481775041
root,1373.53929551283,1.02571359685315,0.281725604361355,0.0002717659169074,0.0040026957085665,Solyc05g007260.3,up,3.6408249054194,0.771612612978056
root,54.3379412092293,1.66734013326033,0.509202079082016,0.0010588009911626,0.0100420824998781,Solyc05g007450.3,up,3.27441737132377,1.04712123954399
root,185.900502356107,-1.45940468593226,0.474928649994621,0.0021199484196498,0.016093865275293,Solyc05g007580.1,down,-3.07289249858646,-0.87396661132699
root,27.9631976710674,2.36005764073889,0.792639136475111,0.0029064001110634,0.0198000271729426,Solyc05g007790.3,up,2.97746797014608,1.20648603858255
root,69.5846525102861,-1.1732002495174,0.341779556176969,0.0005977734154798,0.0068367085626947,Solyc05g007890.3,down,-3.43262266075954,-0.819943068203282
root,387.026675135579,2.84843393123304,0.83191755144741,0.0006172075140111,0.0069897410968626,Solyc05g007940.3,up,3.42393777637844,1.81387855136319
root,1441.095816965,-1.17820054926786,0.399362691833063,0.0031756639057819,0.0210287077918305,Solyc05g007980.3,down,-2.95020184249049,-0.730620504515225
root,7.99644191576588,2.00148435621077,0.659870689138709,0.0024201821648668,0.0175948288676305,Solyc05g008050.2,up,3.03314632571904,1.10156692419167
root,1091.75422641677,1.81233348177296,0.442564910834157,4.22044177490411e-05,0.0011049736402293,Solyc05g008110.3,up,4.09506817510007,1.43131267221066
root,644.213040921357,1.67436195059786,0.48138549800891,0.0005047660950267,0.0061614255822173,Solyc05g008210.3,up,3.47821435735662,1.12543855107886
root,326.410511033025,2.5054522164198,0.37666673556514,2.89841345460883e-11,2.43976850955153e-08,Solyc05g008220.3,up,6.65164183574823,2.39597896463648
root,25.7893483703991,-1.5267843258081,0.470644612457197,0.0011785213863597,0.0108050018585208,Solyc05g009080.3,down,-3.24402805300774,-0.95980467302466
root,287.799355455643,1.80277314356203,0.646490678770434,0.005294417932181,0.0292780198891278,Solyc05g009120.3,up,2.78855241500271,0.894148451396962
root,71.7018082362911,2.27285130335749,0.386977463216904,4.27093983645819e-09,1.13769187238514e-06,Solyc05g009170.2,up,5.87334281553118,2.14500734387069
root,133.030349761873,1.04374277147974,0.331541399930031,0.0016430614654782,0.013591425109876,Solyc05g009180.1,up,3.14815215143573,0.714659983655983
root,170.41145849739,-1.13290355909039,0.442567882341341,0.0104719961433771,0.0459014136307493,Solyc05g009300.1,down,-2.55984133574477,-0.629191718011572
root,106.870794314452,1.68255040846527,0.541127428282,0.0018750434282334,0.0148124137032783,Solyc05g009320.3,up,3.10934231112091,0.990402605931146
root,585.077549253709,1.69321054945022,0.525469592844978,0.0012717445891958,0.0113883375042715,Solyc05g009340.1,up,3.22228074184635,1.04125794622033
root,255.099675510144,1.50046625007311,0.435158031512286,0.0005645553473056,0.0066277431986456,Solyc05g009390.3,up,3.44809503999871,1.00545878998955
root,29.069959828705,1.68628708117337,0.566477445484739,0.0029127894929345,0.0198228822980609,Solyc05g009480.1,up,2.9767947419873,0.937150710432883
root,1253.02344360294,1.43478498132711,0.392266573294961,0.00025451008359,0.0038476366372627,Solyc05g009520.1,up,3.65767842331096,1.01639331653675
root,201.164804363342,1.24961570525947,0.276688805244373,6.29229968723624e-06,0.0002918642612573,Solyc05g009890.1,up,4.5163218806623,1.01486300864205
root,158.117157684397,3.70672038955756,0.697910959950727,1.08926544172682e-07,1.38087361178911e-05,Solyc05g010000.1,up,5.31116518046838,3.27856673366386
root,1780.89828548721,1.16385515068916,0.258625591183415,6.79040494968014e-06,0.0003079684714138,Solyc05g010260.3,up,4.5001546264761,0.947653665803305
root,249.24820635303,1.77803836384023,0.54608030052804,0.0011299309174187,0.0105400116250706,Solyc05g010330.3,up,3.25600165785312,1.10228634428349
root,357.228306075209,-1.12491441422539,0.434691583753804,0.0096578445550599,0.0435949551301331,Solyc05g010400.3,down,-2.58784493711869,-0.633839635454451
root,162.453370643437,1.57010782225941,0.285863600487282,3.96267874769423e-08,6.51489152863105e-06,Solyc05g010720.3,up,5.49250698439047,1.40904998071145
root,2687.01222084456,-1.12002970535482,0.42054469926054,0.0077382218151368,0.0374955422237483,Solyc05g010810.2,down,-2.66328337350157,-0.649740425465334
root,97.617365037703,2.49200310930289,0.584072320646668,1.98474329578325e-05,0.0006505753569542,Solyc05g012180.3,up,4.26660025002353,2.09177778996225
root,4.50014635174735,-1.92807884195404,0.764470585407964,0.0116653252250137,0.0493933810935992,Solyc05g012350.3,down,-2.52210991339204,-0.787753589945389
root,1082.31960394484,1.00345389032105,0.296887369797868,0.0007250841391148,0.0077731383716416,Solyc05g012480.3,up,3.37991437966608,0.72906964467321
root,85.7285554463741,-1.41105751564483,0.402733612130987,0.0004588429871587,0.0057622010897395,Solyc05g012600.3,down,-3.50369940114631,-0.965641925401547
root,54.5447765151482,3.34333477266355,0.754343864267149,9.3315508788772e-06,0.0003935333801504,Solyc05g012660.2,up,4.43210971949991,2.79798766136554
root,7.09484533314398,5.05625883769399,1.22769246658948,3.81336578188771e-05,0.0010288265322313,Solyc05g012730.1,up,4.11850603900848,3.50421666725476
root,49.5071273725664,-1.40739218678693,0.390355364149032,0.0003116572513328,0.0044224647316572,Solyc05g012950.2,down,-3.60541269838835,-0.986785368828366
root,36.1681465572141,-2.62502533773811,0.578089667383753,5.60247250478157e-06,0.0002691745008918,Solyc05g013010.3,down,-4.54086188673485,-2.28616241988471
root,44.845975995607,-1.6403851595111,0.559453394630347,0.0033665533439226,0.0218295043323058,Solyc05g013310.1,down,-2.93212120125746,-0.900067821315621
root,169.844647326227,-1.67767520368913,0.650746196890355,0.0099351237509655,0.0443801197655102,Solyc05g013400.3,down,-2.57807915237314,-0.762006195989019
root,276.872995903335,-1.12777338093365,0.332899635644968,0.0007047414342634,0.0076210579355805,Solyc05g013490.3,down,-3.38772789206774,-0.790022625515795
root,6.45692296223178,-2.48151357743801,0.90315421644892,0.006003176933961,0.0318454387190009,Solyc05g013540.1,down,-2.7476078085479,-1.05305755866897
root,3.48414100037865,3.56926713533139,1.32220307549146,0.0069446923267125,0.0349376297689074,Solyc05g013650.2,up,2.69948482308944,1.11739269000965
root,70.8638528247677,-1.41931044109971,0.350886461452927,5.23392272797941e-05,0.0012805430470602,Solyc05g013670.3,down,-4.04492790979376,-1.08348482539248
root,99.8899936738557,-1.1648587084269,0.384982255162467,0.0024802015264957,0.0178438840764366,Solyc05g014100.2,down,-3.02574649300475,-0.741352409304291
root,19.0166315492107,2.85171471724203,0.855224717200736,0.0008546443462229,0.0086758975503693,Solyc05g014140.2,up,3.33446246335825,1.72818637030322
root,34.8672388143945,-1.09316270569934,0.419419308209071,0.0091507041209792,0.0418199088760014,Solyc05g014190.3,down,-2.60637191541603,-0.630133351202037
root,34.7909252699289,-1.06652270073585,0.373733822697719,0.0043213866833823,0.0257253921824889,Solyc05g014250.3,down,-2.8536959621085,-0.672807218774594
root,7.22722386626573,4.29819451888764,1.20437280129226,0.0003585872497115,0.0048591559323877,Solyc05g014290.3,up,3.56882396735945,2.51033255697291
root,27.9699227028069,2.43137781788812,0.583945271979639,3.1312000174924e-05,0.0009021090250573,Solyc05g014300.1,up,4.16370837226832,2.00341259010424
root,65.3879734477424,-1.01603019761103,0.388654582077164,0.008943034154254,0.0411919035904227,Solyc05g014490.2,down,-2.6142241580708,-0.611826816840239
root,7.99082785636084,6.81475887529216,1.36693465803671,6.18237335345353e-07,5.55383064733877e-05,Solyc05g014590.3,up,4.98543133369667,5.1286033657297
root,171.688417196866,-1.17424831257623,0.402792310896376,0.0035538102234281,0.0225668021550459,Solyc05g015490.3,down,-2.91526993145188,-0.721717284179806
root,3427.41317072368,2.01122166946318,0.295461388189841,9.96174420294521e-12,1.10334181582515e-08,Solyc05g015850.3,up,6.80705415277788,1.93347464654562
root,70.0272796637741,2.3192434964751,0.583644387432648,7.0756641057147e-05,0.0016045288301795,Solyc05g016120.2,up,3.97372706122825,1.83169762022233
root,182.980133516647,1.98533213178598,0.458637265430871,1.49949032622124e-05,0.0005321294169477,Solyc05g016690.3,up,4.32876323279321,1.65596602795148
root,270.954254387729,2.33792040926793,0.503111536514506,3.36923378570065e-06,0.0001856591420318,Solyc05g018050.1,up,4.64692267934215,2.06121611103153
root,11.6795956451881,-1.61770045676676,0.368248156826518,1.11816262328686e-05,0.0004413943912914,Solyc05g018403.1,down,-4.39296280722149,-1.31880807890692
root,13.0095389108472,-1.64384120278131,0.631061680426016,0.0091905910214672,0.0419719612534196,Solyc05g018510.3,down,-2.60488198502497,-0.76545849885426
root,193.501086033733,1.12551002627872,0.310507676264633,0.0002892507443838,0.0041840658707892,Solyc05g018760.2,up,3.62474139067498,0.823838317312077
root,37.9456737169721,1.47822997642033,0.413504331767337,0.0003503833498689,0.0047993905678431,Solyc05g018910.2,up,3.5748838956591,1.02512789334272
root,1504.22082117136,1.31191648393295,0.438793463057416,0.0027913561555769,0.0193037459539801,Solyc05g021390.3,up,2.98982686476642,0.789735037737815
root,18.4276679364615,-1.24937011220122,0.312370849442309,6.34396248359142e-05,0.0014735805679158,Solyc05g021530.2,down,-3.99963733630003,-0.952133841893748
root,2.35465608691351,-1.95360456614197,0.74938596760213,0.0091355255759138,0.0417748805344483,Solyc05g021535.1,down,-2.6069404160223,-0.839574244801644
root,10.7605555724511,-1.94633859392809,0.715301367863495,0.0065083778348324,0.0334462278769752,Solyc05g021550.2,down,-2.72100499365958,-0.901728186554071
root,9.56128300864905,2.75731861933927,0.98558543680295,0.0051476583160133,0.0287416613431106,Solyc05g025680.2,up,2.79764545657602,1.15218364808422
root,244.23261229351,-1.14305370041373,0.396362492984837,0.0039283410379895,0.0241719323986703,Solyc05g025810.3,down,-2.88385939801186,-0.704340517153165
root,3.62786557626461,-1.79033536744475,0.707537580185424,0.0113940693087292,0.048659859610787,Solyc05g025870.3,down,-2.53037494768201,-0.764721709316318
root,6.39408147287532,-2.2981956001713,0.630302812988087,0.000266170704933,0.003949628421091,Solyc05g026460.1,down,-3.64617696893373,-1.64754005621698
root,50.9992680926087,-1.49658379339631,0.560311905656877,0.0075629389043981,0.0369610976089537,Solyc05g026570.3,down,-2.67098339029903,-0.75305365615038
root,13.650316952321,-2.66556516015394,0.526929328093947,4.2217574270959e-07,4.07535152733055e-05,Solyc05g032680.3,down,-5.05867678649819,-2.42084127196668
root,7.74740160988341,-2.8421685980437,0.842818479228752,0.0007456509682276,0.0079169924194667,Solyc05g032710.3,down,-3.37221912913504,-1.76109114155483
root,247.297711008799,2.92336201408045,0.852822935562401,0.0006083475776184,0.0069237784875082,Solyc05g039950.2,up,3.42786514313503,1.85374209666184
root,25.9791927509684,7.73735336702411,2.05359200815427,0.0001647473639153,0.002849447927398,Solyc05g041870.1,up,3.76771692541709,3.10124087363869
root,40.1120106147996,1.9859350723223,0.735364878597334,0.006921206967025,0.0348377130044583,Solyc05g044490.2,up,2.7006118052719,0.900810530726985
root,179.179060473803,-1.74650687149728,0.596763258259251,0.0034265328084725,0.0220851321352212,Solyc05g044615.1,down,-2.92663270958037,-0.939569629081353
root,322.683901156884,7.35913185328775,1.31471881648491,2.17471264063095e-08,4.04996927517147e-06,Solyc05g046020.3,up,5.59749488712988,5.87573750979097
root,56.5875958320037,5.31364378423502,0.993532377269682,8.88165173268649e-08,1.16090359666245e-05,Solyc05g046030.3,up,5.34823414495801,4.40064832298081
root,20.2963959735005,-1.8804061230082,0.605210029242678,0.0018897679121516,0.0148847087749727,Solyc05g046140.3,down,-3.10703067059418,-1.08586065299961
root,44.170472064813,1.42499410564214,0.434223489061818,0.0010318089257048,0.0098607570538292,Solyc05g046320.1,up,3.28170663618631,0.917417708353102
root,48.7442365122404,5.67581043226824,1.14699681312969,7.48221953483931e-07,6.29823311564634e-05,Solyc05g046340.2,up,4.9484099408971,4.4556930302561
root,8.71673756008324,1.77223292542715,0.53047247426855,0.0008352008852445,0.0085374385380632,Solyc05g046360.3,up,3.3408574646042,1.13509729223394
root,518.5782245192,2.04537684601004,0.464748927818101,1.07735156906779e-05,0.0004318435508469,Solyc05g047530.3,up,4.40103618014281,1.73144947891718
root,194.114650495061,-1.22042562528674,0.28552282275486,1.91692249097498e-05,0.0006362731372251,Solyc05g047540.3,down,-4.27435402014976,-0.966309937935953
root,23.4380106015365,2.57736013926044,0.778702515190184,0.0009335813543003,0.0092366177808632,Solyc05g047580.3,up,3.30981355393589,1.57660737120413
root,360.799097960043,1.9211838816659,0.738624668288697,0.0092944706908463,0.042290344047172,Solyc05g047680.3,up,2.60102859293482,0.829050211250341
root,184.101542062754,-1.06023682544392,0.372090227013165,0.0043800687665952,0.0259131856639266,Solyc05g050110.3,down,-2.84940788140187,-0.669926792874603
root,1955.19239557247,1.39034050663102,0.505315773010856,0.0059335868355603,0.0316277612379768,Solyc05g050130.3,up,2.75142906849486,0.749313368232485
root,38.915068272813,-1.00899821253148,0.363432553469774,0.0054981257520355,0.0300111956405949,Solyc05g050320.3,down,-2.77630114005567,-0.640102947990884
root,329.491002708676,1.81613644586107,0.651254989560995,0.0052924663028844,0.0292780198891278,Solyc05g050350.2,up,2.78867183357061,0.898515000337515
root,345.568360758179,-1.2362279094029,0.34381109517551,0.0003235697944906,0.004533423938257,Solyc05g050630.3,down,-3.59566031099672,-0.881456119489539
root,55.1318636213287,2.18749373214962,0.552062996835505,7.42004757490221e-05,0.0016664619121263,Solyc05g050780.3,up,3.96239875646187,1.71695961542226
root,33.6303115305102,5.78398242964586,1.39705259499574,3.47105730983614e-05,0.0009687656502412,Solyc05g050870.3,up,4.14013219714429,3.7832937272224
root,69.3025838011167,-1.06114723849543,0.309510599161526,0.0006069977018595,0.0069121534837294,Solyc05g051060.3,down,-3.42846817320672,-0.763393197262313
root,29.4341950391074,1.44527334419465,0.331419158062036,1.29550822195823e-05,0.0004820102769082,Solyc05g051180.2,up,4.36086239747226,1.15721284027016
root,337.255151739898,2.42302541100467,0.385003965640221,3.1037116278574e-10,1.51894203480538e-07,Solyc05g051200.1,up,6.29350767069485,2.30606269788962
root,1559.0456732557,-1.56416518713133,0.611404762496378,0.0105181158055197,0.0460364453018629,Solyc05g051240.1,down,-2.5583137114353,-0.727763924958863
root,25.5008765888767,3.93924817974462,0.938154230714432,2.68173853817388e-05,0.0008131773169644,Solyc05g051450.2,up,4.19893451500481,3.05234744500263
root,1003.92489855313,1.16972511726186,0.251633913771387,3.34326262678762e-06,0.0001856591420318,Solyc05g051570.3,up,4.64851934991786,0.965113918903746
root,352.47053714544,-1.36721309820352,0.42614533899758,0.0013351014801119,0.011800031729305,Solyc05g051680.3,down,-3.20832582944498,-0.869399962075691
root,99.3923103013569,2.14437388590291,0.471560555454574,5.43130319324361e-06,0.0002639638438767,Solyc05g051710.3,up,4.54739876161988,1.86015983857742
root,346.314811547894,1.43815892101271,0.345028132777903,3.06965097329878e-05,0.0008861143358312,Solyc05g051850.3,up,4.16823668677029,1.12005833776301
root,79.856279047696,1.17676802916731,0.419199174802456,0.0049977125664533,0.0282113367082736,Solyc05g051860.3,up,2.80718116804941,0.698604306472896
root,37.4769545551457,1.54696632530337,0.433791004546358,0.0003622560004486,0.0048836100406412,Solyc05g051970.3,up,3.56615584253788,1.06814771130121
root,1692.73327381731,1.94561199715675,0.469150789981385,3.36723187370386e-05,0.000946061783047,Solyc05g052050.1,up,4.14709308543198,1.56815007231722
root,111.75688864998,-3.01113322421442,0.48279979425964,4.4656824903883004e-10,1.99948558144109e-07,Solyc05g052240.3,down,-6.23681546681665,-2.82121690095207
root,29.7920278518558,7.92500185463138,1.4363436592355,3.43889157470566e-08,5.88358002423625e-06,Solyc05g052245.1,up,5.51748309234677,6.21460414751607
root,2641.89823000227,1.67309347980679,0.63131980289647,0.0080455549264351,0.0383761821682484,Solyc05g052280.3,up,2.65015206576873,0.792249416113553
root,163.470283909245,4.39613404761774,0.604774139474949,3.62021785949681e-13,7.61838646352508e-10,Solyc05g052420.2,up,7.26905097402869,4.05537976544568
root,5.72898583882376,2.10977386446328,0.695349083942348,0.002412369556043,0.0175722310087492,Solyc05g052540.2,up,3.03412187228567,1.14914363167454
root,13.0401075958603,1.82638898187527,0.554395312724691,0.000986389552867,0.0095781712954517,Solyc05g052660.1,up,3.29438027334521,1.14723890002899
root,393.789424950261,2.84006248145167,0.33166118138362,1.09830543556926e-17,5.77818489652989e-14,Solyc05g052670.1,up,8.56314407855489,2.75277114435826
root,450.199520738241,2.61808559797662,0.466369693471971,1.97981502787215e-08,3.75344391410285e-06,Solyc05g052680.1,up,5.61375585640187,2.4396077286834
root,257.336316854003,1.39134910183203,0.440329931260494,0.0015788413551945,0.0132265674676407,Solyc05g052870.3,up,3.15978770248286,0.868100484394248
root,141.983915346275,-1.10253262587168,0.413250062036284,0.0076314447568937,0.0372353636596505,Solyc05g052910.3,down,-2.66795513699132,-0.646047475062249
root,3335.54792361208,-1.24647803183747,0.340029232079183,0.0002465697671833,0.0037627368967416,Solyc05g052980.3,down,-3.66579668523089,-0.89926339049273
root,49.5713129897283,1.50451203145541,0.38620135731918,9.79287038814705e-05,0.0019969105082186,Solyc05g053020.3,up,3.89566738423446,1.1198723653454
root,221.719032473356,2.57511138734245,0.721447585636913,0.0003578444855265,0.0048591559323877,Solyc05g053150.2,up,3.56936725357404,1.78359105750751
root,18.1539028454976,-3.46248172298368,1.18508695471293,0.0034811426588661,0.0223080279976359,Solyc05g053160.3,down,-2.92171111091371,-1.39233282074832
root,10.797029487653,3.44947342018955,1.11254882481248,0.0019318495608103,0.0150849136021128,Solyc05g053170.3,up,3.1005141916095,1.63160576240226
root,82.7989997805732,2.16776498593566,0.617963779280607,0.0004516317465456,0.0056981047906383,Solyc05g053180.3,up,3.50791593070265,1.47604352798828
root,20.2201074666224,-1.2998745494439,0.440708334165621,0.0031827614413245,0.0210494297590119,Solyc05g053200.2,down,-2.94951206653469,-0.774850321452656
root,1338.25400637456,1.62258249966638,0.411293297973974,7.97753358271577e-05,0.0017465130322765,Solyc05g053310.3,up,3.94507400840033,1.22606985640559
root,104.234898972202,1.05579575004055,0.289195133113474,0.0002614171600573,0.003919204381687,Solyc05g053320.1,up,3.65080746233127,0.789069235604646
root,143.622328030866,3.70361110129531,0.606460085415297,1.01563855748757e-09,3.7496662813629e-07,Solyc05g053330.3,up,6.10693298761636,3.38039628646971
root,118.519942526368,1.88257992764527,0.555435831948126,0.0007005232080722,0.0076042521478161,Solyc05g053400.2,up,3.3893742883716,1.22536437805315
root,809.562350763861,-3.81377608884885,0.764792318626274,6.1425042540795e-07,5.55383064733877e-05,Solyc05g053550.3,down,-4.98668199976065,-3.29063243423941
root,1219.78839219757,2.40167187097905,0.660113792834539,0.0002744761401331,0.0040279469267517,Solyc05g053620.3,up,3.63826948785032,1.71591075688937
root,1172.72215815826,1.05683242898939,0.190076039610186,2.6969619545294e-08,4.80973452297598e-06,Solyc05g053760.3,up,5.5600507626147,0.93118123586419
root,5455.65808096524,1.05286578507335,0.271270033585017,0.0001039225717991,0.0020847918026134,Solyc05g053810.3,up,3.88124619280285,0.813154912095669
root,3873.84071539351,3.29760527118258,0.515352075900931,1.56661700877567e-10,1.01110145426769e-07,Solyc05g053960.3,up,6.39874257888212,3.07345424420051
root,117.276611454607,1.00625338150072,0.256978668601931,9.01393609461307e-05,0.0018837067643995,Solyc05g054120.1,up,3.91570781720968,0.788898173117124
root,166.4762071597,-1.12468985799723,0.302961034386559,0.0002053639529073,0.0033527378006076,Solyc05g054190.3,down,-3.71232511888705,-0.835166757505473
root,270.7710339114,7.34992050720387,1.18665435516578,5.87242196422482e-10,2.33168392104051e-07,Solyc05g054380.2,up,6.19381749639898,6.16177201793454
root,149.897215151032,1.49909871132542,0.441506819743403,0.0006852474210839,0.007483314337982,Solyc05g054480.3,up,3.39541462167374,0.989820339216447
root,62.0068924812669,1.5332556202067,0.601831116866351,0.0108450920561544,0.0470067199738552,Solyc05g054610.1,up,2.5476509559528,0.716694257648194
root,155.197852102915,2.05642706897429,0.531324418529693,0.0001086661170523,0.0021371680067748,Solyc05g054650.1,up,3.87037937135458,1.56876074087592
root,76.3376459541066,-1.36433798277266,0.345896166132181,8.00143651943529e-05,0.0017467036318983,Solyc05g054680.1,down,-3.94435705381971,-1.02447782813741
root,258.255867049978,1.54529464877418,0.43911427752635,0.0004329852295251,0.0055323261506534,Solyc05g054780.2,up,3.51911729556881,1.05369500707088
root,26.156711206163,1.90617743365207,0.609626985202967,0.0017672426619277,0.0142728844664843,Solyc05g054795.1,up,3.12679307169685,1.10876612313818
root,29.6563750728927,3.93041940168032,0.938797589897892,2.83098581393776e-05,0.0008390882460353,Solyc05g054820.1,up,4.18665263308549,3.03923100372463
root,121.94083476359,-1.24285184903116,0.272425951674352,5.06290933998988e-06,0.0002495172462546,Solyc05g055010.3,down,-4.56216392525193,-1.01420263224827
root,109.681763207012,2.82491947725828,0.477789042604785,3.3698912797337803e-09,9.78024096958921e-07,Solyc05g055030.2,up,5.91248275987564,2.64093351740653
root,62.2835903137063,1.86326749060984,0.67176203276338,0.0055422472164644,0.0301996505497873,Solyc05g055080.1,up,2.7737016975268,0.905808588050314
root,48.9302177024688,-1.07490362408757,0.325510136331159,0.0009592538606286,0.009389444525944,Solyc05g055200.3,down,-3.30221244782993,-0.751820442328672
root,794.695523022237,1.32770262203615,0.379718730694567,0.0004713296769097,0.0058829547573476,Solyc05g055240.3,up,3.49654234756227,0.915138550766869
root,2738.65648688981,1.04065080981919,0.298674816025898,0.000493560988009,0.0060882165484538,Solyc05g055260.3,up,3.48422683795663,0.760557872747399
root,60.4058257130741,3.28924506884744,0.756643187530086,1.37914882389962e-05,0.0004995319767666,Solyc05g055270.1,up,4.3471548056681,2.72672017105573
root,499.215404830701,1.00959807751491,0.215239448469887,2.72430289077586e-06,0.0001610399720041,Solyc05g055280.2,up,4.69058104679244,0.850013687169905
root,11.5263991549646,3.76576688717412,1.15892879128489,0.0011566849533712,0.0106882282930148,Solyc05g055320.3,up,3.24935139716312,1.90236652337802
root,58.4924339230364,-1.14950734393923,0.432754765111994,0.0079013660014423,0.0379366520954488,Solyc05g055343.1,down,-2.65625577488846,-0.655995083870582
root,12.8765501724564,3.02276217038322,0.752949039336157,5.95557613477729e-05,0.0014122836477851,Solyc05g055370.1,up,4.01456408397607,2.3787546549729
root,70.1022871587319,-1.08757603176209,0.400075705373326,0.0065593409357275,0.0336424008412019,Solyc05g055510.3,down,-2.71842558084658,-0.65257850711646
root,3.32620305316051,3.15496234080663,1.21459285244124,0.0093892197625689,0.0426458186687815,Solyc05g055520.1,up,2.59754726406087,0.994002265429795
root,17.7876902391119,-2.4492814094783,0.911989418394174,0.0072389579673413,0.0358776805145389,Solyc05g055540.2,down,-2.68564674115515,-0.996262983015367
root,56.3517672657469,1.55244850293393,0.567791890660854,0.006253475351228,0.0326546241417477,Solyc05g055730.3,up,2.73418576148918,0.792304018619408
root,2188.76951523305,1.67516197561027,0.325673085490815,2.69391364695016e-07,2.83453593932095e-05,Solyc05g055760.3,up,5.14369178860962,1.48516635990289
root,711.87496175956,2.37415421196703,0.499738376467037,2.02619203420794e-06,0.0001316024233576,Solyc05g056020.3,up,4.75079426309305,2.11488292391346
root,56.4184645494091,2.72561678804261,0.754225807892041,0.0003017487012104,0.0043223108981836,Solyc05g056050.3,up,3.61379411778595,1.91029705318577
root,499.715490400673,1.30409381906264,0.359785508861423,0.0002893615246329,0.0041840658707892,Solyc05g056055.1,up,3.62464242428655,0.926588747095637
root,1365.55534415706,1.31749986450149,0.449267726409276,0.0033619128161158,0.0218223606731466,Solyc05g056080.3,up,2.932549540185,0.776926459583205
root,563.332003456333,1.05108318644021,0.319836796150707,0.0010150886262067,0.0097599125016402,Solyc05g056090.3,up,3.28631101577486,0.738586804979584
root,199.631515982288,1.4515400400405,0.293780153719783,7.77605069406809e-07,6.44248861440822e-05,Solyc05g056500.1,up,4.940905713546,1.23763379401414
root,211.5822579932,3.1295587242859,0.601162166078212,1.93112908112788e-07,2.13887791490816e-05,Solyc06g005090.3,up,5.20584777432374,2.82145954144148
root,2345.15108031235,1.92238180597337,0.419140698880721,4.50774491966184e-06,0.000230805314086,Solyc06g005260.3,up,4.58648327663462,1.65361366173338
root,657.357308183053,1.18347941467646,0.32006038142796,0.0002175828288453,0.0034636028277172,Solyc06g005420.1,up,3.69767544922719,0.867081747043574
root,283.854660684789,1.22180203312807,0.311685799199483,8.8556395242254e-05,0.0018673154123026,Solyc06g005430.1,up,3.91997978819081,0.922595503412008
root,639.951396351647,1.34245863149208,0.432319942373255,0.0019012252705101,0.0149233064500621,Solyc06g005490.3,up,3.10524336241013,0.831823354253945
root,28.6263773234949,3.22674788655373,0.805173998872606,6.13606402859098e-05,0.0014414129021663,Solyc06g005610.1,up,4.00751625247683,2.50714127070622
root,12.5663491965585,4.74915891889395,1.78141520888819,0.0076771745446549,0.0373182730765753,Solyc06g005620.3,up,2.66594721724531,1.02300657759031
root,1531.764935376,-1.43207417596498,0.53381702055042,0.0073029138258239,0.0360907323953924,Solyc06g005650.2,down,-2.68270609747206,-0.739364555544192
root,2.61172410192671,-2.39270420182891,0.873344820384514,0.0061494987904846,0.0323282669365375,Solyc06g007165.1,down,-2.73970160007986,-1.02743262968386
root,18.1422234285741,-1.52344972203717,0.55390282794413,0.0059524070172144,0.03170328974072,Solyc06g007280.3,down,-2.75039166651597,-0.789504114306062
root,31.2313700237957,-1.08658342892375,0.330981226289763,0.0010273942268968,0.0098354316479764,Solyc06g007300.2,down,-3.28291559344361,-0.754213242232302
root,101.088244974769,1.18411868980411,0.445019176384473,0.007794917835391,0.0376057429912815,Solyc06g007580.1,up,2.66082621298344,0.666249378737799
root,1646.04317179552,-1.0935209837916,0.405175877832151,0.0069573304363695,0.0349620652624307,Solyc06g007620.3,down,-2.69887977942409,-0.650179241594094
root,5.49569385660189,-1.72870767611584,0.531031987852741,0.0011324316993694,0.010547337654976,Solyc06g007810.1,down,-3.25537390526317,-1.0742034159848
root,303.454544351477,2.27786984870983,0.477319999752479,1.82218072753795e-06,0.0001209652089284,Solyc06g008100.3,up,4.77220700974409,2.03084526018732
root,54.891832224714,1.54538890133227,0.402604595099549,0.0001237992787037,0.0023403264962215,Solyc06g008265.1,up,3.83847805053033,1.13813688067606
root,765.238906285394,2.35676703205761,0.530496056928746,8.88897932515796e-06,0.0003794314014576,Solyc06g008620.1,up,4.44257219497894,2.02905554598156
root,789.651225139552,-1.06673028854697,0.285129081293639,0.0001831299769207,0.0030789744919129,Solyc06g008720.3,down,-3.74121883221163,-0.805784991027313
root,147.352498546828,1.66723908501373,0.586344055645731,0.0044628230755811,0.0262334214532207,Solyc06g008890.3,up,2.84344843093467,0.873428555171953
root,46.8431234093458,1.6225752235681,0.497856891237499,0.0011175848679051,0.0104572947799893,Solyc06g008980.3,up,3.259119743296,1.01653696450701
root,4.31761501013708,-1.74029674756062,0.65371987652342,0.0077644547703323,0.037565059275868,Solyc06g010240.2,down,-2.66214445981936,-0.815397740735938
root,174.863471074503,-1.15951200430079,0.330572395948804,0.0004521875594167,0.0056981047906383,Solyc06g011470.3,down,-3.50758871131019,-0.824945671491326
root,2624.44797984312,2.04622498859582,0.760009118213817,0.0070946401351163,0.0354462504756385,Solyc06g024245.1,up,2.6923689986837,0.911501028065172
root,66.9333799489868,-1.62545079311551,0.56683088505639,0.0041358297786113,0.0250530805587498,Solyc06g030651.1,down,-2.86761155040769,-0.868445982117681
root,288.073546476379,1.45211283347342,0.426442128458804,0.0006612009983474,0.0073117781446262,Solyc06g034110.3,up,3.40518146910454,0.965184949263216
root,14.1721233721586,-1.71491525452342,0.541697480981827,0.001546478952183,0.0130962185391311,Solyc06g034200.1,down,-3.16581729605818,-1.02978959148644
root,143.909292305484,-1.12595529162447,0.351445005704845,0.0013563230989086,0.0119312458506913,Solyc06g034290.3,down,-3.20378799911041,-0.758762633576845
root,447.386515040476,2.59552672384038,0.795044619926575,0.00109607051781,0.0102742574506883,Solyc06g035490.3,up,3.26463025946906,1.5459743363892
root,166.354305011438,-1.02966840339305,0.372815104380179,0.0057470624365421,0.0309154350497425,Solyc06g035620.3,down,-2.76187416039626,-0.643899070868368
root,1013.40404558733,1.28400774604655,0.352712342199469,0.0002722335963679,0.0040051460713359,Solyc06g035720.3,up,3.64038223907801,0.917355514314716
root,3397.65431029198,1.21276223975999,0.362698118267119,0.0008266206461693,0.0084690384021366,Solyc06g035960.3,up,3.34372355046743,0.824054125819226
root,1842.54776365854,-1.16078561093692,0.25982167780201,7.90930984134073e-06,0.0003460364164265,Solyc06g036170.1,down,-4.46762418269602,-0.942406598066326
root,322.977934513199,1.64756792840958,0.584866740320331,0.0048474958973787,0.0276826875615842,Solyc06g036420.2,up,2.81699712913613,0.855534959175094
root,70.205598891518,1.74673665839691,0.592151619569078,0.0031796612088462,0.0210483769987293,Solyc06g043150.3,up,2.94981319086495,0.950228665977821
root,32.4792319178636,2.60482244909879,0.839612297833467,0.0019195124031555,0.0150220226894772,Solyc06g048600.3,up,3.10241102449341,1.40287923297314
root,11.6842169852998,-1.98284958414704,0.694503572524509,0.004302865727929,0.0256528494130044,Solyc06g048840.3,down,-2.85506030867402,-0.989941372454841
root,55.0079614367978,2.9200443883297,0.728266951199325,6.08269185334885e-05,0.0014334173276805,Solyc06g048850.3,up,4.00957970634382,2.30566688715201
root,19.5064091894254,-1.54992135363246,0.523923051459201,0.0030934130687095,0.0206463002276957,Solyc06g048865.1,down,-2.95829960013346,-0.874041772142977
root,161.657586487557,1.9743298418881,0.587147045021493,0.0007721730475048,0.0080683265202044,Solyc06g049050.3,up,3.36258158604175,1.27007929020284
root,137.041585128098,1.6347234281399,0.282269071175021,6.981635716589051e-09,1.63246157799889e-06,Solyc06g050370.1,up,5.79136573955807,1.49900050346167
root,1584.36954519379,1.11416582659751,0.381287431772844,0.0034766284559097,0.0223080279976359,Solyc06g050440.3,up,2.92211526988199,0.702148167149945
root,10.2287725681366,-3.52032798530398,1.01997120947823,0.0005576876875822,0.0065932470210562,Solyc06g050520.2,down,-3.45139936558094,-2.12211305495625
root,21.2258893428241,-1.07541154525495,0.400303715871854,0.0072207317142115,0.0358474124672105,Solyc06g050840.3,down,-2.68648903973505,-0.642512989621804
root,40.3313600033336,2.37773370973556,0.541184467564348,1.11502491295428e-05,0.000441063614064,Solyc06g051060.3,up,4.39357345275776,2.03390710228913
root,2562.77036233047,1.14309834741295,0.435561439308044,0.008679539584727,0.0404218761461663,Solyc06g051400.3,up,2.6244250391608,0.64689688754482
root,557.68810208306,-1.78084856056905,0.426034040145718,2.91430053069077e-05,0.0008529699633916,Solyc06g051460.3,down,-4.18006166821773,-1.42507075696069
root,499.410299903497,4.64944588259546,1.53984963340881,0.0025326291372774,0.0180850517695512,Solyc06g051550.3,up,3.01941552065888,1.5661663370298
root,649.103568353315,1.0886709072592,0.261813741344406,3.20781176287522e-05,0.0009171900915481,Solyc06g051720.3,up,4.1581885720318,0.863203637892695
root,140.664562018683,1.88164184305884,0.486365653920781,0.0001093811596907,0.0021454685164679,Solyc06g051800.3,up,3.86878026416997,1.42110950617501
root,80.444611944131,-1.27429328807888,0.35763907597878,0.0003665420054576,0.0049193303334509,Solyc06g051860.2,down,-3.56307063089071,-0.897540994335783
root,204.763440933374,1.03210649092688,0.309830522427921,0.000864733983359,0.008748779781638,Solyc06g052060.3,up,3.33119694870278,0.736188630821254
root,46.1945912139253,2.67527915206986,0.529030708061546,4.26026216632036e-07,4.09374233004775e-05,Solyc06g053260.1,up,5.05694492078259,2.42886269037403
root,416.286502609131,1.27402468529899,0.336330286241339,0.0001518547458844,0.0026881803064066,Solyc06g053385.1,up,3.788016534392,0.936489743776277
root,25.7833080162216,2.7085520038559,0.981607000622082,0.0057924644072103,0.0310643784366295,Solyc06g053520.3,up,2.75930387837433,1.10699678433051
root,383.080134420082,1.93689485698119,0.588851260976222,0.0010044514824621,0.0096985010377505,Solyc06g053550.3,up,3.28927691140566,1.20965824421474
root,538.511900851775,1.00810630233348,0.194575218674297,2.20625950477671e-07,2.41815234471464e-05,Solyc06g053610.3,up,5.18106215787408,0.875397066392684
root,154.212639089471,1.6462532015873,0.412071316277618,6.46755067812732e-05,0.0014989332210408,Solyc06g053700.1,up,3.9950686605864,1.25846075416766
root,198.389319893966,1.94442411025221,0.595018081116435,0.0010837146767333,0.0101853314018505,Solyc06g053930.3,up,3.2678403765544,1.20293475843956
root,331.572465120723,-1.27691991083012,0.332498445543071,0.0001228447161987,0.0023323405164036,Solyc06g053960.3,down,-3.84037858806985,-0.946828397744771
root,50.6295844425678,2.77002014013897,0.746482613941524,0.0002066354095566,0.0033630592101399,Solyc06g054030.2,up,3.71076310205393,2.01115229931323
root,56.5879613379753,-2.32983872006835,0.597666291344885,9.68996640372593e-05,0.0019820137860842,Solyc06g059710.3,down,-3.89822674259524,-1.80550479881878
root,24.242995100618,-3.36206928205238,0.809480740246262,3.27620984398332e-05,0.0009304259103479,Solyc06g059930.3,down,-4.15336537967484,-2.68076461387567
root,101.083730387613,4.2689100474402,0.974233915754563,1.17696245680373e-05,0.0004561325587657,Solyc06g060070.3,up,4.38181218946154,3.35069750530014
root,2131.86310364514,1.53328178573055,0.356074534639905,1.66180670070295e-05,0.0005732960690097,Solyc06g060080.2,up,4.30606975947083,1.22559999823228
root,363.373395425234,-1.1219037930854,0.263655901333052,2.08879225197648e-05,0.000674180125009,Solyc06g060140.3,down,-4.2551818010256,-0.894769242300069
root,2082.930434692,1.55693299855281,0.384337145135738,5.10087233653762e-05,0.0012584145070351,Solyc06g060230.3,up,4.05095634980311,1.19601587684526
root,10.2294750396803,-2.97161609007015,0.816201254670167,0.0002718044177695,0.0040026957085665,Solyc06g060570.3,down,-3.64078843675755,-2.0763909541142
root,301.355319881977,-1.45287880660776,0.335259854642205,1.46697162559669e-05,0.0005241248028702,Solyc06g060590.3,down,-4.33359015847063,-1.15955412339528
root,85.7615840484886,2.07424618059786,0.672054959252231,0.0020258010597039,0.0156100173930462,Solyc06g060600.2,up,3.08642344207353,1.16651763965589
root,7.3413384393537,-2.04338228557776,0.686365506295364,0.0029098418961478,0.0198170591788139,Solyc06g060735.1,down,-2.97710515291895,-1.08562141020477
root,64.6562848368613,1.05533665020647,0.211730189264378,6.21715450476677e-07,5.55383064733877e-05,Solyc06g060830.3,up,4.98434660580555,0.901249346656287
root,157.252697129967,-1.10182695537215,0.296603883202882,0.0002033567475947,0.0033277133719943,Solyc06g060910.2,down,-3.71480960894394,-0.822474590392499
root,52.0780420892145,-1.60825875069737,0.425917683010694,0.0001593766298813,0.0027833375927168,Solyc06g061100.3,down,-3.77598492584069,-1.17035218381697
root,477.900590277666,1.64188976219422,0.552688314982473,0.0029708934114996,0.0200910723901982,Solyc06g061200.1,up,2.97073362632298,0.916202939746847
root,18.1649864067289,5.10796008693023,1.19484266689822,1.91131776273978e-05,0.0006354150236823,Solyc06g061210.3,up,4.27500643259615,3.68901639517474
root,247.585639704639,4.28452794023214,1.13639698823112,0.0001630684598879,0.0028337016266571,Solyc06g061215.1,up,3.77027393120894,2.79726863637649
root,14.2438106271613,3.08285953179945,0.988685292631056,0.0018199609656386,0.0145716167748482,Solyc06g062370.3,up,3.11814037770851,1.57285144006846
root,1312.15114568659,3.01671213631837,0.605725690581598,6.34768571326765e-07,5.61263437605061e-05,Solyc06g062380.3,up,4.98032720623393,2.69692314060626
root,738.928245612153,1.81370959679701,0.562034024150341,0.0012507539187076,0.0112770254661699,Solyc06g062420.3,up,3.2270459062312,1.10929853223728
root,103.736063979838,1.04391407896974,0.333536731061245,0.0017490604299173,0.0142003193237576,Solyc06g062520.1,up,3.12983243449145,0.71188024228066
root,21.370951490475,4.31483205726699,1.46255615320979,0.0031756906178691,0.0210287077918305,Solyc06g062560.2,up,2.95019924383586,1.46220704496774
root,361.847647355717,1.09914211128353,0.302698600810287,0.0002821680328857,0.0041064620221637,Solyc06g062770.3,up,3.63114368002119,0.81024146438787
root,14.3105894053292,-1.51171019818166,0.493328330684206,0.0021817380040638,0.0164090402278481,Solyc06g062883.1,down,-3.06430850238226,-0.894393469140673
root,11.8653659622187,2.23415980823658,0.758839261068807,0.0032381101527567,0.0212957953241667,Solyc06g062930.1,up,2.94418057005884,1.13645373730481
root,4627.89120070223,1.15387217845374,0.362930310708906,0.0014762020443136,0.0126752989105575,Solyc06g063310.2,up,3.17932160639847,0.766491549272503
root,8.26856680460814,-1.42786209186434,0.538384895140687,0.0079987780933574,0.038255974135594,Solyc06g064600.1,down,-2.65212138147231,-0.728084460378391
root,26.7428891597514,5.276033356562,1.91878739447856,0.0059655193561284,0.0317313449042976,Solyc06g064960.3,up,2.74967063664486,1.08543465367751
root,34.9245252730613,2.73286875751816,0.820201510910312,0.0008624037870179,0.0087294012958183,Solyc06g064970.3,up,3.33194796786591,1.67156103847358
root,534.909904886926,1.50309348195536,0.37845129186521,7.13627513106516e-05,0.0016147932672917,Solyc06g065010.3,up,3.97169599962867,1.13515463749735
root,90.6242049067854,4.52430488058616,1.07768010118569,2.69057888992873e-05,0.0008146840598512,Solyc06g065060.2,up,4.19818912459124,3.35378972871749
root,3329.95036324279,1.19613195552959,0.276442329677384,1.51238365248565e-05,0.0005349008669396,Solyc06g065180.3,up,4.32687699067472,0.95436843401061
root,670.45696093881,-1.18922639100315,0.297875998907685,6.54206535910449e-05,0.0015112099167617,Solyc06g065260.3,down,-3.99235384980346,-0.910838670848774
root,66.7784434294525,1.06178533598041,0.323969003682973,0.0010475715495544,0.0099526391371665,Solyc06g065310.3,up,3.27742877840079,0.742131431961867
root,303.861705037299,-1.07672563764385,0.351030089731089,0.0021597921827946,0.0163178091831226,Solyc06g065330.3,down,-3.0673314600144,-0.714865225882641
root,195.980159102001,2.2170999575503,0.591420750424525,0.0001777044490033,0.0030158164716337,Solyc06g065530.3,up,3.74876930841344,1.64277938756028
root,9.0505325098721,1.6933301461638,0.648290720173939,0.0090016372138563,0.0413957290075718,Solyc06g065550.2,up,2.61199195587664,0.780658354177906
root,94.6949391939659,2.65469199720801,0.789066158966932,0.0007672514096886,0.0080501661835748,Solyc06g065850.2,up,3.36434653424195,1.66276445068378
root,42.7651485111418,3.27723528388729,0.913325328797764,0.0003329110469724,0.0046290023195827,Solyc06g065970.1,up,3.5882452621797,2.18303740964704
root,166.826488352196,2.27677528663483,0.599965004424581,0.0001477346405611,0.0026324536629711,Solyc06g066110.1,up,3.79484681580463,1.71248821010019
root,694.399105754029,7.68736443231702,1.35615742261242,1.44061697623724e-08,2.86003241961664e-06,Solyc06g066230.3,up,5.66848973735553,6.14799460224549
root,13.5606251176261,-1.50714278439953,0.513481025810614,0.0033338867624085,0.0217008974726166,Solyc06g066270.2,down,-2.93514795803849,-0.849100289486526
root,531.084060944379,1.27019276934334,0.307609703798896,3.63972169233014e-05,0.0010012327227894,Solyc06g066310.3,up,4.12923504576353,0.984546771633052
root,894.680529054227,-1.54646668783119,0.38823143794481,6.79468906283881e-05,0.0015525237420019,Solyc06g066380.1,down,-3.98336285185392,-1.17256805685238
root,144.177240640209,1.3338711704435,0.433663990279601,0.0020992648756693,0.0160003368502661,Solyc06g066400.3,up,3.07581722333805,0.8206218915632
root,313.473850016849,-1.16561998506336,0.409589617403376,0.004429666294852,0.0261217339505032,Solyc06g066460.3,down,-2.84582405299456,-0.703679515112355
root,203.751537722134,2.66297633192862,0.694192911382408,0.0001250160543173,0.0023552711253839,Solyc06g066590.3,up,3.83607537366753,2.02300944951384
root,560.92291516738,-1.10114325276078,0.370902023292255,0.0029894065112197,0.0201567031791443,Solyc06g066600.3,down,-2.96882514413552,-0.706456212198214
root,91.852113604129,2.88342874340834,0.675469404044665,1.96547006524894e-05,0.0006475643622526,Solyc06g066750.3,up,4.26877772130398,2.40324799263274
root,19.3439981352597,2.6012566699494,0.933092860936114,0.0053070736405549,0.0293053930008529,Solyc06g067870.3,up,2.78777898626266,1.11268657420171
root,49.1655809819314,-4.42220397581666,1.66448407496981,0.0078885850040282,0.0378925776819838,Solyc06g068130.3,down,-2.65680161337492,-1.03632872902319
root,446.547992675202,-1.64775182228906,0.332433893106106,7.17263655112018e-07,6.0863291766844e-05,Solyc06g068230.3,down,-4.95663004422694,-1.43496174972429
root,9.66332001174835,1.95195095033199,0.771581233582324,0.0114125560454244,0.0487052990103245,Solyc06g068530.1,up,2.52980615050654,0.796483659397971
root,1886.64281839471,1.95957962693349,0.427479566395642,4.56096355218657e-06,0.000232614365854,Solyc06g068650.3,up,4.58403109990958,1.68974591360937
root,14.6951233556663,3.43805519237019,0.959234145827561,0.0003381559241826,0.0046940324990103,Solyc06g068830.2,up,3.58416681404109,2.25002572335959
root,88.2963851859158,2.29267899002492,0.499721277275907,4.47693783353865e-06,0.0002297870238267,Solyc06g068890.1,up,4.58791549265787,2.00714218942287
root,13.6758712101099,4.48876898753668,1.10434957112643,4.81093556085627e-05,0.0012139247954755,Solyc06g068900.3,up,4.06462691243513,3.21545501728475
root,128.511127411782,2.94363815508263,0.687860222996182,1.87386652689393e-05,0.0006269260284889,Solyc06g068930.2,up,4.27941325384498,2.45243645402246
root,22.4696953849673,2.90539671182923,0.823388311624148,0.0004177857059417,0.0054037384117011,Solyc06g068940.3,up,3.52858629496244,1.94055540126112
root,545.196271846348,1.60015748383232,0.450051389636378,0.0003772616847091,0.0050225167865449,Solyc06g068960.1,up,3.55549948445928,1.1008713113424
root,1363.83658395157,1.8326875335019,0.470166826407777,9.70097985015571e-05,0.0019820137860842,Solyc06g069045.1,up,3.89795160050788,1.38956283892126
root,176.708760817873,1.30024817748014,0.383827854820733,0.0007051173954412,0.0076212072263305,Solyc06g069710.3,up,3.38758159719133,0.877234186942433
root,256.432025857135,1.7378473240373,0.510793404440419,0.0006683324847892,0.0073728420603554,Solyc06g069790.3,up,3.40225090795982,1.1385503363028
root,30.7453345398214,2.58966725426211,0.78142987360337,0.0009196786493538,0.0091463693275055,Solyc06g069900.3,up,3.31401107347036,1.58631694505603
root,9.63536374483938,-1.70004027080811,0.546975712203484,0.0018831174790244,0.0148587642401916,Solyc06g071030.3,down,-3.10807268563996,-0.998358698964552
root,2100.36699171403,3.02901709245843,0.641497570542181,2.33777495965678e-06,0.0001451787091765,Solyc06g071060.2,up,4.72179043468297,2.65455474126407
root,978.036080842852,-1.04000355715666,0.283528906375051,0.000244389356115,0.0037375941933762,Solyc06g071350.3,down,-3.66806887683244,-0.782478242299954
root,4555.56635757371,1.02315764212891,0.3309240905857,0.0019893359866165,0.015402349706534,Solyc06g071530.3,up,3.09181975938359,0.697528335051135
root,85.9763741514994,-1.15186674526847,0.36801619874679,0.0017484504463567,0.0142003193237576,Solyc06g071580.3,down,-3.12993490284105,-0.756462167610187
root,59.277110541315,-1.38872296514547,0.406858619553639,0.0006418562499488,0.0071504621090117,Solyc06g071620.3,down,-3.41328141620553,-0.931136052936059
root,29.8649106102824,1.81061501646176,0.496287660463765,0.0002639631841423,0.0039423997495325,Solyc06g071640.3,up,3.64831762040949,1.28388188658706
root,288.401767611212,1.31745916947917,0.355003349834583,0.0002063462302914,0.003362217868526,Solyc06g071890.3,up,3.71111757140618,0.950921192791901
root,119.627920437898,2.20649130593969,0.549599976894989,5.95158162755036e-05,0.0014122836477851,Solyc06g072030.1,up,4.014722341157,1.7543546216074
root,366.390978573247,2.02366528112547,0.45295688409715,7.90733924141753e-06,0.0003460364164265,Solyc06g072220.1,up,4.46767750347609,1.72679351816154
root,174.172912467406,2.73949155908861,0.618254187281665,9.37919842272032e-06,0.0003947517032154,Solyc06g072230.1,up,4.43101173504959,2.34864264927544
root,27.4981587727536,1.61536122483033,0.606995913129028,0.0077853662729161,0.0375768917080841,Solyc06g072240.1,up,2.66123904608062,0.781555467537071
root,24.4436958927196,-1.48468410352736,0.540487309241324,0.0060154852569756,0.0318843146740488,Solyc06g072277.1,down,-2.74693610403434,-0.776431083042063
root,246.223576166744,3.09774825436309,0.676444702445086,4.66188479515976e-06,0.0002363968762152,Solyc06g072335.1,up,4.57945526539852,2.66989578964295
root,223.09984831868,3.13119178772082,0.693164258757472,6.26498280544378e-06,0.0002916820755702,Solyc06g072550.3,up,4.51724356552027,2.6760207952252
root,170.250766415826,4.1544437870729,1.46337666786354,0.0045263160178393,0.0265103797048177,Solyc06g072650.1,up,2.83894357365844,1.29692478409217
root,391.858909314274,1.08696665173466,0.340493089787531,0.0014112949571606,0.0122876669749646,Solyc06g072660.3,up,3.19233101738697,0.739971904582842
root,16.6920455430649,-2.22312725225741,0.638390863397704,0.0004969555852189,0.0061038432772025,Solyc06g072760.3,down,-3.48239202614096,-1.49787097972694
root,212.23024690798,-1.05313433186759,0.309070959493093,0.0006558031393659,0.0072673624353959,Solyc06g072770.3,down,-3.40741923341757,-0.756603432665305
root,671.365059270694,4.24516217222104,0.732712180698961,6.88257555485866e-09,1.63246157799889e-06,Solyc06g072840.3,up,5.79376497900093,3.75757578560995
root,147.621234440215,3.4917867202118,0.901953312515351,0.0001082294452909,0.0021356507365819,Solyc06g072865.1,up,3.87136082517838,2.56000593991457
root,358.741083612226,4.14433566995377,0.897176525669684,3.85019969099872e-06,0.0002041463560858,Solyc06g072870.2,up,4.61930907840048,3.39428698178283
root,97.8955717529317,3.23866477905464,0.760357399502268,2.04978218339792e-05,0.0006646474001144,Solyc06g073580.3,up,4.25939798991196,2.65341354334751
root,12.4848569634671,3.70737414592591,1.46346000371531,0.0112996201372377,0.048380862403521,Solyc06g073585.1,up,2.53329379451024,0.929131775204743
root,58.874236300393,-1.13823342381526,0.251313880286818,5.92268406849229e-06,0.0002794550751958,Solyc06g073710.3,down,-4.52913075281089,-0.931275945079881
root,9.63531554719406,-1.81046618000593,0.392731696071025,4.02801850299848e-06,0.0002117759014848,Solyc06g073820.2,down,-4.6099314063984,-1.54695489303456
root,586.732777684697,-1.04955565035965,0.390598269519291,0.0072086951162064,0.0358120349446292,Solyc06g074120.3,down,-2.68704633958398,-0.63536978436883
root,210.587151187894,2.54985192172828,0.611486972459453,3.04706219653971e-05,0.0008820134369185,Solyc06g074140.1,up,4.16992027070104,2.10339198628188
root,77.4136734175422,2.22403816530036,0.574602992693536,0.0001085834512971,0.0021371680067748,Solyc06g074230.3,up,3.87056488319849,1.70717015626993
root,194.977296918349,1.55284556927332,0.520322252100986,0.002841424851412,0.0195280781603723,Solyc06g074390.3,up,2.98439200515288,0.884569400239325
root,14.1623001688859,-2.0616184670049,0.577419447457957,0.0003564363426088,0.0048489025667156,Solyc06g074410.3,down,-3.57040012434809,-1.43559959004014
root,2978.36010024444,1.04867105686172,0.375392191397739,0.0052135459199026,0.0289753447865686,Solyc06g074480.3,up,2.79353455104403,0.655725734019736
root,484.867826928291,1.94989933621807,0.587408035123741,0.0009017970449856,0.0090068424369611,Solyc06g074490.1,up,3.31949721424446,1.23289443074737
root,112.865855349869,1.92489492816352,0.5569070728766,0.0005474374702476,0.0065131926253838,Solyc06g074500.2,up,3.45640237287853,1.28448145370182
root,39.6869981691634,-2.15020684437318,0.524367616319965,4.12131271089862e-05,0.0010854681437816,Solyc06g074540.3,down,-4.10057138818645,-1.73773558028591
root,327.694476777479,1.23750550162841,0.422243327983059,0.0033810388654613,0.0218820414239997,Solyc06g074630.3,up,2.93078758056318,0.74755321413467
root,29.8529938640418,-2.58075691180623,0.585831884709193,1.05644474462983e-05,0.0004276270825349,Solyc06g074680.3,down,-4.40528584934792,-2.21111132809749
root,178.123273505658,-2.47544249811791,0.432984928074598,1.08321490917139e-08,2.27951745486027e-06,Solyc06g074760.2,down,-5.71715627406648,-2.32086303383251
root,296.133888028147,1.7996254791537,0.467085599745715,0.0001167358806118,0.002247566213719,Solyc06g074780.2,up,3.85288152778298,1.34699747313491
root,224.792179783041,-1.38114086008653,0.318180300628158,1.41997776831263e-05,0.0005116782903488,Solyc06g074810.3,down,-4.34074912041963,-1.09991310197212
root,1003.45461570165,1.26088940794723,0.331605419440313,0.0001433133968508,0.002573941504492,Solyc06g075190.1,up,3.80237877316774,0.930392817043198
root,37.6110799698178,2.45533781843859,0.859938775033241,0.0043003336858047,0.0256508565997947,Solyc06g075220.1,up,2.8552472451817,1.13646574991955
root,1756.00662264577,-1.05132303941197,0.306126985879802,0.0005941497952557,0.0068143186754356,Solyc06g075250.3,down,-3.43427103099222,-0.759345489617414
root,10.3954883786828,3.17447767785895,1.00574015133099,0.0015975172304661,0.0133141198407644,Solyc06g075470.2,up,3.15635969555146,1.64340525356354
root,304.926934489172,1.16837338512341,0.382017011999822,0.0022249792582386,0.0166272952806724,Solyc06g075550.3,up,3.05843286665976,0.749289238310013
root,264.553850060652,1.77270237560497,0.470596423985632,0.0001652693001596,0.002850759961115,Solyc06g075630.3,up,3.76692699997885,1.29658356758111
root,907.838038601621,1.00897949611938,0.167767195224338,1.80816917874392e-09,5.76532002992229e-07,Solyc06g075800.1,up,6.01416441855734,0.908569594477229
root,1949.43501301649,1.07256084979516,0.302966207032403,0.0003998244942506,0.0052521265025037,Solyc06g075810.3,up,3.54019961599363,0.784138749824557
root,813.090789354103,1.63654295088738,0.348462899135574,2.64705759131121e-06,0.0001587027918847,Solyc06g075830.2,up,4.6964625357452,1.3878496554229
root,314.77008926492,1.17575217782682,0.347098763380901,0.00070565972935,0.0076231536675784,Solyc06g075930.1,up,3.38737069061975,0.813582073134496
root,11.8408308047883,-2.15621206277623,0.793754696795791,0.0065981862964856,0.0337839981565068,Solyc06g075990.3,down,-2.71647156417514,-0.954542277097594
root,15099.6922506339,-1.53927263791436,0.446584189515968,0.0005673329905375,0.006643826072828,Solyc06g076020.3,down,-3.44676921854916,-1.02885392509931
root,2528.54449429901,-1.30081860003396,0.452079179806475,0.0040095019788449,0.024527895245004,Solyc06g076040.3,down,-2.87741320135736,-0.756456736158006
root,57.5450236358497,2.08914662566382,0.697118324180292,0.0027280084769535,0.0190345525162505,Solyc06g076060.1,up,2.99683217783773,1.11655921779834
root,246.728798307362,1.81211577784667,0.52690407494832,0.0005834880510268,0.0067384841706495,Solyc06g076070.1,up,3.43917586521686,1.20163729546799
root,21415.2473313383,1.32339159089708,0.419880795843495,0.0016225242407798,0.0134585731663272,Solyc06g076140.3,up,3.15182690896481,0.835033644442484
root,1409.2357021182,3.05518586017342,0.56959768736609,8.15067364067256e-08,1.09250175856251e-05,Solyc06g076160.3,up,5.36376099822506,2.78261340515436
root,1412.41388397363,1.672976696397,0.625932599796537,0.0075226798083032,0.036841348356047,Solyc06g076300.3,up,2.6727745078956,0.802028037816799
root,352.659846971423,-1.93052849070286,0.339061212454053,1.2428178624305e-08,2.5147941439411e-06,Solyc06g076400.3,down,-5.69374620213885,-1.79941087282789
root,528.184964253151,1.01523855935239,0.368980385927339,0.0059328406152734,0.0316277612379768,Solyc06g076450.3,up,2.75147026257465,0.637560001530237
root,118.997988837778,1.08919109952076,0.30829075250341,0.0004108731223154,0.0053438899789896,Solyc06g076470.3,up,3.53299958132448,0.791834425188453
root,700.326856976108,-1.05873717658536,0.21246218150985,6.25478931486072e-07,5.55383064733877e-05,Solyc06g076490.3,down,-4.98317944898008,-0.903775901790337
root,43.3178636139044,2.43093867752447,0.594699316261785,4.35714344552213e-05,0.00113015858249,Solyc06g076550.3,up,4.08767693362266,1.97269032261644
root,28.8528688562976,3.28153753812259,0.951756439608371,0.0005650147927376,0.0066277431986456,Solyc06g082020.3,up,3.44787531931266,2.03035468407604
root,92.8685395107903,3.50042912848804,0.767036202499314,5.02892420195443e-06,0.0002485448332497,Solyc06g082420.3,up,4.5635774648996,2.95359394807144
root,150.17095673064,1.50386333283657,0.36036706412084,3.00426094040185e-05,0.0008732274479256,Solyc06g083030.3,up,4.17314311590996,1.1757435601748
root,18.7814641087836,1.57508029236362,0.533704849313308,0.0031652163615348,0.0209857634253744,Solyc06g083120.1,up,2.95121975074837,0.881527879968472
root,162.71691696406,1.10933478186733,0.404050547451628,0.006041238593996,0.031943196359596,Solyc06g083270.3,up,2.74553465863113,0.664600378140479
root,1252.96416373057,2.53552975127733,0.529716908094867,1.69651492245586e-06,0.0001137171332139,Solyc06g083440.3,up,4.78657507912367,2.2644553533846
root,205.306655575945,2.59610624771978,0.760804260683931,0.0006441286922189,0.0071643996823757,Solyc06g083470.3,up,3.4123182293774,1.67286735027936
root,65.388702866568,1.62485169293938,0.612065553398486,0.0079378480850884,0.0380597118028257,Solyc06g083900.3,up,2.65470207221664,0.781411227886592
root,36.6796915858728,3.4363999965547,0.861019896495748,6.57728589683681e-05,0.0015171032940372,Solyc06g083910.3,up,3.99108082233692,2.6229032596497
root,227.914404289567,1.49954622618919,0.567516466872734,0.0082346168037547,0.0389239164461398,Solyc06g084090.3,up,2.64229553452846,0.743534053759075
root,144.804491463824,-1.78069293027906,0.358556492292948,6.82484210604686e-07,5.88614660982173e-05,Solyc06g084180.3,down,-4.96628277148639,-1.57256809520127
root,90.0481628249615,-1.6371964147025,0.539824049824691,0.0024226930206108,0.0175948288676305,Solyc06g084320.1,down,-3.03283341161659,-0.938822083129079
root,89.8611306123844,-1.41616559123856,0.449516885480148,0.0016303763222434,0.0135024161059783,Solyc06g084330.3,down,-3.15041689641068,-0.877075903175518
root,29.1649702690934,1.22073949900514,0.451595810710235,0.0068681951815156,0.0346954133600271,Solyc06g084420.1,up,2.70316834225112,0.686700461049701
root,158.417983911136,-1.46278375075145,0.404835834461024,0.0003023521439574,0.0043254238731749,Solyc06g084760.2,down,-3.61327636101908,-1.02451987402851
root,471.251996856848,3.87498859549874,0.700699228971076,3.19913465765505e-08,5.53951214525161e-06,Solyc07g005090.3,up,5.5301739109787,3.43941475241739
root,31.0774191685995,4.843876516353,1.09700488306066,1.00754928754559e-05,0.0004173467171759,Solyc07g005110.3,up,4.4155469051683,3.67930023069882
root,68.3818053522727,1.04045184273935,0.390702756785651,0.0077441287011436,0.0375001265213243,Solyc07g005300.1,up,2.66302662233368,0.628056275559006
root,1226.25564174627,5.80589520470825,0.897268393354596,9.759268345989959e-11,7.08186355424182e-08,Solyc07g005380.3,up,6.47063381225531,5.06246874276316
root,218.516484186362,1.37700818332763,0.391610407102304,0.0004376545861196,0.00557843919461,Solyc07g005410.3,up,3.51627065663733,0.948156864073311
root,228.25629851349,-1.27710378439824,0.439024239959473,0.0036263369988587,0.0228960803492297,Solyc07g005480.3,down,-2.90895961579738,-0.756316579274457
root,9782.65600498632,1.06101101100158,0.241791759587591,1.14335222128871e-05,0.000447224984104,Solyc07g005560.3,up,4.38811898640087,0.864796955968852
root,387.547919790749,1.93015139214668,0.69068115201183,0.0051970053220345,0.0289174457950544,Solyc07g005630.3,up,2.7945621312012,0.938072773332166
root,1067.27660686048,1.4463691517422,0.397854152477013,0.0002775221338351,0.0040615392877666,Solyc07g005760.3,up,3.63542555164299,1.01895091362431
root,638.496360302233,2.83705906339941,0.670889334468131,2.34937586573704e-05,0.000730284574868,Solyc07g005920.2,up,4.22880334749781,2.35203034753232
root,49.0818301821689,2.5373115917736,0.662017891463978,0.000126747892344,0.0023667104227939,Solyc07g006020.3,up,3.83269338259517,1.93043224300202
root,10.8537639003334,3.54978798309426,1.06416871730884,0.0008507331187168,0.0086403608833388,Solyc07g006095.1,up,3.3357379571082,1.97802154126927
root,108.336341714318,-1.46501000742055,0.562713693653414,0.0092284488719124,0.0420718106716909,Solyc07g006300.3,down,-2.60347317640163,-0.720989320333412
root,110.728624594352,1.3482794055718,0.435597499532606,0.0019665278643273,0.0152773467722526,Solyc07g006360.1,up,3.0952413799861,0.831770165246225
root,98.4830724874581,2.71608239694513,0.837079433020302,0.0011756911260477,0.0107879246630282,Solyc07g006420.1,up,3.24471285496183,1.58146674357013
root,348.892538581867,1.02711858515507,0.381404157327981,0.0070813834113049,0.0354092264432243,Solyc07g006770.2,up,2.69299263109978,0.630146884890434
root,295.673351495951,6.37865667477367,2.11525467561507,0.0025651346729854,0.0182367209656435,Solyc07g006800.1,up,3.01555020693614,1.37762678758162
root,340.713001996278,1.64465633815068,0.401694968537916,4.23461085612708e-05,0.0011049736402293,Solyc07g007050.1,up,4.09429160673056,1.28109534638085
root,9783.60067339562,3.16951789071747,0.794319617979279,6.60092810763377e-05,0.0015198023095956,Solyc07g007240.3,up,3.99022990113301,2.4598364584078
root,140.457271341375,1.52733295117715,0.511386319617473,0.0028205062783854,0.0194488267588831,Solyc07g007325.1,up,2.98665195486579,0.874845072457292
root,307.799439531051,-1.10570290337339,0.385819803103037,0.0041588709885729,0.0251419939912463,Solyc07g007840.2,down,-2.86585316378408,-0.688151843015902
root,389.838502688267,-1.42831993425919,0.356288498411082,6.10058847145507e-05,0.0014360266643545,Solyc07g007950.1,down,-4.00888589058862,-1.08391797931398
root,70.8966398313527,1.23897210966098,0.443975043361341,0.0052604825393638,0.0291626961428802,Solyc07g008020.3,up,2.79063458225199,0.714013544650167
root,19.9114767664697,1.17586111190649,0.412667233650836,0.0043799405140834,0.0259131856639266,Solyc07g008107.1,up,2.84941719628121,0.707819141788498
root,1632.99960458706,2.03529093492334,0.586638868603385,0.0005216022043569,0.0063011462620481,Solyc07g008130.3,up,3.46941030308607,1.36526321767657
root,1806.41189100213,1.41764255896135,0.450695026778595,0.0016582664915822,0.0136956672091279,Solyc07g008140.3,up,3.14545862441427,0.876372308496791
root,4928.41657315978,1.20214505605442,0.236255659273769,3.61244115532185e-07,3.58718472567436e-05,Solyc07g008250.3,up,5.08832279298501,1.02523826855854
root,324.21016243086,1.8807028886061,0.478202163571887,8.39405993616566e-05,0.0017933461654484,Solyc07g008280.3,up,3.93286152149201,1.44227928695411
root,37.2517809390206,-1.48984156223262,0.529146974142577,0.0048693303840434,0.027754655634293,Solyc07g008480.2,down,-2.8155534001621,-0.801835923038581
root,18.7574913012436,3.10393341506977,1.01604958445092,0.0022513295980136,0.0167824938223872,Solyc07g008520.3,up,3.05490348362001,1.5029263286888
root,130.00163458208,-1.2000372139696,0.399479480711235,0.0026645345295097,0.0186970538976338,Solyc07g008540.3,down,-3.00400213756423,-0.750245203656565
root,4576.24893326671,1.92196872702745,0.393011816475106,1.00652427339431e-06,7.90346895869771e-05,Solyc07g008560.3,up,4.89035862653049,1.70566476061026
root,1901.20952508815,2.32858069761729,0.500580853044309,3.29118099595084e-06,0.0001851861306919,Solyc07g008930.1,up,4.65175742031662,2.05376268847261
root,219.30280446804,3.74304077135623,0.971775488581463,0.0001172744843726,0.002255872256982,Solyc07g008950.3,up,3.85175466487644,2.66886142474277
root,19.7665951261241,5.37813318971868,1.60152705415151,0.0007847220471709,0.0081670082891515,Solyc07g009020.2,up,3.35812821630292,2.2026502389049
root,38.9383648587211,6.26671840252505,1.71206231135642,0.0002518875499241,0.0038288363074801,Solyc07g009030.3,up,3.6603331321277,2.88869649490296
root,25.769283963977,4.55036241329741,1.43380685687825,0.001505490996342,0.0128682179232423,Solyc07g009040.3,up,3.17362299633904,1.8446900278606
root,54.3335640600688,5.36871118590823,1.65926027923031,0.0012138514705313,0.0110533493491398,Solyc07g009050.3,up,3.2356051989617,1.93949266432146
root,85.2339836455732,4.16293557055898,1.03654418694569,5.91521014920464e-05,0.0014097359272917,Solyc07g009060.3,up,4.01616797719507,3.02243025697738
root,48.7033489192491,4.36479712093842,1.33490847227442,0.0010764823198561,0.0101357914716116,Solyc07g009070.3,up,3.26973512536157,2.01130885684459
root,19.0953840626315,4.78265224735206,1.04123194433241,4.36368377810761e-06,0.0002256249666498,Solyc07g009080.3,up,4.59326307974397,3.75780824142678
root,72.3224633494351,7.84849796822957,1.24360550007702,2.77088899009994e-10,1.46120430907649e-07,Solyc07g009090.3,up,6.31108335219126,6.60447151639559
root,77.2579918344416,4.79932557631759,1.49379538951128,0.0013142948532608,0.011679907471293,Solyc07g009100.3,up,3.21283999804536,1.91800087998216
root,22644.3658453003,1.96053228637057,0.430003693318978,5.13150629158867e-06,0.0002511335311632,Solyc07g009230.3,up,4.55933824948858,1.68563271197703
root,152.92908943311,2.50386640162272,0.918343355102444,0.0064009267478558,0.0331042276927695,Solyc07g009260.3,up,2.72650353237805,1.04007193726143
root,352.618254482814,2.90570445491231,0.905288438021405,0.0013287349304956,0.0117684755376051,Solyc07g009290.3,up,3.20970017165248,1.62056839272664
root,59.1908573809844,2.08330258380708,0.540299101453351,0.0001153366634497,0.0022383491740912,Solyc07g009380.3,up,3.85583203489179,1.58510047623166
root,235.890393534458,1.26624366484206,0.316186013724472,6.20849917464488e-05,0.001454918225292,Solyc07g009410.3,up,4.00474280922963,0.964480523062806
root,314.730588058005,1.46489070096224,0.532770215971491,0.0059672935185265,0.0317313449042976,Solyc07g009435.1,up,2.74957318755338,0.771314376109586
root,13078.8315170221,3.37042859130133,0.724200816093188,3.25561179030797e-06,0.0001841696089119,Solyc07g009500.2,up,4.65399722895043,2.89074844681003
root,770.001456346826,1.0584715166228,0.356468432198795,0.0029845233182608,0.0201496017675586,Solyc07g014670.3,up,2.96932749442597,0.690977505212614
root,17.7033084789673,-2.56957212529695,0.670041692878677,0.0001255930925022,0.0023587708408998,Solyc07g016080.3,down,-3.83494363501081,-1.95533303296679
root,4417.3321684412,1.20531170131878,0.436154759887683,0.0057185886877228,0.0308648320965475,Solyc07g016215.1,up,2.76349546575891,0.697116643454071
root,113.894723905548,1.00314191824741,0.37748179696524,0.0078732463798799,0.0378621107902636,Solyc07g017540.3,up,2.65745772726568,0.616607657228139
root,1408.28829713527,4.17384639913205,0.863173387961278,1.3283343685417e-06,9.57310563410671e-05,Solyc07g017570.2,up,4.83546696103574,3.49209391101109
root,4.006683046112,-1.6135469410421,0.579496952169896,0.0053628102196976,0.0295122851107001,Solyc07g017683.1,down,-2.78439245452501,-0.830931673830005
root,21.0556944694414,2.85388646881593,0.671443532546268,2.13413387356082e-05,0.0006846534686217,Solyc07g017870.2,up,4.25037449983819,2.37358233898911
root,459.004780293459,5.20686864361847,0.815147025464228,1.68461440939801e-10,1.04267722445211e-07,Solyc07g017880.3,up,6.38764355504229,4.58625605640293
root,835.797462198472,1.5713532194424,0.589717738114637,0.007708331315904,0.0374110065064308,Solyc07g018010.3,up,2.66458530561776,0.771006855604877
root,77.203814514147,3.58868762805103,0.697124019918057,2.63493604588717e-07,2.78641176631405e-05,Solyc07g018200.1,up,5.14784676114426,3.16245153697841
root,227.782480097915,1.49278863723905,0.495706311538531,0.0026001381712639,0.0183738440819604,Solyc07g018300.3,up,3.01143762443909,0.868840678863411
root,1692.58322102323,-1.26103690891687,0.342468457132857,0.0002312310695139,0.0036034231881638,Solyc07g018360.3,down,-3.68219870371205,-0.910775322341787
root,11.3875975431381,3.85529257448622,1.08930838098154,0.0004013244174548,0.0052652562599246,Solyc07g018370.2,up,3.53921133977904,2.34685287114488
root,98.2960298961819,-1.44447929527102,0.331045891667967,1.28067721043571e-05,0.000479547530541,Solyc07g018390.2,down,-4.36338082310293,-1.15691063728595
root,47.4799807637749,3.67360257831169,1.06641402044213,0.0005714432937188,0.0066770975419313,Solyc07g018430.3,up,3.44481834249389,2.16242692360142
root,77.8060898459382,-1.31643581757218,0.338404530094351,0.0001001927262887,0.0020234699923422,Solyc07g019650.3,down,-3.89012468953988,-0.981467419057037
root,120.120913493024,-1.0073008366601,0.375918782550363,0.0073716703708901,0.0363538148143547,Solyc07g021120.2,down,-2.67957038439587,-0.621929530283742
root,165.233320146891,1.29406680934735,0.311719531335968,3.30473834993087e-05,0.0009360015321123,Solyc07g021750.1,up,4.15138186497726,1.0050553791632
root,1306.81145071266,-1.07417924348018,0.330886314170856,0.0011688701663172,0.010748802413773,Solyc07g022910.3,down,-3.2463695156806,-0.742970896398793
root,64.4608241394768,-1.23549561851184,0.29632514154925,3.05413551816909e-05,0.0008828465363234,Solyc07g025250.2,down,-4.16939181080758,-0.964741577736968
root,24.7712284907873,-1.1384486815358,0.391456860054519,0.0036347467052823,0.0229216690638186,Solyc07g025490.2,down,-2.90823535798363,-0.707810038138939
root,525.041779585756,-1.44791513875414,0.292926293117275,7.6955804800858e-07,6.40101958983896e-05,Solyc07g026620.3,down,-4.9429333343404,-1.23436822240764
root,2086.35109456398,1.57583383451179,0.499173825209858,0.0015946479953321,0.0132954724301784,Solyc07g026650.3,up,3.15688394488491,0.95595792270223
root,8.55600736763297,-2.03364222947037,0.747298098945507,0.0065020477761466,0.0334395119289069,Solyc07g026705.1,down,-2.7213266464079,-0.925808344592807
root,20.34060383901,-1.69878364677088,0.538511903769458,0.0016072443107218,0.0133677430005375,Solyc07g026710.2,down,-3.15458884915967,-1.01690320206006
root,249.54776381985,-1.51632797282983,0.486303827723688,0.0018204134433128,0.0145716167748482,Solyc07g032170.3,down,-3.11806711439539,-0.914148855933239
root,717.709058183747,-1.5842859585384,0.388669242790416,4.57815015225606e-05,0.0011635578720299,Solyc07g032385.1,down,-4.0761804231386,-1.22466558752907
root,106.484138277616,-1.10520157968669,0.212812882547989,2.06596587749825e-07,2.27624010084153e-05,Solyc07g039190.3,down,-5.19330205227338,-0.952214319576576
root,3.67303971468936,-2.38660858229442,0.871051792123672,0.0061454922828921,0.0323152772616649,Solyc07g039195.1,down,-2.73991581657359,-1.02623854674602
root,30.9506034505202,2.30147724241155,0.646364063597764,0.0003699356456473,0.0049553951158518,Solyc07g039570.3,up,3.56065160801354,1.59851329961931
root,17.3519938239244,2.55085822566101,0.655412298028142,9.94252715150158e-05,0.0020118321286173,Solyc07g040880.3,up,3.89199017677187,1.97364829135691
root,1775.00006380653,2.08242198478193,0.546109420724608,0.000137181513887,0.0025103024158602,Solyc07g040890.1,up,3.81319549847512,1.56611395472281
root,1387.40800002491,-1.07009733085816,0.306783495838983,0.0004864315903639,0.0060179108686766,Solyc07g040990.3,down,-3.48811896784633,-0.775953398197076
root,2.17870214691095,-3.35411402300276,1.07915805989106,0.0018830446560365,0.0148587642401916,Solyc07g041300.2,down,-3.10808411451919,-1.62379265509347
root,20.1840601041602,-1.67333242121366,0.653094513761169,0.0104023483807268,0.0457008391073099,Solyc07g041325.1,down,-2.5621596659524,-0.75407845340397
root,68.4792806298264,-1.63849849966735,0.42290564288727,0.0001068951155763,0.0021224077163721,Solyc07g041620.1,down,-3.87438315667995,-1.22078219823186
root,21.9262350264365,-2.43468394958135,0.898766031210614,0.0067502914618611,0.03428750507444,Solyc07g042100.3,down,-2.70891852276826,-1.01198147906942
root,150.941057458387,-1.17414955356748,0.287961818941593,4.55325654135586e-05,0.0011612539485693,Solyc07g042260.3,down,-4.0774487322072,-0.911188001428815
root,309.655107256817,-1.28792574071625,0.207131072347517,5.037680843256621e-10,2.12025911330985e-07,Solyc07g042500.3,down,-6.21792629236918,-1.16668594234182
root,1087.12201727237,2.27899720671651,0.289037693015762,3.15102483819237e-15,1.1051694449153399e-11,Solyc07g042510.3,up,7.88477510645032,2.21657792317832
root,1225.85873144263,1.83038367112713,0.614479443589204,0.0028942216095123,0.0197722310496105,Solyc07g043000.3,up,2.97875492862018,0.998529575545838
root,44.8151684430801,1.99085712835993,0.553401205165046,0.0003212987683704,0.0045166408026637,Solyc07g043070.3,up,3.59749330102413,1.39725689983918
root,377.147122075975,1.23187840103843,0.321744842971822,0.0001287992797794,0.0023922099665696,Solyc07g043150.1,up,3.82874326643463,0.915958294780191
root,112.283339587339,-1.63365821666018,0.471832578936883,0.0005354436726834,0.0064258586507189,Solyc07g043160.2,down,-3.46236841114507,-1.09342645734746
root,60.6335752745567,2.06395237535394,0.470097559789939,1.13102443143944e-05,0.0004440536965524,Solyc07g043170.3,up,4.39047668376795,1.74637978152026
root,100.934407232851,2.82684928044507,0.982573562769026,0.0040149483673624,0.0245540753974934,Solyc07g043400.1,up,2.87698487681536,1.24479210672514
root,41.5533755162634,5.04332530148347,1.04606166034819,1.42661074803081e-06,9.8441391440556e-05,Solyc07g043640.3,up,4.82125049856505,4.02327160890461
root,13.5100450194919,5.95434758403406,1.2582675049765,2.22121946681114e-06,0.0001412185572796,Solyc07g043670.1,up,4.732179413745,4.47401221409428
root,13.76849246263,6.43791500668742,1.52434094872222,2.40634749182039e-05,0.0007454828778812,Solyc07g043700.2,up,4.22340881945342,4.10664966908723
root,4.39809400781355,-2.57105280578502,0.865463444000589,0.0029709889692915,0.0200910723901982,Solyc07g045140.3,down,-2.97072374761477,-1.27057240910023
root,26.7959002159271,-2.22055762818584,0.644773842589563,0.0005733186957761,0.0066797458394031,Solyc07g045145.1,down,-3.44393255667377,-1.47246761328912
root,66.9388341606282,-2.87068423619236,0.501875340157479,1.06577419132812e-08,2.26546990730393e-06,Solyc07g045180.3,down,-5.71991490016543,-2.66534354396696
root,253.143135858012,-1.67388517489478,0.186867254433884,3.31772534943177e-19,6.981821225344211e-15,Solyc07g045185.1,down,-8.95761635694721,-1.63280068533486
root,2738.07111280168,1.50075738248447,0.335266392658262,7.59430499839821e-06,0.000335744862156,Solyc07g045350.3,up,4.47631321047498,1.22429087891426
root,636.02633759117,1.19860873923134,0.365233330756951,0.0010316076428679,0.0098607570538292,Solyc07g045440.1,up,3.28176165287873,0.80565744058312
root,307.921486552923,1.04299082283264,0.379302328684185,0.0059638711571447,0.0317313449042976,Solyc07g047710.3,up,2.74976119036974,0.645674630576526
root,231.604635036173,2.23142186525897,0.626583700262892,0.0003690919525135,0.0049472427061758,Solyc07g047740.3,up,3.56125105763643,1.55072406922488
root,91.5794456110893,6.45209899126137,1.91630013005592,0.0007600270287244,0.0080010048986878,Solyc07g047750.3,up,3.3669564021128,2.12950910215511
root,181.343515084707,1.03130397347527,0.353903903012474,0.0035673948315299,0.0226316334291593,Solyc07g048085.1,up,2.91407911779632,0.671655341877638
root,158.368597079633,1.12050726368926,0.402103863071229,0.005326228516708,0.0293564124998447,Solyc07g049200.3,up,2.78661153645961,0.676648066014314
root,265.214049492338,7.59320456029098,1.52765023845727,6.67761663197929e-07,5.82727268724313e-05,Solyc07g049240.3,up,4.97051247015753,5.54945003787887
root,223.428230103463,-1.38735737472146,0.390788933827866,0.0003850190410045,0.0050990186903081,Solyc07g049290.3,down,-3.55014498781218,-0.961950229251086
root,7358.09866513532,2.67700926335809,0.49881215185038,8.01599070307317e-08,1.08133659202226e-05,Solyc07g049530.3,up,5.3667683383966,2.46805697194886
root,357.490800436685,2.50049894111197,0.651225787841876,0.0001231945417853,0.0023323405164036,Solyc07g049550.3,up,3.83968047303299,1.90713852131104
root,44.1848495570068,-2.12641926543056,0.714153467833599,0.0029057338653411,0.0198000271729426,Solyc07g051820.3,down,-2.97753824801986,-1.11899607513319
root,132.374097055708,-3.28313932488368,0.60492175196936,5.7187763012458e-08,8.59613774881547e-06,Solyc07g051940.3,down,-5.42737852324737,-2.97211979266498
root,57.0409969939064,2.73314039827276,0.732543673169068,0.0001907006012336,0.0031799551920459,Solyc07g052070.2,up,3.73102723889332,2.00184789224534
root,89.5104464430122,5.60139136022411,0.982034793082858,1.17122616964293e-08,2.41640034450645e-06,Solyc07g052120.3,up,5.70386242898779,4.70984745289356
root,8.37923049200667,-3.05644369421424,0.976462217191961,0.0017473504244244,0.0142003193237576,Solyc07g052207.1,down,-3.13011977360858,-1.5796764752171
root,94.2682909345027,-1.12835780090064,0.319329582091017,0.0004100634309055,0.0053399596782027,Solyc07g052290.1,down,-3.53352105217432,-0.812432297716545
root,599.586205242298,5.37295548379705,1.05613825491834,3.63082278354229e-07,3.58718472567436e-05,Solyc07g052370.3,up,5.08735997278358,4.34000736739697
root,49.8451910569001,1.66747283769562,0.416775552634731,6.31048833757103e-05,0.0014690035019451,Solyc07g052440.3,up,4.00088927278567,1.27804434954726
root,2259.71843103918,3.01117661018749,0.623230786112752,1.35467736493246e-06,9.66367134496227e-05,Solyc07g052510.3,up,4.83155947569432,2.66467430520206
root,13.5615477864374,-2.82156134132631,0.68118166575789,3.44054824399749e-05,0.0009637444965692,Solyc07g052610.3,down,-4.1421569063915,-2.3025338198497
root,6.7805812736353,1.86813082237096,0.561191468789731,0.0008720055842624,0.0088011920936299,Solyc07g052620.1,up,3.32886532719355,1.18809547425896
root,6.35498567284031,-1.72077815008786,0.654872609115817,0.0085976101226234,0.0401348951686973,Solyc07g052650.2,down,-2.62765326589424,-0.794508845813982
root,31.8999833770084,-1.51186426027388,0.554132250654337,0.0063652890461259,0.0329604189681777,Solyc07g052930.3,down,-2.72834555016176,-0.778018378710667
root,783.768979042553,-1.10588130586545,0.358822154348673,0.002056313430121,0.0157549739005893,Solyc07g052940.3,down,-3.08197610560815,-0.728971144041659
root,1108.16921851844,-1.17396198048727,0.301580263871058,9.9134052456405e-05,0.002007870067269,Solyc07g052980.3,down,-3.89270161587629,-0.888268420390018
root,10.4775068147732,-1.99583882505145,0.68822666313541,0.0037319465955823,0.023304852826377,Solyc07g053000.1,down,-2.89997312216711,-1.02091061203107
root,106.216054753311,-1.87563012003367,0.5438288945918,0.0005628036492771,0.0066190245063678,Solyc07g053010.2,down,-3.44893428555598,-1.24804864293279
root,597.470721126596,1.28118233395696,0.330762417351148,0.0001073178843811,0.0021245508550484,Solyc07g053140.3,up,3.87342172734459,0.954895374933756
root,244.864482342417,-1.32029845875161,0.355947473532157,0.000207873422789,0.00337176980861,Solyc07g053250.3,down,-3.70925082189783,-0.952386045002986
root,129.775503382703,2.56031508506037,0.658970301116881,0.0001021922551137,0.0020539960044075,Solyc07g053420.3,up,3.88532697258272,1.97706562852999
root,23.2390362204075,1.87115992705985,0.709319522989079,0.0083405241105265,0.0392657694366714,Solyc07g053450.3,up,2.63796479078253,0.836985416702317
root,1828.12065097242,1.11811302654156,0.315207118418181,0.0003893004372256,0.0051395473029963,Solyc07g053480.3,up,3.54723279141865,0.808992868673272
root,44.6372490689327,-1.08991736960095,0.335671813809641,0.0011663938934723,0.010732659857557,Solyc07g053520.2,down,-3.24697315878611,-0.750065565747442
root,31.5264945084263,-1.1676692965693,0.418743886368498,0.0052951978567772,0.0292780198891278,Solyc07g053530.1,down,-2.78850470318686,-0.691547688912675
root,438.457666077602,2.44875078139689,0.504080705483709,1.18664486536106e-06,8.88674539026979e-05,Solyc07g053540.1,up,4.85785461486193,2.20099980991368
root,4039.26650152468,1.3335987933928,0.476615175594754,0.0051410249276483,0.0287326959852747,Solyc07g053550.2,up,2.79806196210317,0.745582322053407
root,287.525605985441,-1.03151874881541,0.331600407388156,0.0018662661239888,0.0147862916234841,Solyc07g053620.3,down,-3.11072823142815,-0.703831345387676
root,187.255035559989,-1.42407433404492,0.468014330655496,0.0023438750866328,0.0172584000430724,Solyc07g053630.3,down,-3.04280070238528,-0.849665991212056
root,139.949476398171,-3.54018357329439,0.872653031296362,4.97484878965306e-05,0.0012409607156661,Solyc07g053750.1,down,-4.05680544996825,-2.72949320408066
root,95.9138558816935,-1.57577046248056,0.470241217657654,0.0008052516139635,0.0083182079093405,Solyc07g053900.2,down,-3.35098328966084,-1.02122317487655
root,7.74083645300806,2.95147680620939,0.966062801733786,0.0022494019304736,0.0167740659903925,Solyc07g054130.2,up,3.05516039010342,1.46535388020972
root,1937.4830696218,-1.68987586395872,0.452978908134127,0.0001910364405791,0.0031830331397842,Solyc07g054145.1,down,-3.73058399323606,-1.21986862685333
root,18.9567760092235,1.50170204721572,0.439328063438121,0.0006304158599039,0.0070830065968069,Solyc07g054170.3,up,3.41817919725775,0.997813468148461
root,16.6965297642515,-2.24905382966549,0.713326288427078,0.0016165144970588,0.0134140106766983,Solyc07g054280.1,down,-3.1529103387242,-1.29286976413909
root,12.3696373688421,-1.24340105753879,0.490417240928663,0.0112320832471855,0.0482285165994227,Solyc07g054340.1,down,-2.53539425976187,-0.648150836914096
root,9.36707602591505,-4.37820294365742,0.878470470088675,6.23175066488133e-07,5.55383064733877e-05,Solyc07g054580.3,down,-4.98389313327228,-3.67236828271551
root,8432.98756126124,4.6505173665788,0.808983065127335,8.99871832233079e-09,1.99365210135336e-06,Solyc07g054720.2,up,5.74859668520602,4.04751444782756
root,349.16751003822,1.65300337834778,0.351234421625804,2.52292594088896e-06,0.0001525645215519,Solyc07g054730.1,up,4.70626816898046,1.40570319248673
root,166.720115038585,2.94285048041628,0.730435727310248,5.60391071856151e-05,0.0013477565389875,Solyc07g054880.3,up,4.02889723268742,2.33233630045267
root,498.563248553525,1.25208396200466,0.339178419063815,0.0002229177490469,0.0035250312760912,Solyc07g055080.3,up,3.69152013108795,0.906913072512177
root,8.87145355863238,-2.61510804924416,0.667708079785875,8.98274408985085e-05,0.001880924046038,Solyc07g055220.2,down,-3.91654396346797,-2.03494183351948
root,121.395663746246,1.37681016113179,0.43152178211402,0.0014198138322759,0.0123363180373304,Solyc07g055270.1,up,3.19059249891584,0.869416303583546
root,436.900414428426,1.16141822197725,0.246693429910574,2.50230957865394e-06,0.0001521924935641,Solyc07g055280.3,up,4.70794144131955,0.963631285877729
root,466.611319265662,-1.14890125297279,0.404336043307531,0.0044908683563114,0.0263835381603066,Solyc07g055440.2,down,-2.8414514906329,-0.697293775589043
root,6.06459942079822,2.87011311287458,0.847786545660984,0.0007106954860444,0.0076618216231145,Solyc07g055495.1,up,3.38541951103608,1.78698388461904
root,137.345132086941,2.39079926434261,0.534397568060687,7.68339337353884e-06,0.0003389713420393,Solyc07g055560.3,up,4.47382137800281,2.06753167896401
root,22.0758233650612,3.88220440658614,0.835220000111126,3.3497088339514e-06,0.0001856591420318,Solyc07g055580.2,up,4.64812193921315,3.2384073118018
root,97.7470797622571,1.49473491930776,0.524609689070326,0.0043824856385627,0.0259131856639266,Solyc07g055640.1,up,2.84923239209825,0.815097585471208
root,701.894787341124,-1.07479645516886,0.285769142158446,0.0001691911297418,0.0029064964361526,Solyc07g056020.3,down,-3.76106547771674,-0.812681612629229
root,36.0232705689637,-1.39985220299826,0.318351855156203,1.09663551479991e-05,0.0004379050810901,Solyc07g056040.3,down,-4.39718563069597,-1.12357769500707
root,97.0724906335092,4.3657601975961,1.29311853082844,0.0007350823024026,0.0078348638538193,Solyc07g056090.1,up,3.37614850728274,2.20003142169448
root,17.6427437585827,3.13899273258294,0.622512509230492,4.59591387504139e-07,4.39620052665323e-05,Solyc07g056100.1,up,5.04245727762669,2.8035391494122
root,2590.85839627182,2.3167791181086,0.519065499795403,8.06821975841336e-06,0.0003500775599918,Solyc07g056420.3,up,4.463365642721,1.99883558381783
root,42.5333644129758,3.32788736624517,0.777412648379266,1.86288015150303e-05,0.0006264489584429,Solyc07g056600.1,up,4.28072192185589,2.72359457766019
root,110.249196909894,1.86653705813803,0.446993925561419,2.96999520934727e-05,0.000864461676148,Solyc07g056670.3,up,4.17575486242612,1.50331668485129
root,9.10591965694216,4.41141365690975,1.12695927618184,9.06145366651604e-05,0.0018898833593475,Solyc07g061710.2,up,3.91443927934618,3.02178487563861
root,26.8906309850067,2.19429762475367,0.685992397647872,0.0013803914991481,0.0120835934725764,Solyc07g061890.1,up,3.19872003287131,1.29766066182929
root,123.029933920464,-1.21726980283158,0.351660798672508,0.0005371971142307,0.0064328806215588,Solyc07g062220.3,down,-3.46148847817749,-0.847743224763728
root,514.365469250082,2.26826463735757,0.514162176223777,1.02621731651378e-05,0.000420818747534,Solyc07g062480.1,up,4.41157428968551,1.94126138823091
root,1881.19126861502,1.48297748208755,0.440929088555748,0.0007701618976292,0.0080633268525915,Solyc07g062490.1,up,3.36330153890505,0.971423934568955
root,481.819439447121,-1.14153860192599,0.360975656504582,0.0015649056776382,0.0131727701316731,Solyc07g062530.3,down,-3.16237004173577,-0.758115932492971
root,103.27865054138,1.3004239665066,0.4490799290415,0.003782515608222,0.0235222394974662,Solyc07g062810.3,up,2.8957516967685,0.761135027857351
root,2701.22379773411,1.19037847618933,0.340841907474696,0.0004785840803553,0.0059488029456571,Solyc07g063510.3,up,3.49246512850743,0.838825827640348
root,71.7500305562312,-1.35626441145694,0.503322183445456,0.0070467942787143,0.0352825931004672,Solyc07g063610.3,down,-2.69462474745844,-0.722085060336009
root,477.932641898914,2.35339697988996,0.640760868512005,0.0002398919133445,0.0036983776003096,Solyc07g063700.2,up,3.67281632749374,1.70284608737555
root,225.268053291902,1.54317630393274,0.335825968299636,4.32403459097456e-06,0.0002246789726727,Solyc07g063733.1,up,4.59516669227873,1.28178428580898
root,2.74826791126249,-2.61806376095098,0.877464911545001,0.0028481585953387,0.0195551874324006,Solyc07g063905.1,down,-2.98366775298309,-1.29686057559352
root,156.035973189289,2.79656381504166,0.547658063877977,3.28345757075583e-07,3.33802324246308e-05,Solyc07g064600.3,up,5.10640488928281,2.53781127481262
root,109.444506945993,2.18224342308827,0.766604334398522,0.0044183864878457,0.0260741798233948,Solyc07g064870.3,up,2.84663590481843,1.0501697458078
root,331.342016477271,2.18893156367901,0.69387937239713,0.0016070265526626,0.0133677430005375,Solyc07g065110.1,up,3.15462838463832,1.26519737672824
root,516.510865057783,1.03208344159661,0.30434340742948,0.0006959224081423,0.0075818017366138,Solyc07g065320.3,up,3.39118054277471,0.744250106762004
root,1213.39411255418,1.14847304950865,0.423470157427919,0.0066868120111953,0.0341381057650643,Solyc07g065340.1,up,2.71205191053902,0.668555236363079
root,131.431364027516,1.42231541834831,0.422847420579337,0.0007691593145746,0.0080583550200107,Solyc07g065410.1,up,3.36366109647687,0.937530394897044
root,51.5983557435087,2.6005277786665,0.840786304245149,0.0019816340159619,0.0153540155493013,Solyc07g065590.3,up,3.0929711456245,1.39257834615619
root,2422.38765644516,1.2131180586794,0.327876846546525,0.0002156675543317,0.0034421873911108,Solyc07g065660.3,up,3.69991986764843,0.884882201655559
root,10.1592649067111,1.50936289118564,0.49916700336243,0.0024965163833429,0.0179244936100542,Solyc07g065940.1,up,3.02376335178097,0.879915758739509
root,30.6620862579682,9.18310717768237,3.06769972181987,0.0027581281149534,0.0191318628571695,Solyc07g066270.3,up,2.99348306888218,0.96597561248492
root,158.64159131666,2.24996871445191,0.543375144565898,3.46205187709793e-05,0.0009675354542051,Solyc08g005090.1,up,4.14072807148625,1.83976085476757
root,147.175806586588,1.35156088377921,0.396286978279722,0.0006482939805817,0.0071955161009297,Solyc08g005220.3,up,3.41056092644356,0.909858820536075
root,27.6191578628129,1.43509152754476,0.492917796550226,0.0035978816824061,0.0227722196822603,Solyc08g005250.3,up,2.91142161550771,0.814099858302748
root,102.889638216538,-1.01768608400105,0.293898971398526,0.0005347699937259,0.006423344605005,Solyc08g005300.2,down,-3.46270719886622,-0.746352540099373
root,21.1291404564572,-1.72844703444327,0.456473232265665,0.0001527690977825,0.0026974651737241,Solyc08g005510.2,down,-3.78652440552598,-1.26762942060328
root,9.34226875876929,7.08409396342392,1.60109074920819,9.66469055945187e-06,0.0004039444290078,Solyc08g005620.3,up,4.42454243579093,4.63411797599727
root,26.4119539608525,-2.79511457025366,0.747035780334465,0.000182847038231,0.0030782664580269,Solyc08g005630.3,down,-3.74160735514197,-2.04957054288111
root,12.4660038749608,-2.04567440027654,0.706757611241356,0.0037982368234649,0.0235851565987004,Solyc08g005640.3,down,-2.89444976288758,-1.03561280344049
root,37.9851718170261,-1.99823735444027,0.585879425638794,0.0006480510506698,0.0071955161009297,Solyc08g005665.1,down,-3.4106631279321,-1.31018881804912
root,2148.9633999668,1.34969467447003,0.405773179050828,0.0008802945012676,0.0088635968826202,Solyc08g005800.3,up,3.32622939157091,0.889451978154318
root,31.1772666686873,3.12041200481328,0.663968367283845,2.60621069171822e-06,0.0001567762789161,Solyc08g005880.3,up,4.69963955900222,2.71905440912456
root,70.1638580066898,4.89629256207833,1.14859024085687,2.01816617609404e-05,0.0006574348143919,Solyc08g005960.2,up,4.26287146443591,3.5832152417721
root,123.981543316898,1.63735123377664,0.527074739213438,0.0018932413668845,0.01489397058868,Solyc08g006050.2,up,3.10648777480797,0.967496528660819
root,99.0387311827196,1.31916810862149,0.42130241852612,0.0017411329053415,0.0141797216950496,Solyc08g006070.3,up,3.13116671211253,0.828116654791693
root,117.223022112402,-1.09241700834938,0.280242519414658,9.69451784647003e-05,0.0019820137860842,Solyc08g006240.2,down,-3.89811300095043,-0.838670147736201
root,479.269835871374,3.62015409786725,0.573856301285616,2.81811029697001e-10,1.46120430907649e-07,Solyc08g006330.3,up,6.30846797317897,3.33238736284474
root,1061.72266292966,2.19331341487338,0.567710199570806,0.0001118020723254,0.0021805030676711,Solyc08g006470.3,up,3.8634384524561,1.67890741203968
root,169.878769447556,1.23410401312288,0.364036815985817,0.0006987917324023,0.0076036055929036,Solyc08g006560.3,up,3.39005276095744,0.843431516443587
root,110.923556637913,-1.32745956164659,0.489538348964566,0.0066948046837678,0.0341394965698043,Solyc08g006605.1,down,-2.71165591920293,-0.719003712113433
root,1240.26260944077,1.04222680582111,0.406731152412247,0.0103937608597874,0.0456821853661999,Solyc08g006750.3,up,2.56244647020484,0.608037965194573
root,46.0382510624266,-1.02745973032791,0.341040926011036,0.0025892041115832,0.0183335165962843,Solyc08g006830.3,down,-3.01271680893413,-0.686717783999174
root,273.477634109863,4.12415071780364,1.10586785752352,0.0001919864540053,0.0031887631713399,Solyc08g006850.3,up,3.72933410601087,2.68895603461091
root,2.77228764792626,-2.97567758332931,0.833048243568118,0.0003542178938295,0.0048314118845936,Solyc08g006917.1,down,-3.57203512077988,-2.01745922483575
root,43.3885129304579,1.2402243299332,0.36603607574041,0.0007033830031239,0.0076181121552957,Solyc08g007120.3,up,3.38825709303242,0.846217501429001
root,39.073848547538,3.99197715874751,0.656582734549265,1.20234919050762e-09,4.36245454569695e-07,Solyc08g007230.2,up,6.07993014237261,3.60468269761148
root,115.11439522281,1.02715731719943,0.270931834893304,0.0001499199493535,0.0026623758769593,Solyc08g007270.3,up,3.79120201066048,0.788783802241381
root,3846.30632100223,3.07821701825149,0.590968163749947,1.90096965688534e-07,2.12787263082421e-05,Solyc08g007460.2,up,5.20876962088597,2.78112041735228
root,181.354006906064,-1.107227172375,0.383868574744265,0.0039217113736118,0.0241381965914851,Solyc08g007770.3,down,-2.88439128707693,-0.692337022081299
root,2381.86554451646,1.67635758757855,0.381270038897555,1.09872444034793e-05,0.0004379082788386,Solyc08g007790.3,up,4.39677240946009,1.37509517981546
root,139.65053693195,1.15427579146933,0.286196333697584,5.50316298480322e-05,0.001326558555008,Solyc08g007980.3,up,4.03316065078957,0.892891132706678
root,143.510986648541,2.3364251090093,0.552450387294841,2.34520143360663e-05,0.0007300653693612,Solyc08g008050.3,up,4.22920349544865,1.94613269452028
root,89.1742399224222,1.56939353437761,0.612951011779965,0.0104554809250857,0.0458576783216973,Solyc08g008150.1,up,2.56038982596702,0.729766838244264
root,1611.24036807395,1.91085095772747,0.498238178521068,0.0001254540713728,0.0023587708408998,Solyc08g008230.3,up,3.83521584676529,1.43347719097964
root,416.974791921547,1.64271886079765,0.34041817126308,1.39588715377804e-06,9.8441391440556e-05,Solyc08g008340.3,up,4.82559099210992,1.41264541891269
root,22.6400923610658,1.66040200174716,0.585619718810427,0.0045784038466792,0.0267113752563123,Solyc08g008360.2,up,2.83529045968594,0.867593127671065
root,43.5028232390157,1.15065335554555,0.401241872536536,0.0041342818199632,0.0250509146614763,Solyc08g008440.2,up,2.86773000103766,0.70348881397744
root,2712.18500107662,1.14099868363784,0.34017076678152,0.0007959658784028,0.0082473195199944,Solyc08g008590.3,up,3.35419381986656,0.791035380810146
root,10.7946057120344,4.22437540968276,0.957826254283742,1.03190544337914e-05,0.0004208414370246,Solyc08g008600.3,up,4.41037755103271,3.34186790373846
root,134.656534831742,4.39332986629902,1.42436069079437,0.0020394788086607,0.0156695115186044,Solyc08g013930.3,up,3.08442229183454,1.68491371804948
root,27.7208635143592,4.00392632839777,0.859506539828671,3.18674629017248e-06,0.0001826653884675,Solyc08g014090.1,up,4.65840123705852,3.32091005376547
root,52.50690014667,3.75850529825208,0.828448502730512,5.71141800761047e-06,0.0002725421327713,Solyc08g014110.1,up,4.53680015820451,3.1163190756944
root,34.5854954807815,-1.88483137372917,0.671051483495533,0.0049730678588677,0.0281250309115864,Solyc08g014190.3,down,-2.80877312707963,-0.931204287399968
root,26.5347137076873,3.12810178901015,1.03294762864836,0.0024591293949929,0.0177468857984332,Solyc08g014240.3,up,3.02832564038444,1.47642172276117
root,24.8004575394358,3.32967623685724,0.87935802273104,0.0001527931233168,0.0026974651737241,Solyc08g014330.3,up,3.78648531176892,2.39992139699448
root,564.451989340732,1.34187283724085,0.510010297926331,0.0085116481483053,0.0398130970511088,Solyc08g016150.1,up,2.63107008367638,0.699105123608497
root,3.44932090050674,-3.37485870024124,0.930327915181625,0.0002860666166922,0.0041488531231372,Solyc08g016415.1,down,-3.62760124163572,-2.2692633283216
root,87.9023335772639,-1.30817160269155,0.444327088210921,0.0032382885875942,0.0212957953241667,Solyc08g023490.3,down,-2.94416351692374,-0.776539681866053
root,405.982319278819,4.43754336503169,0.791578461777909,2.07124685606203e-08,3.89172489633655e-06,Solyc08g023510.2,up,5.6059425304029,3.86503037305817
root,7477.57214149257,2.65773191464993,0.551090632059901,1.41644500726956e-06,9.8441391440556e-05,Solyc08g029000.3,up,4.82267663435994,2.37579492025476
root,6.1583565739884,-2.45005404318085,0.588455800932845,3.13363285172449e-05,0.0009021090250573,Solyc08g029360.3,down,-4.16353112552704,-2.01892827543781
root,857.321834198446,2.3527491768496,0.660873062476268,0.0003707670315089,0.0049633723989021,Solyc08g036660.3,up,3.5600621517753,1.63279942780932
root,9.53021095345154,2.16591945524819,0.621728987384903,0.0004945269909424,0.0060938131493145,Solyc08g042010.3,up,3.48370350939951,1.46077663298233
root,10.6394297278224,-3.11740582105304,0.907740013485487,0.0005941966721832,0.0068143186754356,Solyc08g044265.1,down,-3.43424964719029,-1.94769272477508
root,244.900803623635,2.25501403317343,0.714524937376464,0.0015996932959629,0.0133269777198117,Solyc08g044510.3,up,3.15596267563903,1.29788098016262
root,658.585951620594,1.19072502686565,0.38860139724328,0.0021830434892322,0.0164129929215444,Solyc08g061490.3,up,3.06412955617915,0.759311653185168
root,904.59832507998,1.2116386894093,0.302790592035435,6.29227479184337e-05,0.001468011427046,Solyc08g061610.3,up,4.0015731045815,0.926875153170518
root,27.239527733245,5.15739463582091,1.28472030222871,5.95945580323698e-05,0.0014122836477851,Solyc08g061920.2,up,4.01441047274956,3.4097314980873
root,917.739358578421,1.42475327819489,0.34697588014687,4.02216647531096e-05,0.0010660260869829,Solyc08g062820.3,up,4.1062026489905,1.09855777495653
root,239.10997192855,-1.93594320421934,0.418801115413707,3.78989837540074e-06,0.0002029379679692,Solyc08g062960.3,down,-4.62258368702515,-1.67406603805067
root,136.662585423655,-1.40862244503975,0.426702504492287,0.0009627855292346,0.009389444525944,Solyc08g063045.1,down,-3.30118157313327,-0.914003615315157
root,12.4030497149645,-1.38772594663808,0.442984423151547,0.0017322150463216,0.0141344449146155,Solyc08g063090.2,down,-3.13267436530907,-0.859128527425499
root,961.2918829178,1.01706939396777,0.324476752169727,0.0017215265294773,0.014070856002349,Solyc08g065190.3,up,3.13449079839088,0.701497056956495
root,15.5123932130822,1.15182922205835,0.43488577618353,0.0080831016593676,0.0384582390503579,Solyc08g065210.1,up,2.64857874213907,0.654811945166419
root,81.0265089004677,-1.66116220239296,0.578358742084858,0.00407624402576,0.0248135606821217,Solyc08g065420.3,down,-2.8722003862254,-0.883342558166551
root,323.633769187029,1.85134088563514,0.537027786278203,0.0005660438611019,0.0066361153275928,Solyc08g065670.3,up,3.44738379081946,1.23116438307562
root,547.966669157274,1.12552538949511,0.247165965259961,5.27046960969356e-06,0.000257335875792,Solyc08g066020.2,up,4.5537231969269,0.92400562146779
root,116.874005015706,1.77937352484416,0.568361435203613,0.001743856326555,0.0141909174539927,Solyc08g066050.3,up,3.1307077057519,1.04729443883138
root,197.944282026141,-1.425426296501,0.485477744163754,0.0033233385208652,0.0216725816131428,Solyc08g066120.3,down,-2.93613108661927,-0.818133328843878
root,1573.91589025922,1.12422731593218,0.311106686796851,0.0003019291494169,0.0043223108981836,Solyc08g066160.3,up,3.6136391908101,0.821599648243145
root,42.6370397531175,1.19416577117841,0.393716215642356,0.0024208569645869,0.0175948288676305,Solyc08g066420.1,up,3.0330621999658,0.75418373831199
root,80.2127757050776,1.25561340844416,0.306974929828465,4.30852772984971e-05,0.001120749784264,Solyc08g066530.3,up,4.09027997545528,0.968876616431316
root,25.4701880251755,1.92250547888781,0.535071378716804,0.0003269066256454,0.0045680099801343,Solyc08g066660.1,up,3.59298881487235,1.34489895238968
root,6.97001675962679,-3.64320515473225,0.814460180428233,7.70745188053157e-06,0.0003393213752592,Solyc08g066720.2,down,-4.47315319064058,-3.01579605027055
root,594.255448353532,-1.08699108650628,0.365906955678509,0.0029714488925272,0.0200910723901982,Solyc08g066800.3,down,-2.97067620507691,-0.701637981155937
root,139.415541536103,-1.19434779381472,0.342535000602729,0.0004888540989235,0.0060372333672225,Solyc08g066860.2,down,-3.48679052275864,-0.839981533313311
root,768.326743796186,4.23339550601282,0.716436756868009,3.44276124038638e-09,9.78024096958921e-07,Solyc08g066880.3,up,5.90895911667016,3.76680069529679
root,33.4096826160043,1.9283412161717,0.70326523415851,0.0061069528704378,0.0321720087246121,Solyc08g067320.2,up,2.74198285726302,0.908325391822578
root,408.661490670533,3.10169183462463,1.09043700577173,0.0044488386112085,0.0261951202390245,Solyc08g067360.3,up,2.8444484350836,1.25582745768338
root,74.6714129097061,1.33803455468986,0.485799070488476,0.0058818501650663,0.0314316035738079,Solyc08g067390.3,up,2.75429624298056,0.734420711823237
root,70.109965681221,-1.59455219462265,0.584936257488901,0.006410170023817,0.0331295229500213,Solyc08g067425.1,down,-2.72602727939617,-0.80174005268901
root,618.967064370739,1.03403059366167,0.249381728258456,3.37777904388493e-05,0.0009477597626601,Solyc08g067480.3,up,4.14637672488186,0.826781010710696
root,1796.62668768879,1.40338625610707,0.450981855107312,0.001859212158642,0.0147475539639895,Solyc08g067620.3,up,3.11184638631,0.860464676918213
root,177.96930788967,2.22853999271917,0.524706976815979,2.1645039776556e-05,0.0006911960805126,Solyc08g067630.3,up,4.24720861583044,1.85696185741789
root,23.4964503123809,4.16968683303989,0.813533609894504,2.96903487906518e-07,3.09308762351721e-05,Solyc08g067640.1,up,5.12540205140461,3.57112695055494
root,9796.83955355705,-1.31934581385243,0.421882805019022,0.0017643158833529,0.0142718782490835,Solyc08g067960.3,down,-3.12728036828366,-0.827244499326782
root,33.1654568470911,2.84254572890462,0.875355811286962,0.0011650420364942,0.010732659857557,Solyc08g068190.3,up,3.24730320202646,1.63609212464619
root,68.0122110126284,-1.16498426701116,0.410514588205947,0.0045416634774457,0.0265649286179794,Solyc08g068230.3,down,-2.83786325865407,-0.701720883323735
root,36.2822279524523,-2.15778761965514,0.805292303342818,0.0073730318203604,0.0363538148143547,Solyc08g068280.1,down,-2.67950855943616,-0.93040095201186
root,9.71199196407052,-2.30914397897296,0.587121274087049,8.38946116660131e-05,0.0017933461654484,Solyc08g068490.3,down,-3.93299320070388,-1.80508914404958
root,7456.24000349172,1.50654635765805,0.473007252048772,0.0014473469953845,0.0124968716165561,Solyc08g068600.3,up,3.18503860381132,0.930862923524327
root,3443.35557567719,2.32039171040194,0.582963112005604,6.88166130452593e-05,0.0015689889544143,Solyc08g068640.3,up,3.98034054405082,1.83556205082763
root,4237.67971352821,1.82764484399524,0.490156417449437,0.0001924722860044,0.0031929222318347,Solyc08g068680.3,up,3.72869716468372,1.32680354649916
root,1473.11202740928,1.04130291416333,0.221860260166949,2.68559434698935e-06,0.0001605558165853,Solyc08g068700.1,up,4.69350803690464,0.872992525638804
root,1100.03512687178,2.65059146338034,0.481790485691972,3.76480039531383e-08,6.28781424753844e-06,Solyc08g068710.1,up,5.50154380814187,2.45830736020636
root,148.067751777868,2.0461456410361,0.603623802253101,0.000699513769457,0.0076042521478161,Solyc08g068850.3,up,3.38976964360684,1.32966198393068
root,10.5817978094485,-1.76199962183652,0.557447765785202,0.0015731834886783,0.0132001887303619,Solyc08g069230.3,down,-3.16083358833562,-1.05193258205682
root,17.0171057108656,2.49201606884778,0.900799222359174,0.0056670262855616,0.0306651841484597,Solyc08g074250.2,up,2.76645006677653,1.07100353211866
root,455.578445038701,5.41938323050548,1.16624490044531,3.37016690059703e-06,0.0001856591420318,Solyc08g074260.3,up,4.6468655326477,4.13491136061222
root,18.9531332651142,-1.1515936687269,0.328749463340252,0.0004601319591999,0.0057740112995852,Solyc08g074350.2,down,-3.50295223914941,-0.820062756266461
root,132.884284090179,-1.08786314503608,0.356830649804113,0.0022984771345218,0.0170433942279341,Solyc08g074560.3,down,-3.04868190452048,-0.715980807207422
root,137.134899452873,-2.40088132464891,0.738897650994637,0.0011569975464116,0.0106882282930148,Solyc08g074620.2,down,-3.24927453946708,-1.43898282459829
root,5302.24919959701,3.3619954324812,0.730617022876111,4.19290464551249e-06,0.000218404666733,Solyc08g074680.2,up,4.60158376716509,2.86913461979992
root,77.4934324573515,5.64881227087527,0.98379179507158,9.36323816901485e-09,2.0524998336328e-06,Solyc08g074690.3,up,5.74187780297991,4.75457225639018
root,1984.9728998002,1.16805330464545,0.405457030317173,0.0039662786616362,0.0243407374184116,Solyc08g074750.2,up,2.88083130222634,0.712135790277776
root,172.954710179165,1.48614153741991,0.576518563286935,0.0099435529357498,0.0443989238234498,Solyc08g074960.3,up,2.57778609754887,0.716980457878195
root,254.672199800915,1.59608286282129,0.342187741282934,3.09596385877584e-06,0.0001789875369342,Solyc08g074980.3,up,4.66434845631011,1.34315372731315
root,31.9860183709016,-1.14462857062039,0.357781611742512,0.0013779130897293,0.0120669176280754,Solyc08g075000.3,down,-3.19923811915788,-0.766099405727299
root,105.330222751752,-2.03204950542114,0.774471560399951,0.0086957787386895,0.0404674851342289,Solyc08g075150.3,down,-2.62378841176783,-0.866810276218907
root,35.3599523427695,3.0265987609,0.787758909351418,0.0001220175098685,0.0023259872575862,Solyc08g075210.2,up,3.84203685286387,2.26861018947861
root,60.1839433412024,1.21701860795746,0.284277675928779,1.85979258325082e-05,0.0006264489584429,Solyc08g075290.2,up,4.28109102827462,0.964586667452387
root,7242.32792032729,1.11546978275875,0.292050402933759,0.000133753518644,0.0024561160962873,Solyc08g075690.3,up,3.81944271109859,0.843330145374493
root,113.19546976667,-1.10421427693324,0.322562242040196,0.0006187496518605,0.0069897410968626,Solyc08g075760.3,down,-3.42325955433939,-0.783878547250074
root,112.774631762477,10.3160240486752,1.62806391724801,2.35233345440207e-10,1.37506958928992e-07,Solyc08g075830.3,up,6.33637533476743,8.61908657025088
root,979.929956766673,1.09316673594696,0.264394737065134,3.55571902543909e-05,0.0009845598838334,Solyc08g076360.3,up,4.1346009685422,0.863858688677224
root,230.869380221536,1.85673059238106,0.591045636489781,0.0016812295444849,0.0138495088910794,Solyc08g076620.1,up,3.14143355055995,1.09135507768779
root,59.4341619407559,3.55169847837237,0.721735398935879,8.60796137479755e-07,7.10376232044077e-05,Solyc08g076630.2,up,4.92105345478268,3.08910009356995
root,20.097984276502,3.41537792334043,0.981326023273468,0.0005007212392562,0.0061369701566151,Solyc08g076640.1,up,3.4803702768908,2.1203374866319
root,8.08741001991441,3.58033109831948,1.26557895855471,0.0046692750805872,0.0270763915116778,Solyc08g076700.1,up,2.82900649866067,1.27909309787188
root,89.840833258202,3.34818878739249,0.770047578417123,1.37366781602608e-05,0.0004984045779388,Solyc08g076710.3,up,4.34802846114377,2.76733179385214
root,1533.28181704315,-1.63433385369348,0.487967577466543,0.0008102558351249,0.0083365429446163,Solyc08g076730.3,down,-3.3492673061983,-1.05519694848655
root,992.49812827584,-1.29549588543946,0.424839607589343,0.0022931694980499,0.0170220313640083,Solyc08g077020.1,down,-3.04937642888444,-0.798124509556753
root,26.2819870848153,1.2425613522292,0.450858891328772,0.0058515279410518,0.0312955789961263,Solyc08g077100.3,up,2.75598724152278,0.706362809866785
root,124.767955870361,1.17213111455156,0.357374393788079,0.0010386568198143,0.0099037127848539,Solyc08g077110.3,up,3.27984079140999,0.792952864855023
root,7899.80845411162,-1.49720085982962,0.462936693174674,0.0012201075415363,0.0110863312193833,Solyc08g077210.3,down,-3.23413737105669,-0.941297414539734
root,4847.53039267748,-1.19743742344163,0.396921507848054,0.0025544849272461,0.0181794321301887,Solyc08g077560.3,down,-3.01681163596715,-0.752000620292934
root,3171.84072861613,3.79761906694664,0.672890313196745,1.66393731252894e-08,3.24221266711657e-06,Solyc08g077900.3,up,5.6437416209858,3.39802674071448
root,5869.12432726799,4.62137565736196,0.74219645505605,4.76603706773073e-10,2.04686702149644e-07,Solyc08g077910.3,up,6.22662049364404,4.11084010503526
root,1953.37915388061,1.02623655937472,0.375138791397241,0.0062263193304497,0.0325693919935332,Solyc08g077980.3,up,2.73561834421974,0.637961408626166
root,38.1825346579115,1.78444771553241,0.626324830991328,0.0043846257462747,0.0259185573608443,Solyc08g078020.1,up,2.84907707188942,0.917390834861914
root,86.3104260862843,1.88880808268626,0.541494980945307,0.0004864007858952,0.0060179108686766,Solyc08g078030.3,up,3.48813589996513,1.274534510735
root,49.8184652403401,2.75906300751994,0.627658515454645,1.1036413806974e-05,0.0004390364691001,Solyc08g078170.1,up,4.39580271689839,2.35307552855617
root,169.387921840832,5.14147407556776,0.592532244662279,4.05912626427306e-18,2.84734177017875e-14,Solyc08g078180.1,up,8.67712115565661,4.80966258148966
root,203.528455275385,2.10190104072046,0.541954181030224,0.0001051569386954,0.0020995470758132,Solyc08g078460.3,up,3.87837406609701,1.61003331575023
root,45.4593185037661,2.99986773290245,0.683786530798902,1.14850488575192e-05,0.0004475766076993,Solyc08g078730.3,up,4.38714071977632,2.53513835236359
root,48.5455719528465,-1.17934123289973,0.431008297663006,0.0062146082402752,0.0325280560839161,Solyc08g078760.1,down,-2.73623788519687,-0.682981271899569
root,638.616284675339,1.48528543954255,0.429427145270158,0.0005426681931088,0.0064812198954503,Solyc08g078870.2,up,3.45876001529464,0.999161428426801
root,51.2877351764973,1.62120452676322,0.570928790337787,0.0045171341599746,0.0264787106580798,Solyc08g078880.3,up,2.83959147655532,0.855681224267888
root,4.58549570472733,2.21354078565974,0.752768964394366,0.0032764977839128,0.0214532107544063,Solyc08g078890.2,up,2.94053141183979,1.12644724418792
root,131.211655019036,6.36208415355996,1.54605657716648,3.87112824667279e-05,0.001037758252522,Solyc08g078930.1,up,4.11503967417545,3.90036315449851
root,31.048286947549,3.1049414572896,0.460464899151803,1.5508741191379098e-11,1.48348158923355e-08,Solyc08g079080.3,up,6.74305785958722,2.93023165069981
root,342.783777612785,-1.20351305366833,0.416665207379597,0.0038715610442337,0.0239134518975214,Solyc08g079180.3,down,-2.88844144496061,-0.725858150885798
root,72.6072424990141,6.7340610343479,1.12019785243231,1.8382297144502602e-09,5.77368747923749e-07,Solyc08g079190.1,up,6.01149254100612,5.62388671941626
root,194.919086988718,7.48948568488244,1.27284978623039,4.00396436942554e-09,1.0802490537204e-06,Solyc08g079230.1,up,5.88402949499874,6.12457895584097
root,126.987461860152,-1.47395775390455,0.502494616163429,0.0033540051691633,0.0217844706110719,Solyc08g079240.3,down,-2.93328068897194,-0.835711872475689
root,28.5767888970083,2.57655993335839,0.990516429997277,0.0092890459385949,0.0422748016288479,Solyc08g079250.3,up,2.60122886943478,0.947990903648362
root,417.349116645732,-1.01531953435767,0.346448675797468,0.0033825451792563,0.0218820414239997,Solyc08g079670.3,down,-2.93064919939606,-0.668781855702173
root,108.222342962683,-1.40302444996642,0.447148489132898,0.0017027044054246,0.0139675808619633,Solyc08g079810.3,down,-3.13771483984468,-0.867476656044264
root,106.958792768943,-2.58765541191086,0.500243292633992,2.30619448481375e-07,2.50162663600106e-05,Solyc08g080040.3,down,-5.17279381855529,-2.36888369823648
root,215.749099000734,-1.51233668165705,0.387806806390916,9.63053059654975e-05,0.0019791492761112,Solyc08g080050.3,down,-3.89971670619053,-1.126823107273
root,10.1810077402294,-1.19013446337391,0.471482074522621,0.0115948353385767,0.0491641577402795,Solyc08g080070.1,down,-2.52424116988738,-0.633399460788113
root,117.003193823892,1.00357601401413,0.275749455983557,0.0002732223022178,0.004012344820567,Solyc08g080080.3,up,3.63944875406743,0.75954073684674
root,2891.71019814599,1.21405584101205,0.251760493745987,1.41937136579433e-06,9.8441391440556e-05,Solyc08g080140.3,up,4.82226509389107,1.01478420683726
root,41.6766526174896,5.38311199660512,0.799459594689255,1.65699742009455e-11,1.51608059602042e-08,Solyc08g080310.1,up,6.73343847814786,4.7858127295773
root,1550.60322541026,-1.31000672637603,0.446407696964694,0.0033402927367857,0.0217289398308867,Solyc08g080570.3,down,-2.93455228322291,-0.77471114263344
root,8566.64332555663,3.68627887564073,0.691585509044833,9.81126383696079e-08,1.25895265966465e-05,Solyc08g080630.3,up,5.33018524452884,3.26657633743595
root,15157.4410519195,3.41655972276793,0.502859125784893,1.08863764823977e-11,1.14171038294714e-08,Solyc08g080670.2,up,6.79426811124319,3.19937568195944
root,1086.36530929823,1.57860972538777,0.377265775828167,2.85990961010848e-05,0.0008444763432512,Solyc08g080680.3,up,4.18434384068483,1.24264412218491
root,13.9791735224456,5.65762358221339,1.60669723463065,0.0004294761845289,0.0054975041528142,Solyc08g080700.2,up,3.52127548381196,2.5624134134531
root,194.551691060425,2.05765292687574,0.502411875526481,4.21167422020928e-05,0.0011049736402293,Solyc08g080860.3,up,4.09554994041394,1.65357527734107
root,10.3653355454278,2.23590331010579,0.834171427150358,0.0073536808566156,0.0362839062008489,Solyc08g080930.1,up,2.68038827192145,0.948679772120932
root,7470.07015546438,1.16657379281845,0.376342051280309,0.001936709828972,0.015111650589873,Solyc08g080940.3,up,3.0997699801279,0.756737059939986
root,2240.65963533742,1.12209414786587,0.309861590888249,0.0002931542758973,0.0042225452306535,Solyc08g081010.3,up,3.6212753721727,0.821484199470857
root,55.8023870741986,2.97570111807946,1.0477048963081,0.0045083952703932,0.0264422157386163,Solyc08g081440.2,up,2.84020923121122,1.23280008228947
root,323.288741525491,1.99108542996877,0.438931612498567,5.7274486300621e-06,0.0002726887533281,Solyc08g081480.3,up,4.5362087698235,1.7105901034289
root,516.104426089025,-1.96534512255761,0.652693380329636,0.0026027673132853,0.0183800789734153,Solyc08g081555.1,down,-3.01113077256128,-1.0731642384666
root,479.64102425936,1.99690265820025,0.580933044838923,0.0005873148180945,0.006757492089656,Solyc08g081610.3,up,3.43740586964533,1.32310542552664
root,40.5094823427432,1.64711028446701,0.430219668353733,0.0001289092426387,0.0023922099665696,Solyc08g081700.1,up,3.82853320204955,1.2151887836888
root,234.594324562189,-1.29850816903828,0.4814589079438,0.0069961381532524,0.0350706839678524,Solyc08g081740.3,down,-2.6970280279659,-0.70670815800241
root,18.5938836032663,5.21203125219561,1.37223568714453,0.0001457482717411,0.0026058849876983,Solyc08g081780.1,up,3.798204128506,3.08820298655059
root,32.4653201833661,2.24810227361886,0.486888488764359,3.88795620069218e-06,0.000205573241928,Solyc08g081810.3,up,4.61728368095981,1.97258981875846
root,19.7544121081108,-1.41139199042035,0.446469119701632,0.0015710389116041,0.013192714627214,Solyc08g081890.3,down,-3.16123092984249,-0.87785312213284
root,92.3314058019006,1.81087874209262,0.448746211052114,5.45050676292925e-05,0.0013188190197254,Solyc08g082160.3,up,4.03541845589493,1.41304166526865
root,7066.36454695566,-1.19114199802258,0.384852501240311,0.0019677237076977,0.0152773467722526,Solyc08g082190.3,down,-3.09506107972207,-0.765824435347792
root,507.66647227582,1.14844064445999,0.372625433473068,0.0020559804609701,0.0157549739005893,Solyc08g082250.3,up,3.08202430992407,0.745977762931069
root,2404.9624609802,1.08005702769533,0.306575937304915,0.000426743874075,0.005474296636948,Solyc08g082430.3,up,3.52296738351361,0.785738974445253
root,71.2201127366762,2.47298463197401,0.677147303275986,0.0002601420115635,0.0039075149831149,Solyc08g082460.3,up,3.65206302972765,1.77392431020215
root,566.97528710483,1.59862679400912,0.367661125633822,1.37322923019141e-05,0.0004984045779388,Solyc08g082620.3,up,4.34809851395955,1.29269303487413
root,1024.61654484636,1.04057382542654,0.292805997285068,0.0003797084828607,0.0050445614351775,Solyc08g082760.3,up,3.55379956378921,0.769220925605981
root,2370.41406469566,-1.14244549216848,0.27009046738426,2.33834375653692e-05,0.0007300653693612,Solyc08g083060.3,down,-4.22986232440077,-0.90633326788453
root,1686.03227445713,2.21847214717372,0.511610796038094,1.44934311122306e-05,0.0005213671185056,Solyc08g083280.3,up,4.33624967329371,1.87495186099468
root,1411.26963731405,-1.09199533900542,0.412360595594459,0.0080932080110392,0.0384889196348721,Solyc08g083320.3,down,-2.6481563725341,-0.638934747865342
root,178.901327771629,1.61900659762184,0.547664597671476,0.0031145410986539,0.0207150451580514,Solyc08g083370.3,up,2.95620093850402,0.901091714668243
root,21.4314064604301,-1.40362087071028,0.392368074977019,0.0003471530095752,0.0047647537088613,Solyc09g005523.1,down,-3.57730651453356,-0.978092245978374
root,75.6416498787827,3.30168480552732,0.789565386084366,2.89403309054531e-05,0.0008505870440982,Solyc09g005840.1,up,4.18164836467961,2.65709671232339
root,334.649550909223,6.22256195054003,0.894142967792379,3.4209577132300397e-12,4.79937560781419e-09,Solyc09g007020.2,up,6.95924720618607,5.49876307226158
root,482.418497812501,1.30822288591304,0.26604783909113,8.77698687914118e-07,7.18488150355328e-05,Solyc09g007130.3,up,4.91724680186158,1.10296818232303
root,459.499876428743,-1.22454670085782,0.363245841577927,0.0007486220837185,0.0079366311077447,Solyc09g007310.3,down,-3.37112379742169,-0.835031345431213
root,48.2699773341162,2.30818244221521,0.84584411797361,0.0063555441749071,0.0329504980578332,Solyc09g007420.3,up,2.72885085226451,0.999923768154544
root,31.3310987978399,-1.31815938848743,0.377933046195755,0.0004869904916919,0.0060212854918717,Solyc09g007570.2,down,-3.48781193324035,-0.907900287173295
root,45.1500071660128,-1.32555645148905,0.273997303410932,1.3125451074818e-06,9.52455146270589e-05,Solyc09g007710.3,down,-4.83784488017761,-1.11080550720108
root,44.4286372023574,1.02501871133043,0.251170593435058,4.48488703129683e-05,0.0011519360976255,Solyc09g007830.3,up,4.08096623618265,0.815352799058453
root,6223.80964176742,1.48238183947952,0.3518784362608,2.52261327296728e-05,0.0007763699654793,Solyc09g007930.2,up,4.21276692948821,1.16468154873196
root,562.434367984881,1.46403531432316,0.439123402880585,0.0008560813724908,0.0086862952761319,Solyc09g007940.3,up,3.33399519296694,0.952617975030145
root,203.327638708418,1.60232126214746,0.454314509306515,0.0004204575615285,0.0054282876839308,Solyc09g008060.3,up,3.52689872175403,1.09355547741074
root,373.411930988291,1.23667973696527,0.424194229667315,0.003552761905089,0.0225668021550459,Solyc09g008200.3,up,2.91536199805257,0.743616182830036
root,3.33741563463186,-2.24897382254981,0.72384015001146,0.0018899421139862,0.0148847087749727,Solyc09g008220.3,down,-3.10700342128604,-1.2599607022131
root,715.650725926201,2.66995323787388,0.517530329672043,2.48235762197915e-07,2.65171237547864e-05,Solyc09g008250.3,up,5.15902756765158,2.43810375693033
root,19125.6298783358,1.57800161347064,0.339539548354926,3.36022558009074e-06,0.0001856591420318,Solyc09g008295.1,up,4.64747515014402,1.3230215997686
root,332.577240522889,1.11838288873125,0.377590489045328,0.0030575332795984,0.0204782719082972,Solyc09g008320.3,up,2.96189369483032,0.711398143237083
root,15.0983269840156,2.91617603016606,0.461188385480822,2.56238643351531e-10,1.45737459748368e-07,Solyc09g008510.1,up,6.32317751698309,2.74500327671224
root,14.3090942891956,-2.02697244390319,0.623250728397611,0.0011449186644531,0.0106153451214,Solyc09g008640.1,down,-3.2522584435875,-1.24124478013721
root,148.723613266024,2.45156392819222,0.726260595444487,0.000736554125127,0.0078362209348704,Solyc09g008670.3,up,3.37559815797498,1.56369379155674
root,12.6175040358379,2.90241448602791,0.80559748995178,0.0003147959422646,0.0044579850666337,Solyc09g008750.1,up,3.60280974336407,2.00482737147478
root,44.870435605414,-2.7139188140928,1.02843812066093,0.0083181843986053,0.039201550348157,Solyc09g008770.3,down,-2.63887419142795,-0.997695131497393
root,219.453587801744,1.30643698741,0.316892835428201,3.74545031379907e-05,0.0010177095394991,Solyc09g008780.3,up,4.1226460220998,1.01018466214077
root,272.0383103125,-1.22200608072874,0.48094785616259,0.0110590110645327,0.0476506611060661,Solyc09g008790.3,down,-2.54082862636906,-0.644846381474115
root,337.989071332102,-1.84403122289848,0.463820279436617,7.01592300668152e-05,0.001594417751108,Solyc09g008913.1,down,-3.97574514236062,-1.42429191959316
root,573.765322783574,1.00912844753609,0.380751688861963,0.008040641777505,0.0383761821682484,Solyc09g009130.3,up,2.65035842796205,0.616933337967514
root,134.328963556576,1.14768211638151,0.455131753318731,0.0116806497539436,0.0494216146755454,Solyc09g009150.1,up,2.52164808983956,0.623361627490528
root,360.286455763357,-1.46691121802318,0.428532471758302,0.0006191038565825,0.0069897410968626,Solyc09g009190.3,down,-3.42310399957401,-0.978573539174832
root,1041.94923550528,-1.02744539951459,0.32407463997963,0.0015223057714166,0.0129750517025893,Solyc09g009370.3,down,-3.17039741085316,-0.711181879649069
root,5459.97655007483,1.48666179844326,0.377021596340489,8.04102331743873e-05,0.0017517111251778,Solyc09g009390.3,up,3.94317411223482,1.11624440587002
root,101.97477223827,1.44462887307107,0.352095767086646,4.07927724369566e-05,0.0010784461095016,Solyc09g009535.1,up,4.10294302889351,1.11389528717253
root,56.6892193731199,1.39506652955877,0.456480825616465,0.0022421109682753,0.016731554332052,Solyc09g009550.3,up,3.05613390808861,0.841225224345071
root,18.8630901699281,3.61047235245829,1.31541631261436,0.0060559334794911,0.0320000843784669,Solyc09g009580.3,up,2.7447374020188,1.1729949765244
root,81.3312129351127,1.21798684807445,0.3093372854053,8.23667767356072e-05,0.0017777707175632,Solyc09g009590.1,up,3.93740717831224,0.922501372819932
root,130.810121742445,1.52533489293384,0.472061079768363,0.001232614812706,0.011147698370996,Solyc09g009900.3,up,3.23122358166513,0.954995848006802
root,919.437499507653,-1.00718482852798,0.299881494862582,0.0007833568720638,0.0081568342482489,Solyc09g009940.3,down,-3.35860947001586,-0.728131067953349
root,11.7971830906293,1.54379347430642,0.53379563580003,0.0038266901323036,0.0237338246814611,Solyc09g010090.3,up,2.89210583745716,0.847837593338586
root,42.4427762675509,4.4635707384316,0.810189608306355,3.60280816173619e-08,6.06539959644611e-06,Solyc09g010200.3,up,5.50929151974978,3.86379863453624
root,235.708758069896,1.24359508143769,0.418487253340734,0.0029621005433834,0.0200561273600259,Solyc09g010210.3,up,2.97164387089503,0.759361823878501
root,78.7554442944779,1.51284645447042,0.485477041433925,0.0018319426902594,0.0146100298030389,Solyc09g010430.1,up,3.11620596929159,0.911911730880084
root,46.2074123789539,1.77210083146224,0.616613238675673,0.0040540391109662,0.0247312655179278,Solyc09g010480.1,up,2.8739260209013,0.924794085258534
root,22.8938090121485,-1.59425062873116,0.376008828154135,2.23590776944346e-05,0.0007060992945621,Solyc09g010595.1,down,-4.23992871805032,-1.26779219921165
root,33.5079366968986,1.1511676920104,0.451020643446172,0.0106995462839767,0.0466172364389245,Solyc09g010650.1,up,2.55236142455592,0.631654465025648
root,694.762870129522,1.36051809376829,0.488500121912584,0.0053512432068608,0.0294563332579595,Solyc09g010780.3,up,2.78509263916162,0.750310945280298
root,119.972562873944,1.91320507255167,0.569066484614313,0.0007737837482897,0.0080771355153813,Solyc09g011130.2,up,3.36200624053331,1.23167659023081
root,95.8367287201928,2.07924693915959,0.646652730958297,0.001302630479464,0.0116031688577746,Solyc09g011190.1,up,3.21539961035699,1.24821032938563
root,150.659268944678,1.36206051715337,0.229201151434969,2.80463556904178e-09,8.31278181900213e-07,Solyc09g011330.2,up,5.94264255927975,1.22630740532477
root,663.612028449729,-1.0928000568399,0.366128294587417,0.0028381364871961,0.0195261040145702,Solyc09g011380.3,down,-2.98474625696809,-0.706350757149682
root,4.93372606543542,3.11339675847365,1.10798061631152,0.0049545497563607,0.0280536821564802,Solyc09g011430.1,up,2.80997403080768,1.21828105215377
root,3586.48355425636,3.57192516292127,0.771953592769932,3.70778152350596e-06,0.0001995564050656,Solyc09g011490.3,up,4.62712421624265,3.02372835158714
root,1868.97467918762,1.67985556039378,0.467225648910641,0.0003239136021163,0.0045352214523868,Solyc09g011550.3,up,3.59538386711099,1.1690326842366
root,1085.51877181327,1.80166692006931,0.359318351681138,5.32755073298435e-07,4.93889769272787e-05,Solyc09g011570.3,up,5.0141244154101,1.60037604636212
root,3689.69107730503,1.99424528431126,0.598998681085132,0.0008706510381746,0.0087917372588039,Solyc09g011590.3,up,3.32929828943619,1.2647606671297
root,1505.39611350816,2.92202661491784,0.632291661431706,3.8129296416814e-06,0.0002034546251094,Solyc09g011640.3,up,4.62132713928484,2.54677690243538
root,377.284828322863,1.51197615891112,0.308448354777556,9.49248555545717e-07,7.59543216840459e-05,Solyc09g011650.3,up,4.90187785245771,1.29200317614816
root,3756.45814572846,1.18934952072153,0.366637092701007,0.0011788768421955,0.0108050018585208,Solyc09g011660.3,up,3.24394215533301,0.794252773379849
root,2172.6504654735,1.49458640999392,0.271951191769363,3.88967027545724e-08,6.44521427375765e-06,Solyc09g011670.3,up,5.4957891534502,1.33132503829733
root,958.8318799325,-1.22633826754637,0.34602412181733,0.0003939809365152,0.0051948213208193,Solyc09g011710.3,down,-3.54408317288863,-0.867057191403594
root,5703.47168491411,-1.07878259782944,0.348533270020545,0.0019667562051111,0.0152773467722526,Solyc09g011860.3,down,-3.09520694470818,-0.720429811558997
root,1734.69837491151,1.31548283940104,0.415964027436752,0.0015642512348909,0.0131727701316731,Solyc09g011870.2,up,3.16249183254448,0.834053126454608
root,351.734212006012,1.60936211589768,0.603640857133318,0.0076738668510963,0.0373125817963198,Solyc09g013150.3,up,2.66609209247451,0.78190996901387
root,1658.25773840842,1.04269499918812,0.269517174402326,0.0001093940181605,0.0021454685164679,Solyc09g014280.1,up,3.86875159811381,0.805844756085354
root,422.431612527442,-1.2354538254885,0.305085130579515,5.13188475549596e-05,0.0012631038923351,Solyc09g014410.3,down,-4.04953798679644,-0.949355445620286
root,67.7632882533351,3.23149790874761,0.737019003033708,1.16224888624766e-05,0.000451261357236,Solyc09g014720.2,up,4.3845516810912,2.70169028287939
root,72.5276114724858,2.45103799722901,0.689407198428948,0.0003775718283745,0.0050225167865449,Solyc09g014820.3,up,3.55528344179542,1.69445664913461
root,100.426034874638,1.94833490019592,0.534115662609578,0.0002645189301943,0.0039459343927028,Solyc09g014910.3,up,3.64777713253484,1.38808902751288
root,4.7324904190684,-2.72162492690027,0.87097276915094,0.0017791958687883,0.0143398689631486,Solyc09g015070.3,down,-3.12481058340483,-1.4669643260387
root,339.871319320551,-1.65200498995948,0.384355154368656,1.72252067712265e-05,0.0005868184456531,Solyc09g015700.3,down,-4.29812107677619,-1.33241841755631
root,309.805282269657,-1.15031322938819,0.256303779167763,7.18661476699279e-06,0.0003217768535246,Solyc09g016950.3,down,-4.4880853225159,-0.936564662400022
root,93.3458946500579,-1.0475923691148,0.334676141340896,0.0017470667502137,0.0142003193237576,Solyc09g018060.3,down,-3.13016746553122,-0.713448449452047
root,3.24478585617956,4.14421456836991,1.07202543022926,0.0001107346818496,0.0021657069190009,Solyc09g018070.2,up,3.86578009393269,2.86049769540141
root,743.199431414443,-1.0144294419409,0.327098910807002,0.0019267777395058,0.0150553971312704,Solyc09g018170.3,down,-3.10129263175519,-0.695443577349788
root,79.3771037017685,1.81177431418272,0.63679248019008,0.0044389596748426,0.0261589099404616,Solyc09g018460.1,up,2.84515657854802,0.925104204434714
root,2.72308049569412,-2.44608237525539,0.869269738438673,0.0048936700143634,0.0278330788600712,Solyc09g025245.1,down,-2.81395091430295,-1.09977692091269
root,36.7086334189822,1.26080722332775,0.413757977136476,0.0023097669399217,0.0170891214147191,Solyc09g030370.3,up,3.04720946301387,0.783607927789741
root,5.17707948974197,-1.77902356467802,0.648370690438135,0.0060725661065745,0.0320439019926667,Solyc09g042690.2,down,-2.7438371149625,-0.864977321394492
root,333.887955413847,-1.16459905988739,0.241544979739876,1.42512477966992e-06,9.8441391440556e-05,Solyc09g042780.3,down,-4.82145835173874,-0.975036081450451
root,7.57695035294341,-1.90484435197361,0.513251015181521,0.0002061723783879,0.003362217868526,Solyc09g055320.1,down,-3.71133089975463,-1.38096753108968
root,6.99396839118803,-1.70903433009868,0.575658123520646,0.0029893048061471,0.0201567031791443,Solyc09g055765.1,down,-2.96883559923807,-0.943216826642319
root,141.273620951555,-1.38964028055681,0.291840537953268,1.92023724641137e-06,0.0001258862075186,Solyc09g056135.1,down,-4.76164240342559,-1.16021417167972
root,7.54477589734953,-1.68422222197274,0.597936127444257,0.0048515899652558,0.0276851664392823,Solyc09g056180.3,down,-2.81672597568501,-0.867864910284925
root,23.3702392475101,-1.18264915732155,0.21909031532618,6.73884928527207e-08,9.4541562906177e-06,Solyc09g056270.2,down,-5.39799833489138,-1.02840292484571
root,3187.07618039117,1.09465457241779,0.31335499761261,0.0004770243005691,0.0059364277830738,Solyc09g056385.1,up,3.49333688869733,0.789178651416643
root,298.815660500343,1.37599686007473,0.461217212641455,0.0028506228806614,0.019565723385727,Solyc09g056430.3,up,2.98340309589534,0.812963137577337
root,45.4634697955919,1.9849942800856,0.448151275802526,9.45415571793818e-06,0.0003971122812939,Solyc09g057950.3,up,4.42929516719767,1.68059783571753
root,81.9545284734432,2.11478086108622,0.452145180097392,2.90795306048503e-06,0.0001704595103199,Solyc09g057960.1,up,4.67721642112981,1.85912536830367
root,26.9854416901417,1.36658225866624,0.499629154781435,0.0062343675631495,0.0325889609525541,Solyc09g059020.3,up,2.73519318396074,0.737270122550913
root,127.49389643343,-3.4865962886961,0.555355481205118,3.42659904195904e-10,1.63884886906786e-07,Solyc09g059170.2,down,-6.27813428820439,-3.22081217584026
root,3.75558268509286,-1.93381946436278,0.73878614152995,0.0088560070241577,0.0409775311821406,Solyc09g059427.1,down,-2.61756326446249,-0.840966890258237
root,115.230049382646,-1.00502381358146,0.354959591015956,0.0046348304358771,0.0269434728432591,Solyc09g059583.1,down,-2.83137528614147,-0.648465303997785
root,264.65650571115,1.93611740257829,0.530857608773732,0.0002651649964185,0.0039460540863863,Solyc09g061890.3,up,3.64715014078948,1.37854184159934
root,21.1624928422926,-1.34734116584609,0.353842848084827,0.00014024324989,0.0025500325873199,Solyc09g063010.3,down,-3.80773886808385,-0.988223367210932
root,8.25984403982602,-1.69444366322244,0.52397067661521,0.0012213269335091,0.0110926214884617,Solyc09g063015.1,down,-3.23385208151027,-1.04651848898216
root,18.892015867085,2.10977300830928,0.685895533495579,0.0020984057851115,0.0160003368502661,Solyc09g064330.2,up,3.07593927249693,1.17611402882296
root,336.640405424285,-1.90693514827227,0.480598425137143,7.2528585172057e-05,0.0016376518737776,Solyc09g064520.3,down,-3.9678347837451,-1.47676680439095
root,116.776589131976,-1.88897312475792,0.735977472239926,0.0102695638118901,0.0453637071489116,Solyc09g064820.1,down,-2.56661813167852,-0.80360881354884
root,6374.81415826913,2.61473925771878,0.510891712250992,3.08807102682756e-07,3.20124959056942e-05,Solyc09g064940.3,up,5.11799114179838,2.38536453787364
root,50.1582465923297,-3.50072146577708,0.697621955764781,5.21909579636232e-07,4.88136230838438e-05,Solyc09g065100.2,down,-5.01807811071448,-3.07271317605244
root,69.5029165602246,-1.39553734675954,0.482824327226444,0.0038479778048334,0.0238082910829906,Solyc09g065155.1,down,-2.89036253574073,-0.793287085365713
root,148.195999932844,2.63747476713468,0.682336715535499,0.0001109269813874,0.0021674534784749,Solyc09g065420.3,up,3.86535665908698,2.02230860236644
root,79.980805229511,1.61276988115109,0.481521967645795,0.0008101094846658,0.0083365429446163,Solyc09g065440.3,up,3.34931735105683,1.04242429668731
root,5.32795529205531,-1.78306055130545,0.697394774753765,0.0105656661257887,0.0461581644075354,Solyc09g065490.2,down,-2.55674492533301,-0.775885732218187
root,777.049121306417,1.95042433826121,0.619920475615454,0.0016537899591139,0.0136694249409249,Solyc09g065560.3,up,3.14624926096341,1.14135756406491
root,27.7906773267379,1.64096021736418,0.639728800035816,0.0103149849994628,0.0455014992860051,Solyc09g065740.2,up,2.56508729522933,0.747995575445124
root,51.3480769599842,2.85023212638569,0.795942945234828,0.0003423467807194,0.0047200140811183,Solyc09g065770.1,up,3.58095029731658,1.95671015070288
root,1314.29011556964,1.17004871091178,0.344242481175733,0.0006765533507808,0.0074230389540318,Solyc09g066100.3,up,3.39890854526604,0.812704531109455
root,24.0437248454786,1.81807319748839,0.603863215252713,0.0026061465761448,0.0183915991107956,Solyc09g066250.1,up,3.01073678867413,1.00898438398157
root,21.7031560880461,1.29932224415823,0.489270325586817,0.0079159796998529,0.0379808200646844,Solyc09g066270.3,up,2.65563263539407,0.695264215159805
root,11.9260484599355,3.22866754322078,1.04701624712053,0.0020445444207572,0.015702698098692,Solyc09g066310.3,up,3.08368428102253,1.56613203788739
root,119.417055962019,4.98038564796739,0.926792163781229,7.70990211389012e-08,1.05355311743314e-05,Solyc09g066350.1,up,5.3737891218759,4.18710167509478
root,20.1307075223225,2.86040824994443,0.600694472362087,1.91840056253374e-06,0.0001258862075186,Solyc09g066360.1,up,4.76183547802024,2.5306551056051
root,225.618984941377,11.0402491626398,2.03236577273661,5.56586004845099e-08,8.59518977531548e-06,Solyc09g066370.1,up,5.43221565268439,8.23365794155425
root,277.778625855014,7.33004117423549,2.15798000673271,0.0006820017518135,0.0074549856352137,Solyc09g066400.2,up,3.39671412680674,2.07417457830691
root,50.8988905083307,1.617864962517,0.50317078926988,0.0013029028706957,0.0116031688577746,Solyc09g072660.3,up,3.2153395964511,0.998254382118657
root,95.0040075509669,4.2371646061784,1.0696057175561,7.45032666474735e-05,0.0016705193479017,Solyc09g072700.3,up,3.96142666090053,3.00213795549331
root,8.30547965416636,2.84790834192443,0.735494392266992,0.0001079013582992,0.0021333218206232,Solyc09g072770.1,up,3.87210068746602,2.17323071290344
root,78.7175454372537,-1.17425024051377,0.438329606482572,0.0073859891564347,0.0363836038876436,Solyc09g074100.3,down,-2.67892066414742,-0.66797095080123
root,849.426768570889,1.54009224704377,0.392243179482192,8.62371064514167e-05,0.0018320590538516,Solyc09g074230.3,up,3.92637100555038,1.15462214365872
root,70.0102211285963,1.95063642949701,0.58733071924236,0.0008963475859882,0.0089694429859902,Solyc09g074300.1,up,3.32118917943416,1.23420766135367
root,272.709812634966,3.05053246815713,0.697924448973069,1.23756169448107e-05,0.0004700947346328,Solyc09g074350.1,up,4.37086345469872,2.56662587802544
root,514.837690864768,-1.1296396422147,0.259581737048616,1.35043772988129e-05,0.0004942367232629,Solyc09g074660.3,down,-4.35176856067935,-0.909280472353511
root,27.2885416468903,1.76831008009494,0.59546173987014,0.0029814390428645,0.0201352385167016,Solyc09g074810.3,up,2.96964517062101,0.968208643604031
root,936.963533042149,1.80865107346452,0.411562089793169,1.10976519566733e-05,0.0004398097698234,Solyc09g074855.1,up,4.3946007621194,1.50203685428081
root,3373.0633503706,1.09301609427495,0.333829685324099,0.0010597176514596,0.0100420824998781,Solyc09g074870.3,up,3.27417285617903,0.755766279769613
root,1164.63285918652,1.77545085514587,0.445749123411437,6.80301322059446e-05,0.0015527398070953,Solyc09g074890.1,up,3.98307200597025,1.36659926524655
root,1008.6156676999,1.08050246851151,0.256647286909846,2.55294107965182e-05,0.0007842933150393,Solyc09g074930.3,up,4.21006776078276,0.862683921706622
root,957.849908078421,1.41970401347591,0.361315198619185,8.52050667996049e-05,0.001816672163861,Solyc09g075060.3,up,3.92926735133617,1.06241755985179
root,3115.14673197679,1.57843412982878,0.385534942468621,4.23737753119696e-05,0.0011049736402293,Solyc09g075120.3,up,4.09414026059972,1.22357051370554
root,380.299446657488,1.46251256003464,0.494483015228077,0.0030998398020425,0.0206648805877414,Solyc09g075330.3,up,2.95765984876158,0.8391661097877
root,204.172309682595,1.62177730876414,0.495380416107285,0.0010611100206177,0.010045273284149,Solyc09g075350.3,up,3.27380182185665,1.02132852055648
root,316.720415191341,-1.0007109688618,0.37436543271714,0.0075156997122474,0.0368220871330436,Solyc09g075800.3,down,-2.67308592462357,-0.618838935384963
root,2015.37168672797,2.11610977990282,0.388663188428213,5.19262933378756e-08,8.09434753335003e-06,Solyc09g075820.3,up,5.4445850363667,1.96365393159592
root,4.86371067982867,-2.47159944738774,0.745983738260168,0.0009223228982634,0.0091668336344281,Solyc09g075880.3,down,-3.3132082116859,-1.5256399323442
root,71.9206907106664,-1.62882133645622,0.394444014910842,3.63694224189146e-05,0.0010012327227894,Solyc09g075950.1,down,-4.12941070185687,-1.27519883431523
root,8.80985546460791,1.89585011144188,0.746318945966692,0.0110767565264995,0.0476978236839891,Solyc09g082190.1,up,2.54026796678225,0.791144151310034
root,3491.21833319556,-1.54279381902238,0.472222382564659,0.0010865848440289,0.0102035214001541,Solyc09g082210.3,down,-3.26709168388717,-0.975680661038658
root,30.1689185857359,1.58719637658315,0.371219741492204,1.90601891285804e-05,0.0006346560443383,Solyc09g082220.1,up,4.27562491747623,1.26844820416506
root,2061.88215032119,2.23452579309353,0.615293998357383,0.0002816267000992,0.0041014202608225,Solyc09g082270.3,up,3.63163918234034,1.59330916448817
root,7711.01104506041,2.50472733810231,0.834860756931265,0.0026982562884665,0.0188644868220899,Solyc09g082280.3,up,3.00017376227989,1.27543371690082
root,126.787555648147,-2.56549469686121,1.00458500564949,0.0106558855963472,0.0464847546620088,Solyc09g082330.2,down,-2.55378557556965,-0.908160061310179
root,197.741693835174,3.71685452747087,1.00538492350243,0.0002182080890015,0.0034682560611398,Solyc09g082530.2,up,3.6969467520187,2.49439829067583
root,141.280515750574,1.75363167139304,0.454146773599654,0.0001127500088439,0.0021969548019561,Solyc09g082560.3,up,3.861376482967,1.31148972657696
root,882.463508483063,-4.76086397138052,0.910001224786628,1.67947629374267e-07,1.92080973508265e-05,Solyc09g082660.3,down,-5.2317116084067,-3.99881420318352
root,5171.25284016729,1.27438325992325,0.373343468476079,0.00064149712784,0.0071502465880642,Solyc09g082780.3,up,3.41343392218713,0.868882218609131
root,54.2884751844958,-2.10738895657312,0.758479116691746,0.0054620546605561,0.0298864998119456,Solyc09g083190.3,down,-2.77844031588491,-0.982092798054111
root,1138.96238887858,2.06871134904455,0.663995224493628,0.0018360125601693,0.0146186334908075,Solyc09g083360.3,up,3.11555154726027,1.18192058654099
root,7.54871427555267,6.32185914912877,1.54742050723458,4.39975915718259e-05,0.001136055603727,Solyc09g083440.3,up,4.08541771262076,3.83699189507379
root,2648.29378184019,1.50440150498368,0.505947655253002,0.0029448859531606,0.0199691965162498,Solyc09g089580.3,up,2.97343309997433,0.860996267318696
root,528.285062465567,1.12232506230044,0.342771474716737,0.0010593675382577,0.0100420824998781,Solyc09g089620.1,up,3.27426622424728,0.769096410775427
root,1350.6808205282,1.10728544222209,0.202965388162336,4.88247146779036e-08,7.78384314910457e-06,Solyc09g089670.3,up,5.45553826811329,0.967835130821702
root,629.540368219833,1.7411856560084,0.471814761063735,0.0002239008349761,0.003529415109541,Solyc09g089680.3,up,3.69040097872901,1.24617619174431
root,783.693449255974,3.22194235687427,0.816737050272752,7.98347691535242e-05,0.0017465130322765,Solyc09g089780.3,up,3.94489555212206,2.46222128390476
root,407.752880419397,1.60462672553563,0.468253785715332,0.0006106683433718,0.0069464349286035,Solyc09g089830.3,up,3.42683129210436,1.063281622362
root,35.4914774791363,1.76676936101967,0.52482056872937,0.0007614914010129,0.0080084083172992,Solyc09g089890.1,up,3.36642552958081,1.14234552545639
root,63.5031897686807,7.29198010241007,1.13992267945018,1.58555160572295e-10,1.01110145426769e-07,Solyc09g089910.1,up,6.39690764458449,6.19623093025863
root,405.137932684673,2.5442244382969,0.448511160646578,1.40646317355859e-08,2.81882009755876e-06,Solyc09g089930.2,up,5.67260006334987,2.37908781679781
root,5.79155511341845,2.34700300868155,0.833128942074752,0.0048460256132364,0.0276818032043833,Solyc09g089950.1,up,2.81709455782052,1.07655791151657
root,118.317636444286,10.3943145800843,1.59584653174795,7.349067060300259e-11,5.72791730433181e-08,Solyc09g090010.3,up,6.51335474514535,8.79766444992155
root,585.263434122466,1.24963960827107,0.457639064993758,0.0063214801201801,0.0328386145764183,Solyc09g090020.3,up,2.73062267594685,0.701918826102698
root,1519.34776789175,2.20424538951152,0.392266865938989,1.91788730212745e-08,3.66909276236092e-06,Solyc09g090040.3,up,5.61924949800464,2.06288122772258
root,862.531525367954,5.23141033733219,0.848581351374222,7.05323377033577e-10,2.69869548114447e-07,Solyc09g090210.3,up,6.16488958761617,4.5603787520074
root,1725.00812320338,1.63001619126843,0.42812097995645,0.0001404509164268,0.0025501717733281,Solyc09g090430.3,up,3.80737283987868,1.1958274147346
root,333.362185555364,1.22992861021361,0.437337150162654,0.0049186734161505,0.0279299955125395,Solyc09g090470.3,up,2.81231221668724,0.716545937097326
root,48.071621857587,-2.59644890203342,0.733868881013068,0.0004031267814923,0.0052790292406506,Solyc09g090500.3,down,-3.5380283443129,-1.77321452161471
root,326.092554753474,1.10151696539915,0.325462168947777,0.0007131579706927,0.007683049601781,Solyc09g090540.3,up,3.38447005672076,0.776757926628641
root,209.950299716825,3.282462942627,0.68259552450311,1.51841713544374e-06,0.0001040832905481,Solyc09g090600.3,up,4.80879646114943,2.866577891861
root,22.1629018582227,-1.07335328443646,0.359502462619875,0.0028296407424413,0.0194980221951329,Solyc09g090775.1,down,-2.98566323194114,-0.699330194603342
root,247.252399429317,1.23797335231822,0.421190500297795,0.0032903486192529,0.0215238098674417,Solyc09g090830.3,up,2.93922429742107,0.749706039780615
root,5.39899827012687,-1.6203632121323,0.630279724868605,0.0101445268940828,0.0449623892078936,Solyc09g090835.1,down,-2.57086361531001,-0.745680230293231
root,10271.0557967771,1.95636085512084,0.475167986646948,3.83505978922423e-05,0.0010333546505049,Solyc09g090970.3,up,4.11719835952337,1.56893146853741
root,10731.2143914313,3.59946600987682,0.848919295847514,2.23463261523119e-05,0.0007060992945621,Solyc09g091000.3,up,4.24005677275048,2.87779816630311
root,63.2866927265563,-1.03945824616614,0.34799819690946,0.0028176247622324,0.0194406870480064,Solyc09g091100.3,down,-2.98696445957903,-0.686985225868813
root,267.760315717519,2.33456687963288,0.549263100537291,2.13425525287911e-05,0.0006846534686217,Solyc09g091200.3,up,4.25036176169345,1.95165332772467
root,208.39872230231,1.57337038158046,0.498236647853633,0.0015892223507789,0.0132738755004547,Solyc09g091430.3,up,3.15787766387403,0.955082498818281
root,232.411647036209,-3.35494714283002,0.678120315215219,7.52029502281877e-07,6.30506328526686e-05,Solyc09g091510.3,down,-4.94742167068869,-2.95054176589339
root,290.091362623538,-1.28127198375827,0.372289537510402,0.0005782828917204,0.0067038966333757,Solyc09g092260.3,down,-3.44160083661354,-0.878165175491444
root,38.2169041474823,-1.07160631151362,0.321482400031235,0.0008581368682165,0.0086972627753375,Solyc09g092420.2,down,-3.3333280808203,-0.754917811252424
root,8.56147400189183,2.50024676655439,0.92489596027876,0.0068660218857079,0.0346954133600271,Solyc09g092470.2,up,2.70327352905815,1.0201114929107
root,20.8442586704084,-2.20842704687562,0.651774136820965,0.0007031913805353,0.0076181121552957,Solyc09g092560.3,down,-3.38833181943556,-1.42991632504724
root,19.512022083204,-3.38051201481723,0.691406293003511,1.01180883846082e-06,7.91542944110388e-05,Solyc09g092580.3,down,-4.88932780772371,-2.95723594676542
root,10.3462508815905,-1.99447285445582,0.76586300644805,0.0092084646374708,0.042026226378429,Solyc09g092740.3,down,-2.60421620794281,-0.847060835328725
root,2089.86713529501,1.68364299548647,0.53791022803237,0.0017482402443918,0.0142003193237576,Solyc09g097760.3,up,3.12997022132316,0.999298111052694
root,991.660492407779,-2.64142246740746,0.674685601936055,9.0388472594503e-05,0.0018870387076177,Solyc09g097805.1,down,-3.91504199856603,-2.05352588983086
root,17.1557444889982,3.10497836602557,1.11845252502799,0.0055008883198701,0.0300131433246948,Solyc09g097810.3,up,2.7761378302113,1.17958356042234
root,2489.03804464734,4.87859282519524,1.2749309247957,0.000129949323565,0.0024043278394608,Solyc09g097960.3,up,3.8265546237158,3.05639911989195
root,1007.48989865365,2.0302208216259,0.517201061743028,8.65858926902702e-05,0.0018368079896915,Solyc09g098160.3,up,3.92539956276156,1.56831991812502
root,609.592979028788,1.8113964243563,0.569997519915614,0.0014834473403167,0.0127159534947561,Solyc09g098180.3,up,3.17790229091605,1.08538750185919
root,762.460331698261,1.839883004912,0.576998171738454,0.0014290645511812,0.0124016068672319,Solyc09g098390.3,up,3.18871548477973,1.10555873411395
root,20.5452766736075,2.81148068746115,0.832830890243213,0.0007359813538658,0.0078348638538193,Solyc09g098460.1,up,3.37581220917504,1.75016352256739
root,10622.0617032338,1.53655901995499,0.445642269439878,0.0005648268847443,0.0066277431986456,Solyc09g098510.3,up,3.447965162475,1.02752973749984
root,1832.74471534484,1.30259231595001,0.416725197322429,0.0017733267333884,0.0143144947362587,Solyc09g098530.3,up,3.12578246844566,0.819560682525588
root,721.002987381303,-1.38916895889393,0.387143507172232,0.0003329008132569,0.0046290023195827,Solyc09g098590.3,down,-3.58825327858571,-0.971495390755734
root,1537.81041663826,2.08194531179103,0.492770537396915,2.38962760227626e-05,0.0007417009330722,Solyc10g005060.3,up,4.22497928303305,1.71704295734095
root,1394.90907000231,1.1646081610909,0.312410411822604,0.0001931472154117,0.0031929222318347,Solyc10g005230.3,up,3.72781481352228,0.860361854758019
root,37.0323760231911,1.36822486523796,0.438921344854757,0.0018255050422803,0.0145846348176718,Solyc10g005240.3,up,3.11724385536711,0.846257718293335
root,21.2337302327554,-1.90653219112462,0.520631162357965,0.0002502897562726,0.0038084581569065,Solyc10g005450.2,down,-3.66196326491454,-1.36222315882098
root,44.8418653396317,-1.77787999921563,0.681618211203107,0.0090987232340031,0.0416609076885036,Solyc10g005920.3,down,-2.60832232765252,-0.799481902161046
root,1065.98150188117,1.22453893371301,0.46852401612464,0.0089591305817894,0.0412551299700604,Solyc10g005950.3,up,2.61360974372604,0.664695564719585
root,753.421997494426,1.42910877974346,0.423200864563019,0.0007330657542166,0.0078228375921573,Solyc10g006310.3,up,3.37690420651456,0.94472432429017
root,15.9460383228292,1.7189274444252,0.369100637351076,3.20741669287932e-06,0.0001826653884675,Solyc10g006450.3,up,4.6570698353745,1.46371857875339
root,8191.25410256799,1.0202305517804,0.28881442736778,0.0004116847968061,0.0053511395083309,Solyc10g006480.2,up,3.53247779578971,0.756115920155299
root,249.212619032524,1.36423832767669,0.381768109037271,0.0003522765327249,0.0048139170505085,Solyc10g006610.3,up,3.57347377997857,0.952917293740828
root,346.840472222564,-1.04086060341098,0.300293354605996,0.0005279765351294,0.0063560278661395,Solyc10g006780.3,down,-3.46614597841053,-0.758344266859684
root,163.567236812947,-1.06763003695919,0.38443261857336,0.0054836552608043,0.0299579546491089,Solyc10g006820.3,down,-2.77715777844552,-0.658476799512778
root,71.4755089629211,1.46084718389779,0.489556051640898,0.0028448412141817,0.0195387854148955,Solyc10g006920.3,up,2.98402436044108,0.846892554360859
root,496.060118135804,3.2890677287961,0.527951511682069,4.66831161556292e-10,2.04666561745638e-07,Solyc10g007110.3,up,6.22986705411077,3.0542107159214
root,3657.91941224062,1.8405553411784,0.587893665950159,0.0017435320419018,0.0141909174539927,Solyc10g007280.3,up,3.13076232621706,1.07797524059239
root,2156.78836298112,1.11741669941355,0.425094992796947,0.008573002657715,0.0400456496190509,Solyc10g007290.3,up,2.62862823215446,0.641281872305762
root,296.844689805702,1.05108035532124,0.344945891455243,0.0023107034335181,0.0170891214147191,Solyc10g007640.3,up,3.04708761970459,0.701426411004245
root,79.1377773684656,-1.35023053201478,0.463890655041022,0.0036065988712142,0.0228016828772967,Solyc10g007670.3,down,-2.9106655142587,-0.782878858054548
root,16.456037241257,-2.48964801020674,0.650428650134707,0.0001293444424453,0.0023960602524828,Solyc10g007830.1,down,-3.82770348398878,-1.89234475799039
root,202.670701234973,1.45357488366508,0.455857668257139,0.0014293413286872,0.0124016068672319,Solyc10g007880.3,up,3.18865949808955,0.905837779126888
root,161.863891707691,2.84291146401479,0.549806843670404,2.33161477498606e-07,2.51623083716957e-05,Solyc10g007900.3,up,5.17074586601372,2.58500871976914
root,7.65574376501509,-1.05871313479837,0.350682153426086,0.0025360166693171,0.0180908253522408,Solyc10g007940.1,down,-3.01901058966068,-0.699642856865725
root,128.569856746518,-1.04566784895788,0.406283375525674,0.0100605791197655,0.0447032996191605,Solyc10g007950.3,down,-2.57374018221871,-0.611245370166017
root,6.65899015818536,3.81425193632002,1.20938365011983,0.0016111485024255,0.0133906039040452,Solyc10g008080.2,up,3.15388085157435,1.76408912290899
root,234.42963193189,1.73861053367415,0.622527824328575,0.0052250141894335,0.0290167151240027,Solyc10g008120.3,up,2.79282381562515,0.875326874176981
root,24.152744423299,-1.7694114740008,0.515374964404839,0.0005963903037022,0.0068357503001694,Solyc10g008230.2,down,-3.43325073239469,-1.17115924123189
root,352.943201725729,1.06094237436271,0.316229423105149,0.0007937164406882,0.0082280634373609,Solyc10g008390.3,up,3.35497678851325,0.753036231487902
root,12.5972898321989,-1.88569400765378,0.491103581684556,0.00012318108145,0.0023323405164036,Solyc10g008510.2,down,-3.83970730000701,-1.41417448075413
root,145.468631360046,10.5784380098754,1.66423344212721,2.06613871846666e-10,1.24228066261178e-07,Solyc10g008900.3,up,6.35634265127741,8.84309186672773
root,420.12445018442,2.52761524767184,0.625170626360253,5.27534700557254e-05,0.0012878700972769,Solyc10g008910.1,up,4.04308062646455,2.03128679403957
root,866.438142124845,4.38901786916647,1.02728321224526,1.93335471336512e-05,0.0006395218299485,Solyc10g009150.3,up,4.27245166362031,3.34417775067304
root,138.768906451799,-1.39412719197366,0.402023182509691,0.0005247804103941,0.0063250165843835,Solyc10g009190.1,down,-3.46777810988563,-0.947141007520435
root,96.908202821335,1.18037780340187,0.406555030740915,0.003691756423378,0.023170093102764,Solyc10g009290.1,up,2.90336538512566,0.721255843370217
root,1.65309435826935,-3.23243348259943,1.17915005131814,0.0061191952624614,0.0322091908712454,Solyc10g009503.1,down,-2.74132497300574,-1.15206062258389
root,54.6237320390847,-1.5746540539388,0.560314116173244,0.004949443642853,0.0280366331144546,Solyc10g011730.3,down,-2.81030587751947,-0.828276434642967
root,675.939878514379,1.21519923116353,0.365998199374592,0.0008994240753182,0.008991677074108,Solyc10g011810.3,up,3.32023281327621,0.820826334370503
root,1673.58999125297,3.54245127302465,0.75589027401603,2.77967992372508e-06,0.000163395486913,Solyc10g011920.2,up,4.68646230120633,3.0216938660348
root,38.9867144096558,-1.87177021174997,0.468621218547825,6.49111009229979e-05,0.0015027384024461,Solyc10g011940.2,down,-3.99420712862781,-1.45447725485186
root,79.8555838648756,-1.26328759345033,0.373991072563012,0.0007305360545836,0.0078116873641553,Solyc10g011960.2,down,-3.37785494395053,-0.856011006117175
root,2196.46232097155,1.99106997096197,0.437965864136674,5.4629318128569e-06,0.0002642066223953,Solyc10g012370.3,up,4.54617616121018,1.71270159116784
root,206.672810111437,2.57928305221928,0.447354816101609,8.13526050272928e-09,1.86085241325473e-06,Solyc10g017570.3,up,5.76563157338052,2.41696129343861
root,86.4885148129497,6.87631862492588,1.80815105782899,0.0001429798501684,0.0025738819221084,Solyc10g017970.1,up,3.80295583997398,3.25162137217021
root,8.97939609801127,5.70567879090321,1.4416356103091,7.56490999442743e-05,0.0016775128126736,Solyc10g017980.1,up,3.9577815296057,3.47132950212186
root,548.270754601458,-1.51976160975959,0.464669032446812,0.001073072836865,0.0101169702073109,Solyc10g018300.2,down,-3.27063243650425,-0.964381526211774
root,10.8466647320526,3.37472019215093,1.32168868494672,0.0106695378474647,0.0465239015235635,Solyc10g018330.2,up,2.55333970138889,0.954176454011635
root,145.047598430081,3.60154331623678,0.492027899166421,2.48350202191632e-13,5.83215149837189e-10,Solyc10g018340.1,up,7.31979491882147,3.38805430726884
root,81.0892165054133,-1.30958263763295,0.207854719519856,2.96742483092022e-10,1.48682114623536e-07,Solyc10g018530.2,down,-6.30047102446402,-1.19142340779948
root,14.0631757118308,-1.66152998085793,0.466274087680314,0.0003660555715091,0.004915958395601,Solyc10g019170.2,down,-3.56341908066122,-1.14557562925825
root,129.233265806887,3.97828715101736,0.903494397556619,1.06654523182091e-05,0.0004284557516589,Solyc10g037880.2,up,4.40322282216261,3.1940388489694
root,232.622843458416,1.20952732468025,0.394676585642372,0.0021795859812346,0.0164090402278481,Solyc10g038080.2,up,3.06460370004374,0.766924209462446
root,220.559519167726,-1.34630710301665,0.48181692017444,0.0052023526673469,0.0289395478539914,Solyc10g039290.2,down,-2.79422960598649,-0.748505539184857
root,57.640907271358,1.57798052321997,0.538437462797819,0.0033823590757852,0.0218820414239997,Solyc10g039390.1,up,2.93066629320422,0.87501887859558
root,20.7510540315675,2.85950652389196,0.809219999065182,0.000409851420679,0.0053399596782027,Solyc10g044920.2,up,3.53365775338633,1.92063164862411
root,36.2509411793122,-1.06878762315796,0.247306131648998,1.54818237509683e-05,0.0005422152645014,Solyc10g045490.1,down,-4.32171906143794,-0.864647078317188
root,8.77160023428211,-2.01702831897167,0.677643198467396,0.0029152633564201,0.0198228822980609,Solyc10g045545.1,down,-2.97653444103552,-1.07460680162462
root,1196.07123326139,-1.1656736449205,0.419832371610859,0.0054943985431041,0.0300010697823258,Solyc10g046930.2,down,-2.77652159229152,-0.688225979204151
root,105.728012139821,1.46074259746119,0.493674985177623,0.0030872367740571,0.020611615061313,Solyc10g047240.2,up,2.95891556453001,0.838873194051892
root,14.4597991527208,-1.57645095851191,0.53965275709032,0.003486499784439,0.0223165028324057,Solyc10g047260.1,down,-2.92123210305042,-0.870896327958008
root,7.20035050456801,2.16301378247429,0.690243905868576,0.001726202595503,0.0140963164221054,Solyc10g047410.1,up,3.13369486363294,1.23865347608655
root,3686.69733669199,1.52864226315397,0.39171573340456,9.52327547445549e-05,0.0019612039602659,Solyc10g047643.1,up,3.90242753301718,1.14014079433691
root,856.590120784475,-3.00729231131107,0.54999382863411,4.55487147438891e-08,7.31700116847635e-06,Solyc10g048030.2,down,-5.46786555547281,-2.75541157057534
root,62.9564513246691,4.33340002188963,1.1846105997365,0.0002541120054614,0.0038471460740503,Solyc10g049280.2,up,3.65807972919839,2.65557944936362
root,356.086818899009,1.22459970982136,0.322793641457229,0.0001483866129603,0.0026418340804893,Solyc10g049420.2,up,3.7937541281575,0.906154707998287
root,46.2509807570667,-1.1977586469301,0.367882570509356,0.0011306625473014,0.0105421633342543,Solyc10g049570.2,down,-3.25581786946777,-0.80035623529634
root,1438.21759025173,1.44996130092476,0.377613085890092,0.0001231311618928,0.0023323405164036,Solyc10g049970.2,up,3.83980681577012,1.06682982050625
root,1555.23694005527,1.00688522841718,0.268898828916256,0.0001807706090148,0.0030486242273694,Solyc10g050160.2,up,3.74447606363789,0.772469913522503
root,70.5921643982407,-1.09604742781423,0.429607530506747,0.0107329259744477,0.0467433141983191,Solyc10g050325.1,down,-2.55127610663941,-0.618540789852602
root,51.2242331313295,3.37599406737631,0.831451595720774,4.89967902237819e-05,0.0012289492889979,Solyc10g050690.2,up,4.06036152284933,2.63372068815159
root,80.8154814304112,3.09492880591712,0.677674058033115,4.94784012874011e-06,0.0002473214909007,Solyc10g050730.2,up,4.56698728427035,2.66418031765259
root,349.324967183848,2.04274259388733,0.539953187054412,0.0001548344778333,0.0027243618323788,Solyc10g050880.1,up,3.78318462204294,1.52091737465917
root,1477.56241239143,1.94584100814159,0.452632685514758,1.71616490628753e-05,0.0005862820501284,Solyc10g050890.2,up,4.29894055469874,1.61074532526229
root,304.579119745596,-1.05350314247533,0.310969519981008,0.0007045512154517,0.0076210579355805,Solyc10g051095.1,down,-3.38780193807955,-0.754091111592397
root,13.647526731613,2.56694434904186,0.919009352988607,0.0052195132784349,0.0289966835880107,Solyc10g051120.2,up,2.79316455343374,1.11020636023334
root,189.2662507668,1.22331277071578,0.441876533884769,0.0056323752240537,0.0305652149750114,Solyc10g051130.2,up,2.76844927690772,0.703726627387072
root,3182.60088202268,1.14209475394177,0.332689581655796,0.0005971312621613,0.0068367085626947,Solyc10g052880.1,up,3.43291409444673,0.804248414908123
root,11.8894947542724,1.77353717905713,0.691524464515185,0.0103271766624894,0.0455058709581444,Solyc10g053910.2,up,2.56467741933111,0.777599425688435
root,15.5394469518926,-1.19378181603628,0.426175598455111,0.0050920829829848,0.0285601797158668,Solyc10g054040.2,down,-2.80115009015942,-0.702530776954128
root,128.675456659433,-1.45699886075958,0.531373045172563,0.0061075448990128,0.0321720087246121,Solyc10g054420.2,down,-2.74195101538585,-0.76634805747022
root,55.310175973767,4.79779126101611,1.76311461558098,0.0065044974232275,0.0334395119289069,Solyc10g055190.1,up,2.72120213774937,1.09135776503125
root,2315.85478396147,2.33314503343384,0.513220019137502,5.46513524562935e-06,0.0002642066223953,Solyc10g055200.1,up,4.54609124046804,2.03419682392961
root,335.985259617435,2.43006490167443,0.616850692785463,8.16617555144989e-05,0.0017679938097192,Solyc10g055230.1,up,3.9394701669235,1.90513570601938
root,1181.68894100565,3.1499870905885,0.854932495815769,0.0002291643271019,0.0035932515137882,Solyc10g055740.2,up,3.6844863261196,2.21276238318905
root,17.459920208207,1.74640807718641,0.442052041805111,7.79280505164286e-05,0.0017207952728937,Solyc10g055780.1,up,3.95068433584197,1.33209613456145
root,34191.4532753762,3.0039968805573,0.600038110373914,5.54737309823667e-07,5.12012804733739e-05,Solyc10g055800.2,up,5.00634347822567,2.69124153981466
root,34.2354496724412,3.99590384268902,0.858079799296607,3.21166098331968e-06,0.0001826653884675,Solyc10g074440.2,up,4.65679747497212,3.31516747058251
root,475.412681835953,1.12618059732451,0.302701614984863,0.0001988827496905,0.0032672042033479,Solyc10g074920.2,up,3.72043141355829,0.837083510647477
root,87.9632042321158,-2.0354762395268,0.598371693399193,0.0006697005230236,0.0073797530694447,Solyc10g075070.2,down,-3.40169206194196,-1.32937432770671
root,86.2455031079866,-2.94685382712972,0.895738888633379,0.0010023792312585,0.0096939653228886,Solyc10g075090.2,down,-3.2898580875792,-1.72189572240138
root,998.841894134419,-1.81492738594746,0.510050572763583,0.0003732226464363,0.0049821711623337,Solyc10g075100.2,down,-3.55832829696422,-1.25227422789982
root,1023.07378392195,-3.3079577176806,1.10329306126308,0.0027152732328937,0.0189562443752081,Solyc10g075110.2,down,-2.99825842636367,-1.4723515819649
root,2382.38942103177,3.6167690228421,0.874138345210423,3.51072617156138e-05,0.0009746665112709,Solyc10g076220.2,up,4.13752473239401,2.82773056375782
root,9760.75283689424,1.8705593760866,0.55725894598948,0.0007887441445428,0.0082007568071939,Solyc10g076240.2,up,3.35671484423673,1.20260295801917
root,276.305746750491,3.97550233037573,1.33383602715563,0.0028777538414978,0.0197069482071206,Solyc10g076243.1,up,2.98050303743362,1.5085690936949
root,331.267930769699,-1.23671314961159,0.270532004514204,4.84449602414205e-06,0.0002444785955204,Solyc10g076270.2,down,-4.57141162219369,-1.0102615078919
root,158.867284222366,4.28832037862024,0.789811980477618,5.64976302430856e-08,8.59518977531548e-06,Solyc10g076660.2,up,5.42954587245815,3.72247658407012
root,44.6592972429626,4.4336651583829,1.18926224246136,0.0001929438921779,0.0031929222318347,Solyc10g076670.2,up,3.72808031743003,2.78629848749665
root,234.413704483503,1.72525252068823,0.571776555386743,0.0025499148127204,0.0181530471308825,Solyc10g076780.1,up,3.01735442706512,0.971308265083482
root,287.184549496017,4.17147833499863,0.964630276352533,1.52925148899106e-05,0.0005390547459686,Solyc10g078220.2,up,4.32443231076248,3.26175605542516
root,75.456824480229,4.29254436986239,0.909168865405074,2.34233766178197e-06,0.0001451787091765,Solyc10g078230.2,up,4.72139393813258,3.52730918715198
root,664.505857265535,1.221404846488,0.333465621267011,0.0002495113914839,0.0038021127605999,Solyc10g078240.2,up,3.66276092224214,0.883931981841241
root,27.710716132374,-3.48537371553269,0.798326239363594,1.26628558743507e-05,0.0004767032898387,Solyc10g078265.1,down,-4.36585138215067,-2.86678386465988
root,1953.72631709225,1.88347376089053,0.459426954976916,4.13837509786907e-05,0.0010885995694944,Solyc10g078490.2,up,4.09961527177954,1.49723114983291
root,27.8576157599725,2.77927980292875,0.460360898959079,1.56834570323039e-09,5.41053557029185e-07,Solyc10g078495.1,up,6.03717607036778,2.60981990148487
root,2875.75153956856,1.75368689219066,0.414349965608674,2.31230337907356e-05,0.0007241088141253,Solyc10g078560.2,up,4.23238092855762,1.41268169248708
root,70.1551455139573,1.29308843809076,0.443779271616023,0.0035704724854974,0.0226316334291593,Solyc10g078580.1,up,2.91380990685296,0.763224648781577
root,1082.50436043698,1.52434332388292,0.338538373321153,6.70894161409484e-06,0.000306897985446,Solyc10g078740.2,up,4.50271946700959,1.2500811321759
root,483.22639225911,1.94226405185051,0.596988167877541,0.0011401756233943,0.0105886389314701,Solyc10g079110.2,up,3.25343810205787,1.1941882005689
root,374.819208072013,-1.00376058752676,0.358408948771843,0.0051007486811196,0.0285935416210658,Solyc10g079150.2,down,-2.80060135486667,-0.642721925031687
root,310.195523340872,1.27301392785949,0.323548845325061,8.33582737268627e-05,0.0017918197265659,Solyc10g079200.2,up,3.93453398537252,0.958819988078123
root,40.5621197273457,3.12452158069368,0.611037569189419,3.16295922554871e-07,3.23113174477898e-05,Solyc10g079380.2,up,5.11346885730539,2.80372614403515
root,8.88698822255131,-2.88848447582426,0.671415531228251,1.6920088880431e-05,0.0005816745767359,Solyc10g079410.2,down,-4.30208170868528,-2.42012152831227
root,561.729230900589,2.79073767196658,0.479484858712233,5.8747997335638e-09,1.45446218344843e-06,Solyc10g079810.1,up,5.82028320865385,2.60503333090515
root,6972.96232486205,5.80978505710418,0.803795944462568,4.90392346046803e-13,8.59984710850743e-10,Solyc10g079860.2,up,7.22793527029886,5.21288880620094
root,620.91091896583,1.43606248855919,0.377221678440902,0.0001406935578201,0.002552375198937,Solyc10g079970.2,up,3.80694581100056,1.0498709579344
root,46.6421074852973,-1.38770463406371,0.40082262392152,0.0005358953588676,0.0064258586507189,Solyc10g080045.1,down,-3.46214148414791,-0.942089783361221
root,60.5110704767472,3.00578122024922,0.850699988189911,0.0004104010908047,0.0053410516727864,Solyc10g080050.2,up,3.53330347005743,1.99672259897885
root,9.95210969339749,-2.62910129176638,0.943857442368899,0.0053447617809513,0.0294283534584879,Solyc10g080840.1,down,-2.78548557626228,-1.1162930093977
root,5.92529580371203,-2.40012023993501,0.915894244316769,0.0087795483601923,0.0407851690269068,Solyc10g080870.3,down,-2.62052115168104,-0.936882284408165
root,243.472239919785,-1.00816515079899,0.323205720429955,0.0018130118429521,0.0145344842754607,Solyc10g080880.2,down,-3.11926765856077,-0.695565681955182
root,97.23456928734,1.65015804674602,0.595392235925045,0.0055790478923533,0.0303373343273086,Solyc10g080950.2,up,2.77154780861765,0.83741707073861
root,165.574937853284,-2.00422906250696,0.733460785535189,0.0062843324355343,0.0327183304733756,Solyc10g081200.1,down,-2.73256471515995,-0.924497079206802
root,86.6538856561003,1.19306833075878,0.429858219733026,0.0055118144638918,0.0300641389691403,Solyc10g081210.2,up,2.77549265313518,0.696291118785384
root,5.73857987357613,-5.42653215395324,1.41850582189464,0.0001304926931673,0.0024088493289598,Solyc10g081230.2,down,-3.82552688201535,-3.17843969926568
root,2364.22531783825,1.13109413031294,0.252480352190434,7.46677636610986e-06,0.0003322005113074,Solyc10g081440.2,up,4.47992931133039,0.921824178298446
root,5.3751691536059,1.71216788222396,0.669451728999599,0.0105407145289128,0.0460874291598673,Solyc10g081560.2,up,2.55756734661445,0.760723666087089
root,14.3725025141083,-1.73059088187466,0.505253750542141,0.000614366080447,0.006976075499874,Solyc10g081740.2,down,-3.42519155972168,-1.14278826439025
root,45.6028863050838,-1.05689525125465,0.411675408854991,0.0102493196387713,0.0453169031191152,Solyc10g081770.2,down,-2.56730236618756,-0.612657833313149
root,44.3006873586164,-1.65267825567009,0.645171153502959,0.0104187601524156,0.045753837363822,Solyc10g081880.2,down,-2.56161213454271,-0.749181843884166
root,119.219548938012,1.04861959041742,0.400262501212005,0.0087973686087245,0.0408251696491956,Solyc10g083230.1,up,2.61982970486162,0.621536114072162
root,55.37494459559,1.33036529941031,0.370339008094725,0.000327784153647,0.0045741974332555,Solyc10g083250.2,up,3.5922904969007,0.936217882607629
root,2431.48241857627,2.68944252334016,0.45530373820291,3.4856399577988503e-09,9.78024096958921e-07,Solyc10g083290.2,up,5.90691948622128,2.52336426381858
root,71.6885797810981,-3.66289464894213,0.71352325005037,2.84354207472509e-07,2.9770895234087e-05,Solyc10g083440.1,down,-5.13353229720763,-3.21418289126925
root,418.661630365589,-1.1088516713035,0.287441522856253,0.0001144777300055,0.0022264966268356,Solyc10g083470.2,down,-3.85766002171517,-0.843947179381005
root,18.6220125991727,2.34295154989932,0.912003492854139,0.0101987753376928,0.0451647786629647,Solyc10g083580.2,up,2.56901598322502,0.889610876647754
root,104.708763090474,2.06740375945619,0.709016355807109,0.0035469146361519,0.0225486478748635,Solyc10g083670.2,up,2.9158759773641,1.05683213983446
root,643.644797130605,2.41024717607919,0.688294831589353,0.00046218601388,0.0057963304386721,Solyc10g083890.2,up,3.50176561766946,1.63130939526154
root,103.825532221781,-1.14073498597714,0.261888499246009,1.32579340720399e-05,0.0004877621758951,Solyc10g083950.1,down,-4.35580405119498,-0.91749033919315
root,212.201708478352,-1.257505120281,0.486122506773285,0.0096869824048,0.0436796352531847,Solyc10g084000.2,down,-2.58680703476966,-0.665540454913913
root,26.0602745991568,5.19705199217058,0.939200123965204,3.1392565839906e-08,5.50520962945819e-06,Solyc10g084110.2,up,5.533487336255,4.38035727544134
root,44.6022783950142,3.73082676550755,1.07312148077503,0.0005077925342532,0.0061831232314878,Solyc10g084120.2,up,3.4766117651592,2.22304315489823
root,51.7351652997556,-4.42790134963801,0.819446553546449,6.53432156991397e-08,9.43638043586942e-06,Solyc10g084380.1,down,-5.40352672236484,-3.81551015534665
root,757.265022008098,2.24632183687675,0.476313556974872,2.40459214298383e-06,0.0001475283879211,Solyc10g084410.2,up,4.71605689987794,1.99103473155663
root,17.424094235883,3.03875495881146,0.617835513117129,8.72596869819757e-07,7.17301895644022e-05,Solyc10g084600.2,up,4.91838829963045,2.70320900344928
root,517.614506879773,1.02751753886579,0.333899493504681,0.0020886685136324,0.0159542432671074,Solyc10g084630.2,up,3.07732583862511,0.697025293648266
root,36.9053269729323,1.66262464445318,0.396422397857472,2.73989227277733e-05,0.0008178481274939,Solyc10g084680.1,up,4.19407342632277,1.31993924546698
root,38.7338180148166,-1.36169652751498,0.469792202037966,0.0037494256119271,0.0233786407636726,Solyc10g084745.1,down,-2.89850815234464,-0.783571301031418
root,437.862031086887,1.3742372755268,0.531707057056064,0.0097498826387527,0.0438786420551566,Solyc10g084960.2,up,2.58457595642162,0.692728955712383
root,26.8563958704584,-1.45104741437962,0.535293241964035,0.0067130744213497,0.0341715501523072,Solyc10g085080.2,down,-2.71075235146928,-0.754087596023489
root,198.199183532539,1.22016185302246,0.444923119189309,0.0060990060119459,0.0321511729747974,Solyc10g085150.2,up,2.74241054329951,0.696349851737888
root,44.8169324566835,2.17189209940433,0.636234926140315,0.0006409562972298,0.0071480044085342,Solyc10g085350.2,up,3.41366374301391,1.42294953445932
root,14.6769322728414,3.50651461348757,0.599470935528321,4.935011697918481e-09,1.25123356832526e-06,Solyc10g085360.2,up,5.84934882689056,3.19688106217411
root,279.959077346438,-1.03253443157551,0.408411622112039,0.0114658481950422,0.0488512167600941,Solyc10g085460.2,down,-2.52817103057919,-0.598538061239523
root,4976.00432310107,-1.10112944545484,0.287256453459241,0.000126454789362,0.0023667104227939,Solyc10g085590.1,down,-3.83326268981832,-0.8364685852693
root,91.1455666084384,-1.43118537064583,0.415600636372588,0.0005739066988803,0.0066797458394031,Solyc10g085620.2,down,-3.44365538786799,-0.962939088507285
root,258.897069597092,3.92858754362276,0.884744035098247,8.98059107683854e-06,0.0003815171998685,Solyc10g086090.2,up,4.44036623901795,3.18218981672489
root,1535.41529138816,1.35306085509885,0.513954797016194,0.0084722690747586,0.0396729929704542,Solyc10g086100.2,up,2.63264563917713,0.702439066747514
root,2233.92665760151,1.32856510100188,0.28042231900049,2.16126003079506e-06,0.0001378228972365,Solyc10g086180.2,up,4.73772952786811,1.10339371763321
root,3586.94365824351,1.23235424914208,0.312364906384286,7.97203832754904e-05,0.0017465130322765,Solyc10g086190.2,up,3.94523912243194,0.933067578232024
root,30.4450328118966,-1.11684594800545,0.375197623887502,0.0029138117421174,0.0198228822980609,Solyc10g086250.2,down,-2.97668715604745,-0.713687014009641
root,1448.64771008769,1.13845541790357,0.382831764963283,0.0029416097144837,0.0199623459631074,Solyc10g086335.1,up,2.97377470234936,0.721039079835958
root,11.5594128449705,2.46251560417407,0.6784162474531,0.0002836404039081,0.0041193434505478,Solyc10g086450.1,up,3.62980045572142,1.75224006410369
root,223.306326723157,1.36060717225621,0.381393969398813,0.0003604603934908,0.0048721570275658,Solyc10g086500.1,up,3.56745853743025,0.9494313152248
root,65.7704573128898,2.32547489750288,0.6001657558497,0.0001067469003244,0.0021224077163721,Solyc10g086630.1,up,3.87472106636695,1.79065199442053
root,245.913254393369,2.67749497048035,0.572543816907188,2.91827976141173e-06,0.0001705896647198,Solyc10g086710.2,up,4.67648918984726,2.36259080920206
root,78.5772762281125,-1.48400955576911,0.555468973517918,0.0075483025223767,0.0369149660686439,Solyc11g005020.2,down,-2.67163356824509,-0.749850743130116
root,2305.73824210553,1.24805920682731,0.339765347820838,0.0002394404287077,0.0036966243625687,Solyc11g005050.2,up,3.67329751203888,0.901458508887716
root,50.7487663545738,-1.5681001627479,0.448827361847146,0.0004762487811968,0.0059302836399445,Solyc11g005190.2,down,-3.49377131620139,-1.06101507330181
root,8.8807104773167,-1.4528210704877,0.464600937926855,0.0017658190825431,0.0142718782490835,Solyc11g005520.2,down,-3.12702999905787,-0.887343747411882
root,45.6291122682388,-1.51927075697532,0.405342294893682,0.0001781664247246,0.0030187876343848,Solyc11g005660.2,down,-3.74811801313212,-1.09660040234805
root,404.950952724827,1.40683000257465,0.312787379232836,6.86861226532789e-06,0.0003101782757758,Solyc11g005700.1,up,4.49771984414824,1.14336368890784
root,233.668797659999,1.15477556216245,0.42281032074268,0.006310596887429,0.03281448008378,Solyc11g005760.2,up,2.73119057295963,0.674707897013272
root,353.000129125017,3.13162850301994,0.699237642976709,7.51227002145241e-06,0.0003328172849083,Solyc11g005840.2,up,4.47863260005333,2.66386558060308
root,321.818999239574,2.12017223079312,0.603905300665153,0.0004468118656721,0.0056540642821429,Solyc11g005860.2,up,3.51076936807464,1.44520233767318
root,91.3856968840763,-1.130347293614,0.447768275357748,0.0115895192993088,0.0491614279650585,Solyc11g005940.2,down,-2.5244023657346,-0.620163044649236
root,23.0302264896144,4.43961832793341,1.03919592553331,1.93582686598175e-05,0.0006395218299485,Solyc11g006240.1,up,4.27216679631901,3.36999221484097
root,55.7736962898024,4.206296731121,0.846366490841379,6.7011974449384e-07,5.82727268724313e-05,Solyc11g006260.2,up,4.96982900036542,3.55455250947523
root,150.497963350461,-1.23815083727314,0.424524605204847,0.0035391636994559,0.0225418162504089,Solyc11g006360.1,down,-2.91655847998655,-0.744418621540335
root,280.131594800649,1.12218485784859,0.277424228638352,5.23200223153643e-05,0.0012805430470602,Solyc11g006420.2,up,4.0450138885002,0.873423392639824
root,73.2209757035553,-1.04225225448283,0.413174107417319,0.011650745815658,0.0493713844028809,Solyc11g006560.2,down,-2.5225497817319,-0.599636372821448
root,11.0542265739954,-2.3970518428631,0.609457499203993,8.38604499324361e-05,0.0017933461654484,Solyc11g006590.2,down,-3.93309106212307,-1.8758831777994
root,378.027789169337,1.17501703352035,0.437766015771282,0.0072720743413924,0.0359655775417773,Solyc11g006720.2,up,2.68412117704051,0.669421213237136
root,132.520092474718,1.05302474176141,0.340071934409393,0.0019583540626213,0.0152466159429538,Solyc11g006900.1,up,3.09647646634002,0.710283016876073
root,794.596075299619,3.20002318162014,0.606781323138732,1.33651736873586e-07,1.61641790274009e-05,Solyc11g006910.2,up,5.27376677493499,2.88653264918342
root,2310.87955091478,2.6158611009848,0.499027718643347,1.58918203925178e-07,1.83751356230849e-05,Solyc11g007020.2,up,5.24191543527133,2.40162331877701
root,43.2249393252829,7.35551411978861,1.4461655830337,3.65273241683788e-07,3.59196733551105e-05,Solyc11g007220.2,up,5.08621848430285,5.51985622767468
root,22.2006155108003,2.73425194392843,0.84049610715951,0.0011413703886431,0.0105950588701392,Solyc11g007330.2,up,3.25314052098223,1.59731124539468
root,36.9651205261238,3.77139971664776,0.989816368129408,0.0001388536265684,0.0025320933427268,Solyc11g007370.2,up,3.81020140511022,2.64059479719052
root,451.395271672376,3.0785936204403,0.666217546503428,3.81888314570625e-06,0.0002034546251094,Solyc11g007490.2,up,4.62100350943617,2.66706365024468
root,120.472097032298,1.22409649923247,0.270337249857307,5.95347535181181e-06,0.0002796538734453,Solyc11g007570.2,up,4.52803488930435,0.9960665734242
root,587.036110245146,1.4620192812564,0.419572886818183,0.0004929803702197,0.0060846210621139,Solyc11g007730.2,up,3.48454184526454,0.991804896371396
root,117.086965734744,1.2482339250279,0.263443189113791,2.15675808520151e-06,0.0001378228972365,Solyc11g007940.2,up,4.73815219602713,1.03545464611696
root,238.716037534453,2.33976645818944,0.794803166046082,0.0032417662426375,0.0213038406744433,Solyc11g007980.2,up,2.94383132597359,1.17301737921201
root,486.993037863664,-1.00982183976476,0.37376220951907,0.006897017054154,0.0347642699132017,Solyc11g008540.2,down,-2.70177619365031,-0.626794952502271
root,439.047262937009,-1.03076840142635,0.372543033184785,0.0056601858615189,0.0306360471372952,Solyc11g008780.2,down,-2.76684385321758,-0.645160361851933
root,84.2765724039867,1.86189341653973,0.487888472095822,0.0001355075598624,0.0024861561375288,Solyc11g008880.2,up,3.81622752540471,1.38604193405663
root,21.4869516033581,2.158042343006,0.717046190197809,0.0026156777541585,0.018440309098329,Solyc11g010340.2,up,3.00962807209208,1.15308565007986
root,240.963331619679,1.44827640492851,0.283961636849326,3.39198413934846e-07,3.41535474777268e-05,Solyc11g010370.1,up,5.10025375609799,1.25062942689326
root,600.242930201635,2.33132953640736,0.401592405053467,6.42841473801265e-09,1.57301813658998e-06,Solyc11g010380.2,up,5.80521321387285,2.19524752766962
root,1147.23901749444,1.25711046316156,0.26991834112661,3.20269472090874e-06,0.0001826653884675,Solyc11g010650.3,up,4.65737325560953,1.03509486078892
root,262.547979022416,-1.01950735354918,0.326478901196158,0.0017917850969761,0.0144082252887907,Solyc11g010670.1,down,-3.12273580257067,-0.70074628109085
root,46.3812647819015,2.73821961125493,0.948953578498337,0.0039077406696423,0.0240592436079442,Solyc11g010990.2,up,2.88551481684489,1.23428733119789
root,90.588004101446,2.30707079111841,0.784816153214552,0.0032860211598153,0.0215088738062686,Solyc11g011030.2,up,2.93963214399806,1.15863305158631
root,416.865049199006,1.9390694557377,0.627811190017904,0.0020108926473239,0.0155406628241955,Solyc11g011050.2,up,3.08861881815519,1.10439201592354
root,1787.80872705736,1.51029987786509,0.494985240842165,0.0022792729750235,0.0169487704898926,Solyc11g011210.2,up,3.05120184047402,0.889437692370065
root,4921.6893820059,2.22528402527225,0.504844822120405,1.04398201766535e-05,0.0004241227331997,Solyc11g011330.2,up,4.40785747970198,1.90112632795382
root,950.759215497347,4.16574742270234,0.785973949571673,1.15733711484244e-07,1.44112439318013e-05,Solyc11g011340.2,up,5.30010876947323,3.6083938144839
root,178.195735119336,1.40011313488644,0.334009526365989,2.76706079087982e-05,0.0008236213194239,Solyc11g011400.2,up,4.19183593390169,1.09305962520793
root,106.912063262063,3.20357836852234,0.686728611115292,3.08640210862794e-06,0.0001789875369342,Solyc11g011500.2,up,4.66498456110561,2.77235705901051
root,179.834089104344,-1.25247703848738,0.25655230546011,1.05038755981187e-06,8.12660140025034e-05,Solyc11g011540.2,down,-4.88195588903846,-1.05171041448423
root,1555.12163071301,1.80586524369858,0.434620356320766,3.25229729089765e-05,0.0009261345627828,Solyc11g011610.2,up,4.15504064049357,1.44166950901884
root,121.410029637849,2.25746224176631,0.33258114036278,1.1393232295138699e-11,1.14171038294714e-08,Solyc11g011750.2,up,6.78770371435935,2.1705212709035
root,1132.25127769867,1.24203906133434,0.357787399621317,0.0005176665387454,0.0062707204508659,Solyc11g011790.2,up,3.47144439029691,0.862733617815963
root,31.9595767588474,-1.32068757861782,0.519317444462751,0.0109866884517827,0.047455638706756,Solyc11g011800.2,down,-2.54312192417127,-0.667586038102504
root,144.340208013851,1.05060355177102,0.395924336180902,0.0079650845742652,0.0381381660479721,Solyc11g012020.2,up,2.65354628590193,0.628937219365634
root,1673.40652702778,1.15834478656085,0.330970303509169,0.0004655286329024,0.0058278313806065,Solyc11g012080.2,up,3.49984507455593,0.823120441088015
root,165.766762553622,1.04754462450537,0.377018612972748,0.0054611222920509,0.0298864998119456,Solyc11g012130.2,up,2.77849577835324,0.652532599950571
root,4.60187075411268,3.7866354966321,1.11617346763494,0.0006925408004731,0.0075586390321756,Solyc11g012240.1,up,3.39251523748867,2.11974659492809
root,41.8814319252292,-1.30616858443873,0.516784607979588,0.0114880680494125,0.048903227145556,Solyc11g012640.1,down,-2.52749126864537,-0.659712263084965
root,312.943715380701,2.6787608450921,0.66747997570799,5.98896305856508e-05,0.0014176798493188,Solyc11g012785.1,up,4.01324525466216,2.13343606664157
root,222.258532368614,3.3604939520453,0.949643600010577,0.0004021183554863,0.0052723854659536,Solyc11g012880.2,up,3.53868962209388,2.166197572266
root,315.051929066121,1.25877176423962,0.37880011383925,0.0008903891464485,0.0089267980933131,Solyc11g012910.2,up,3.32305012129378,0.842705234254519
root,3634.62908297513,1.0582240696222,0.348659690124263,0.0024043983834456,0.0175262069903808,Solyc11g013810.2,up,3.03512020344262,0.702187617714003
root,19.6652212452346,2.48023900886588,0.967270424389212,0.0103424968425452,0.0455329505344185,Solyc11g016930.1,up,2.56416297482893,0.905750849312404
root,8.71120553667649,2.3984112043595,0.847350552972585,0.0046477803497203,0.0269889320307711,Solyc11g017100.1,up,2.83048284555389,1.1009132473749
root,1125.42192679532,1.16467439039095,0.431668415932712,0.0069741420933642,0.0350188132218464,Solyc11g017470.2,up,2.69807645730674,0.66987142711552
root,540.655331024731,2.50489278987096,0.924924669331397,0.0067646641040633,0.0343439303753701,Solyc11g018775.1,up,2.70821275821488,1.02506748094643
root,356.390170193483,2.2838663707853,0.616285688837605,0.000210677502378,0.0034051439017235,Solyc11g018800.2,up,3.70585657293611,1.67079928729523
root,870.933901384815,-1.07158119997693,0.376370791729826,0.0044113639217525,0.0260546568535952,Solyc11g020280.2,down,-2.84714229563849,-0.673235777346027
root,7.5839923080847,-2.86087158896253,0.790604991935406,0.000296217885729,0.0042608401826947,Solyc11g020640.2,down,-3.61858528360553,-1.99449870912794
root,347.115705018053,-1.02699126820991,0.337281365253104,0.0023275025477678,0.0171799241021492,Solyc11g020820.2,down,-3.044909603705,-0.691705391522176
root,1057.38699261113,2.84631770061937,0.662294642764034,1.72610063609249e-05,0.0005868184456531,Solyc11g020960.2,up,4.29766076430951,2.38642574570341
root,5.33283015258456,2.04820591075724,0.734859724250453,0.005316456420729,0.0293337863210707,Solyc11g021310.1,up,2.78720665069294,0.970218955990832
root,130.153576321036,-1.19737990928928,0.305720023847641,8.98103929713754e-05,0.001880924046038,Solyc11g022400.1,down,-3.91658974188099,-0.906302690933795
root,1579.66021481605,1.28186559903805,0.35916835405945,0.0003583702500849,0.0048591559323877,Solyc11g027870.2,up,3.56898258031352,0.903012554823062
root,3.4478101693076,-2.04828479770889,0.798662606302988,0.0103281885533417,0.0455058709581444,Solyc11g030475.1,down,-2.56464341956663,-0.834972823248774
root,101.687134275865,1.55478970691616,0.551309129926421,0.0047997063945958,0.0275295230795975,Solyc11g031950.1,up,2.82017768710572,0.825315029224499
root,10.3336600693682,1.90902434578765,0.677350420503128,0.0048268099003529,0.0276546113648317,Solyc11g039860.2,up,2.81837035602584,0.944344532029029
root,75.8076477085667,-1.33917790860086,0.489624856611827,0.0062359407268706,0.0325889609525541,Solyc11g039890.2,down,-2.73511013690744,-0.729191986893953
root,52.2477012026612,-1.16117464438336,0.432028066940666,0.0071939615499931,0.0357701385571208,Solyc11g040060.2,down,-2.68772964822869,-0.666485791579167
root,34.9949097364319,2.7051234688219,1.04888975597784,0.0099076726631278,0.0443191720752878,Solyc11g040140.2,up,2.57903507342391,0.944338303474131
root,39.3788692994827,-1.41279085681654,0.462766131729076,0.0022662164992172,0.0168815079679744,Solyc11g040170.2,down,-3.05292621899058,-0.84783677021946
root,106.483557961831,1.30819658084552,0.407129088542195,0.0013125430378853,0.0116692672958429,Solyc11g040330.2,up,3.21322307263716,0.842656663587356
root,299.40126460306,1.44369335342226,0.373650748533273,0.0001116591668469,0.0021797360919546,Solyc11g040340.2,up,3.86375073270783,1.0672087257333
root,214.636815379445,1.76994871419824,0.408636772572698,1.4819817253133e-05,0.0005276958278763,Solyc11g042420.2,up,4.33134958230751,1.45083375305157
root,14.8578618679378,-1.79587286544686,0.610300152578879,0.0032546238699722,0.0213631642918577,Solyc11g042557.1,down,-2.94260595849147,-0.966691609371016
root,80.1160269359868,-1.14182325804621,0.419026710142889,0.0064312887599136,0.0331878471465479,Solyc11g044510.2,down,-2.72494146651618,-0.66956919554782
root,35.5451476959675,1.45268638574389,0.555239444649406,0.0088882125602504,0.0410330932910933,Solyc11g044840.2,up,2.61632418183323,0.722383715601151
root,66.0823030534505,-1.10284677751258,0.393037408503704,0.0050167105307307,0.0282730734892066,Solyc11g045110.2,down,-2.80595880608699,-0.675172664686702
root,118.501526606263,-1.28617835479576,0.467850356277392,0.0059754888197958,0.0317545926070163,Solyc11g045160.2,down,-2.74912338430105,-0.717504613543756
root,7.54272519550042,2.41487169930972,0.857833429268555,0.0048764744457694,0.0277652944363563,Solyc11g045260.1,up,2.81508229560231,1.09280752011871
root,22.6704932327333,1.5746078603357,0.591619548429549,0.0077788485209687,0.0375768917080841,Solyc11g045465.1,up,2.66152101382635,0.770690676088121
root,161.807138362387,1.47273604676581,0.546250249718395,0.0070160168803307,0.0351619574255014,Solyc11g051060.2,up,2.69608306362338,0.755267319770669
root,1015.56465922709,-1.72703286661746,0.364024666757862,2.09255154526688e-06,0.0001346656107602,Solyc11g056650.2,down,-4.74427428778125,-1.48585647332506
root,16.5180206318068,-2.24483248753206,0.466883114055534,1.52352308511955e-06,0.0001040942201404,Solyc11g062030.1,down,-4.80812524580841,-2.00649717282237
root,125.698625774301,-1.76770477659224,0.551217557926289,0.0013416923640218,0.0118483315604174,Solyc11g062320.2,down,-3.20690941566239,-1.07516233675983
root,259.830964195334,1.42499509920444,0.345219080800599,3.66251470820264e-05,0.0010061874610889,Solyc11g062400.2,up,4.12779935541144,1.10247737210192
root,23.7138270290174,-1.73690262870897,0.358909838717001,1.30242004676952e-06,9.52455146270589e-05,Solyc11g064750.2,down,-4.83938427243427,-1.51013467198095
root,95.2013503789293,-1.60910321184935,0.595285629587208,0.0068700718878844,0.0346954133600271,Solyc11g065120.2,down,-2.70307753433451,-0.796810654784626
root,215.886351534962,1.15689303726223,0.40439126259153,0.0042253888931441,0.025361974862329,Solyc11g065190.2,up,2.86082599769419,0.704080128276222
root,14.9983382862549,-1.62538839204799,0.485390785854404,0.0008121564624406,0.0083493017076705,Solyc11g065250.1,down,-3.34861814318728,-1.04965643007208
root,7.14174669104256,4.19200880340181,1.30144590258871,0.0012772649353832,0.0114280456208355,Solyc11g065470.2,up,3.2210396106849,1.91260785272646
root,955.736063130597,1.06081189213862,0.352514791724158,0.0026187699705351,0.0184559260749974,Solyc11g065940.2,up,3.00926916272127,0.698770728716527
root,18.5265780286673,1.4291604010379,0.454644980062561,0.0016696060820842,0.0137731048182594,Solyc11g065990.2,up,3.14346460141546,0.881158900137357
root,698.970154397779,-1.13823034931568,0.29791913800281,0.0001331265243321,0.0024488763794102,Solyc11g066080.1,down,-3.82060164696416,-0.857066146984445
root,206.255064043766,-1.76591638007688,0.500780063658505,0.000421359616829,0.0054365982688849,Solyc11g066100.2,down,-3.52633123446605,-1.20519873034996
root,382.720379363128,1.75546491898044,0.483812776146093,0.0002851862721433,0.004138937869644,Solyc11g066250.2,up,3.62839719315381,1.23535726521047
root,62.7231719917444,1.41608084171469,0.439436175343883,0.0012707942016259,0.0113846714257197,Solyc11g066350.2,up,3.22249491773528,0.896907651673329
root,503.791256952225,3.15249132901575,1.16273417102158,0.0067025144666475,0.0341551299887391,Solyc11g066430.1,up,2.71127434592033,1.11286024933026
root,1111.18576929861,1.27399969519487,0.448585597129846,0.0045108300958868,0.0264491246970863,Solyc11g066440.2,up,2.84003700374292,0.737707759716664
root,476.98035212873,-2.28717833242122,0.484034634482938,2.29847206583601e-06,0.0001451787091765,Solyc11g066560.2,down,-4.72523693446949,-2.03065760116168
root,477.840582268946,1.24652967566019,0.369339000314387,0.0007380802982568,0.0078484900437172,Solyc11g066680.2,up,3.37502856345831,0.846887493771074
root,78.4589998787235,1.57861784768506,0.562827471356821,0.0050347988475591,0.0283370705932161,Solyc11g066700.2,up,2.80479885581891,0.82748758235039
root,717.168906961036,2.39550059123963,0.443383838115809,6.56198313759765e-08,9.43638043586942e-06,Solyc11g066800.2,up,5.40276930575431,2.22265381025932
root,1211.02203452085,1.64035827504275,0.30320369308343,6.29942351615659e-08,9.20590753291661e-06,Solyc11g066890.1,up,5.41008672539942,1.47533213908665
root,8.03697793896881,3.56899921954527,0.951569776610922,0.0001763811626764,0.0030030462680938,Solyc11g067290.1,up,3.75064373340702,2.48646959536505
root,44.8552950002038,3.13407863284631,0.805805781401156,0.000100503863348,0.0020278075745886,Solyc11g067320.1,up,3.88937223482896,2.369140213502
root,33.9636628234934,2.35048779878336,0.634000394488007,0.0002094049234263,0.0033897824681408,Solyc11g067330.1,up,3.70739169757381,1.72089600641731
root,159.037150522132,1.45898529993071,0.496509447149351,0.0032982118100237,0.0215484536883388,Solyc11g068370.2,up,2.93848447055196,0.831661528108552
root,953.81775856396,1.61596531549106,0.388958135796314,3.25857653739472e-05,0.0009266687115261,Solyc11g068400.2,up,4.15459960024411,1.26939091444643
root,3438.43344784546,1.13419658335197,0.418304001757156,0.0066996310839968,0.0341538363690963,Solyc11g068770.1,up,2.71141700434992,0.664374620655601
root,28.0141984165961,3.14031740919829,0.687576908570641,4.94226983011343e-06,0.0002473214909007,Solyc11g068780.1,up,4.56722349173491,2.69802150561448
root,77.9427336290312,2.05924464415934,0.632857568152462,0.0011383905242285,0.0105814002614248,Solyc11g068920.1,up,3.25388325554992,1.26022119814903
root,266.43827410399,2.47309604319796,0.568650828653432,1.36722885743196e-05,0.0004984045779388,Solyc11g068940.1,up,4.34905906855752,2.10305547024559
root,3.89070675319708,-1.62229312439263,0.604165885643319,0.0072491123329257,0.0359047840011365,Solyc11g069120.1,down,-2.68517829778687,-0.793259102497949
root,76.8907825364649,1.78793381036419,0.522176018714558,0.0006170526324503,0.0069897410968626,Solyc11g069220.2,up,3.42400597937368,1.17948498737346
root,63.6370963244506,2.29519807771505,0.489261599887303,2.71677706015484e-06,0.0001610399720041,Solyc11g069390.1,up,4.69114698199027,2.03135150244859
root,602.477063535405,3.96049499665967,0.746154733476361,1.10911521049045e-07,1.39761799338689e-05,Solyc11g069660.2,up,5.30787358033312,3.4634636109369
root,14.4586013321959,3.34611628260725,1.22212858863086,0.006182511836189,0.0324208270821733,Solyc11g069680.1,up,2.73794125571998,1.15538297245445
root,1678.29729155912,3.02631742736422,0.559183125810805,6.23132654281502e-08,9.17007243125869e-06,Solyc11g069700.2,up,5.41203281657707,2.76480838090203
root,54.463362761315,3.0488575279144,0.858974719890112,0.0003860884765005,0.0051067541794322,Solyc11g069750.2,up,3.54941473516757,2.03388225053313
root,391.459862290838,1.00630859692281,0.238282745443016,2.40889734346712e-05,0.0007454828778812,Solyc11g069800.1,up,4.2231702301897,0.815277600094932
root,56.9652936055938,5.41700526432884,1.24403230605967,1.33436283472814e-05,0.0004892043814289,Solyc11g069880.2,up,4.35439275808406,3.89997978186272
root,155.157527986115,-1.32287884320474,0.511552720459264,0.0097094998722661,0.043743677009627,Solyc11g069890.2,down,-2.586006857743,-0.680922552809323
root,55.8031902089395,-1.03169042584497,0.339590541947767,0.0023812053936241,0.0174174787290326,Solyc11g069925.1,down,-3.03804228447464,-0.692430689261033
root,403.680675022247,1.50764149137821,0.466726883646906,0.0012368482115056,0.0111709157780796,Solyc11g071470.1,up,3.23024351971718,0.94550246219764
root,697.36785407994,1.0604914844986,0.231018242141179,4.42164878708148e-06,0.0002280617085179,Solyc11g071790.2,up,4.59050971330011,0.879753221585736
root,122.669769044148,-1.51517360432139,0.54491686582059,0.0054265364629509,0.0297695603040508,Solyc11g071830.2,down,-2.78055919968579,-0.79780676049968
root,3890.69279723772,1.16939232159424,0.281165108196945,3.19511369269752e-05,0.0009160486723314,Solyc11g072450.2,up,4.15909473651731,0.917282075345202
root,53.4614590870682,2.24043701135557,0.592796361468857,0.0001571828128417,0.0027495886229765,Solyc11g072470.2,up,3.77943785924077,1.67638117980373
root,3811.27857086666,1.11105667436493,0.358933118172154,0.0019651975692564,0.0152773467722526,Solyc11g072550.2,up,3.09544207016316,0.733449132838447
root,30.3099631597872,1.83685250338355,0.496902583076782,0.0002185020315192,0.0034703069821068,Solyc11g072570.2,up,3.69660485966868,1.32212677723589
root,1833.68542349827,1.4968579935877,0.449019562821337,0.0008572547024793,0.0086940086549282,Solyc11g072600.2,up,3.33361420643335,0.970737902363281
root,332.823166452818,1.1893393888221,0.270365159244514,1.08745168238411e-05,0.000435063368899,Solyc11g072630.2,up,4.39901129326535,0.956838495135667
root,38.5384746479963,-1.19362371825804,0.308043865417141,0.0001066904743943,0.0021224077163721,Solyc11g072670.1,down,-3.87484982582492,-0.898288786100396
root,4.27953361293359,-2.00712376763966,0.742432830210936,0.0068625514599437,0.0346954133600271,Solyc11g072750.2,down,-2.7034415585709,-0.908054801967066
root,440.628190215447,1.50978786224715,0.520741703206937,0.0037399355730706,0.0233402147685939,Solyc11g072860.2,up,2.89930276939463,0.837780540209902
root,1155.42229335574,2.14763562439032,0.617380729197511,0.000503994585013,0.00615557866919,Solyc11g072920.2,up,3.47862432826803,1.44564839764119
root,45.0396742087318,4.14047089848989,0.637129087550347,8.105076591733839e-11,6.09154399273025e-08,Solyc11g072930.2,up,6.49863737097501,3.77024803659508
root,95.3343023490831,-1.13735393215533,0.408007670848437,0.0053103377464333,0.0293155161426921,Solyc11g072990.2,down,-2.78757977709155,-0.682031899709866
root,22.8254831489007,4.33477297309101,0.896750946942614,1.33907444960258e-06,9.61184044739852e-05,Solyc11g073030.2,up,4.83386495199141,3.59530018788603
root,2456.15328892802,-1.05029881711212,0.370622501330424,0.0045986937422837,0.0267926110500052,Solyc11g073120.2,down,-2.83387763382381,-0.663780058766206
root,36.1902743518181,-1.41868770051261,0.481931047353002,0.0032425490249117,0.0213038406744433,Solyc11g073160.2,down,-2.94375659817879,-0.817895042569436
root,1204.88193600885,1.76440730333317,0.391140431311852,6.45438657666552e-06,0.0002978642787705,Solyc11g073250.2,up,4.51093050497362,1.48272167989524
root,588.476805619595,1.09678574323302,0.301303037399904,0.0002724880699514,0.0040051460713359,Solyc12g005200.2,up,3.64014167496532,0.810125237552921
root,63.8886494491553,-1.22080913527892,0.307318407584222,7.11351036415409e-05,0.0016113747266228,Solyc12g005240.1,down,-3.97245692139137,-0.929127806151847
root,135.548395879798,1.14525539770424,0.369201167751424,0.0019222960968124,0.0150326269272836,Solyc12g005380.2,up,3.10198205677215,0.748483072368161
root,36.4678059906696,-3.47121051317554,1.22707790134682,0.0046716636499845,0.0270827795730783,Solyc12g005420.2,down,-2.82884282193136,-1.27299420113638
root,61.0813698205947,2.51478319148092,0.728256917039768,0.0005540728574014,0.0065689629358631,Solyc12g005430.1,up,3.45315387006973,1.6594303326916
root,1262.47220870537,1.29468389080732,0.29340805311389,1.02150240218762e-05,0.000420818747534,Solyc12g005570.2,up,4.41257108340093,1.03902094309434
root,29.8004854279851,1.61462872322695,0.486549701516202,0.0009049330576891,0.0090338763121487,Solyc12g005650.2,up,3.31852782602762,1.03294761490289
root,71.7143201751954,3.80606862562849,0.817957227052169,3.26919800612652e-06,0.0001844423668657,Solyc12g005710.2,up,4.65313894143971,3.19011741678093
root,969.911648366239,1.18850801531601,0.376215990050742,0.0015825128740645,0.0132421679789208,Solyc12g005720.1,up,3.15911084788211,0.777538870959582
root,26.2628117038145,1.45099913659157,0.528929411409399,0.0060829612252759,0.0320826656703526,Solyc12g005750.1,up,2.74327557759588,0.764985641572356
root,110.509172580185,2.26697228841846,0.508331761176016,8.21007232172714e-06,0.0003554995101613,Solyc12g005820.2,up,4.45963140916842,1.95279872585538
root,69.36932186056,2.68785352664909,0.698092223132013,0.0001179807952925,0.002265317386985,Solyc12g005840.2,up,3.8502842999596,2.04923600520969
root,827.591972697961,1.2729998830653,0.37359407975503,0.0006557502040196,0.0072673624353959,Solyc12g005850.2,up,3.40744126325561,0.866958206037489
root,285.199082512611,-1.34634478920738,0.356207422985383,0.0001570393941903,0.0027493652340604,Solyc12g005880.2,down,-3.77966516790592,-0.982393661452618
root,1425.71078982355,1.34164339973544,0.473736057020015,0.0046250860246568,0.0269016888620449,Solyc12g005940.2,up,2.83204831013898,0.7578132658192
root,20.149594167431,-1.20259622511727,0.468421591766905,0.010248286991467,0.0453169031191152,Solyc12g006225.1,down,-2.56733730095795,-0.647368721272995
root,60.8429385640721,3.33820114891755,0.731838069126613,5.08153352650419e-06,0.0002498499802143,Solyc12g006280.2,up,4.56139314111032,2.83962492924843
root,88.2305740715644,-1.20875210872497,0.456121612964788,0.0080476188893974,0.0383761821682484,Solyc12g006350.2,down,-2.65006540880203,-0.670054711548421
root,46.9784810532907,-1.59899003800394,0.381650424925344,2.79358161029181e-05,0.000829169695444,Solyc12g006360.2,down,-4.18967183992189,-1.26178155710155
root,1804.56308818567,1.13898693073609,0.404455984904596,0.0048611120157444,0.027730344608112,Solyc12g006370.2,up,2.81609612231293,0.688679626938329
root,1040.45327814165,-1.25802562520502,0.45799311370556,0.0060175757696046,0.0318843146740488,Solyc12g006420.2,down,-2.74682214111585,-0.708577362128051
root,39.4293239922385,3.47621198601594,0.749674457497173,3.53567349380222e-06,0.0001927583238434,Solyc12g006430.2,up,4.63696201898283,2.96052139529124
root,98.7877607159177,-1.49862220685836,0.404649371931314,0.0002126384295693,0.0034158497037074,Solyc12g006800.2,down,-3.70350805119435,-1.07090514315708
root,908.817196115482,1.200591871137,0.350699469824062,0.0006183826125639,0.0069897410968626,Solyc12g006830.2,up,3.42342083305491,0.832362634903076
root,326.284957500864,1.5891311573696,0.571086468081235,0.0053917692806701,0.0296406459619701,Solyc12g006860.2,up,2.78264544195705,0.822345182562364
root,967.293188063691,1.72850726789654,0.546659803040875,0.0015672010954658,0.0131727701316731,Solyc12g007050.1,up,3.16194323833848,1.03516288778953
root,14.7376676196522,1.62679958008922,0.630032169797459,0.009820405494052,0.0440734939681875,Solyc12g007210.2,up,2.58208970601009,0.751829055936556
root,3.44055651754325,-2.28952877189875,0.77256381505494,0.0030411613325235,0.0203945822439855,Solyc12g007220.2,down,-2.96354647639812,-1.17058038959421
root,174.438592874116,-1.1216749871498,0.391176385655062,0.0041380668525643,0.0250594183727668,Solyc12g008350.2,down,-2.86744043935947,-0.693785500966669
root,13.2437200949431,2.37871083934655,0.806916160135265,0.0031993709002166,0.0211124368843395,Solyc12g008440.1,up,2.94790333477496,1.18934373726895
root,331.876289523531,1.17562058946684,0.287111387099559,4.22806938653607e-05,0.0011049736402293,Solyc12g008470.2,up,4.09464981985958,0.914184540936822
root,5631.52988541715,1.0910488295458,0.275543809504576,7.50690589696036e-05,0.0016741316711506,Solyc12g008590.2,up,3.95962018347461,0.844565883979256
root,4.82779922248111,-1.58069066909724,0.575987293840394,0.0060637289882127,0.0320213583006147,Solyc12g008610.2,down,-2.74431517153441,-0.804745617424766
root,6584.66047026433,1.0106254640497,0.340938460007343,0.003034256245681,0.0203627933459327,Solyc12g008700.2,up,2.96424599333244,0.672577297784927
root,2763.17119995828,1.23332155801805,0.458479041426178,0.0071445977830447,0.0356028689903847,Solyc12g008960.2,up,2.6900282162988,0.686832508055248
root,45.0375209656485,-1.47816058297323,0.495242189381495,0.0028383554543133,0.0195261040145702,Solyc12g008980.2,down,-2.98472265624076,-0.854113757901186
root,85.3576810934191,2.40078119529152,0.757468614449644,0.0015271226517955,0.0130003111182786,Solyc12g009270.1,up,3.1694794338586,1.3760182003981
root,7582.19610436113,1.02537536484401,0.254482445563592,5.59532437223789e-05,0.0013472311909539,Solyc12g009560.2,up,4.02925774535509,0.810940286034146
root,6.32800134871403,-3.33200609143204,1.26099291658899,0.0082328788589649,0.0389239164461398,Solyc12g009740.2,down,-2.64236701697356,-1.04731131958057
root,39.1723533976262,3.13664178875643,0.88734842918125,0.0004080098409967,0.005323099252285,Solyc12g010020.2,up,3.53484796457079,2.06215639981684
root,223.218979286322,1.59645402925895,0.562362015759461,0.0045278296891302,0.0265118664379677,Solyc12g010170.2,up,2.8388368782393,0.846742749066136
root,84.2149776430946,-1.05954395115821,0.350808586079475,0.0025253208046866,0.0180527885072328,Solyc12g010310.2,down,-3.02029081727828,-0.700177045336644
root,198.166717673548,-2.87023704681063,0.747074470988009,0.0001220511952181,0.0023259872575862,Solyc12g010545.1,down,-3.84196911857359,-2.16831572491052
root,88.0513223075755,2.78422814476342,0.609844748914555,4.98375537970702e-06,0.0002477151298073,Solyc12g010670.1,up,4.56547039179887,2.42299225130917
root,291.861055428449,1.54827925877602,0.438856725000136,0.0004187383506421,0.0054127333236575,Solyc12g010710.1,up,3.52798344100923,1.05818175086686
root,69.6416632819021,-1.7433573870665,0.49608624706288,0.0004410434351935,0.0056012782439423,Solyc12g010740.2,down,-3.51422237038055,-1.18500825590683
root,406.040337175265,-1.22646637443114,0.342360113706525,0.0003404690824092,0.0047106057660879,Solyc12g010745.1,down,-3.5823868649678,-0.873649494896356
root,25.7003157728781,2.83245402470033,0.775468966341036,0.0002596296473639,0.0039053940665672,Solyc12g010800.2,up,3.6525691518836,2.00540539007161
root,65.1487541692317,-1.39862625975762,0.400248305637444,0.0004751348792586,0.0059199161628881,Solyc12g010820.2,down,-3.49439645354684,-0.956020559920954
root,129.001426978505,-1.04971161738541,0.400216877625617,0.0087195875887953,0.0405603450969515,Solyc12g010900.1,down,-2.62285694599659,-0.622443649466923
root,76.8097698288149,-2.10987597589373,0.547498123244269,0.0001163613744984,0.0022465656550103,Solyc12g010910.2,down,-3.85366796034184,-1.60614452022729
root,57.5101178069191,3.10541731183215,0.764668475911853,4.883597948696e-05,0.0012265004329906,Solyc12g010980.2,up,4.061128985511,2.461105447059
root,195.861834272885,-1.44994812022818,0.480861054712385,0.0025671149006001,0.0182446355853531,Solyc12g011030.2,down,-3.01531618337323,-0.852214454571866
root,24.0312339048672,-2.34111834241188,0.75128025275366,0.0018321549444126,0.0146100298030389,Solyc12g011040.2,down,-3.11617180650097,-1.3075883889524
root,118.518721917749,3.42776091338146,0.59176707474794,6.9381140155385404e-09,1.63246157799889e-06,Solyc12g011100.2,up,5.79241573188487,3.12826463848792
root,1394.96378156274,1.00988267042569,0.290206026929284,0.0005016350506395,0.0061374465149176,Solyc12g011160.2,up,3.47988179677529,0.744547779100639
root,167.915254445472,1.17741492156053,0.383884216723559,0.0021613967610088,0.0163178091831226,Solyc12g011200.2,up,3.06710948319192,0.754617604310789
root,113.709089403891,2.7445775113591,0.671773762819774,4.39690859312537e-05,0.001136055603727,Solyc12g011350.2,up,4.08556818271485,2.21845387802769
root,276.724976572913,2.15918156474879,0.812132700827311,0.0078452996155987,0.0377597579987148,Solyc12g011455.1,up,2.65865610699982,0.916953074966775
root,1196.38383854385,1.77316769895997,0.32948614101192,7.3820344402523e-08,1.02202324184651e-05,Solyc12g013620.2,up,5.38161542550532,1.61146115097105
root,61.2753517665327,1.39989699496036,0.555526904607755,0.0117373323150927,0.0495785670892835,Solyc12g013665.1,up,2.51994454876816,0.677645635209829
root,2214.59387053833,1.28689771597879,0.372210473780677,0.0005453209634738,0.006495729182687,Solyc12g013690.2,up,3.45744627470395,0.884369474083403
root,96.7172189976654,-1.7208264741018,0.461414999599027,0.0001918943767225,0.0031887631713399,Solyc12g013840.2,down,-3.72945499300458,-1.24342750823378
root,295.807236853776,2.01642768493475,0.534638124450563,0.0001622205043957,0.0028259671312126,Solyc12g014010.2,up,3.77157481428582,1.49471662757132
root,28.9186290736203,-1.63981618504853,0.56069512710876,0.0034488498104436,0.0221814166903963,Solyc12g014150.2,down,-2.9246128702853,-0.89681362738324
root,84.0073734063341,-1.59553027076566,0.54705216301305,0.0035387355501048,0.0225418162504089,Solyc12g014260.1,down,-2.91659621996157,-0.876489046444819
root,46.9951753737166,2.41606621079323,0.480943659323343,5.07130949108472e-07,4.785678786116e-05,Solyc12g014360.2,up,5.02359510091572,2.19743668997746
root,7.39742144002998,-1.69922155267504,0.608483653095655,0.0052294244905591,0.0290287546766887,Solyc12g014390.2,down,-2.79255086645347,-0.862302568145586
root,485.77858601573,1.87913585265815,0.421804343641081,8.38955107955625e-06,0.0003617821986028,Solyc12g014430.2,up,4.45499407719976,1.58378705784791
root,21.7563946758555,1.44398051213505,0.448925176020161,0.0012975175726327,0.0115748027971526,Solyc12g014500.2,up,3.2165282529626,0.90910746758163
root,61.183006219151,1.00049076357531,0.346700530375078,0.0039048324233249,0.0240554137928718,Solyc12g015690.2,up,2.8857491579056,0.656108344181989
root,173.005469725458,-1.03894687934406,0.236569093110898,1.12453831768206e-05,0.0004423324178934,Solyc12g015710.2,down,-4.3917270243625,-0.850009278016498
root,199.539766328479,-1.01033070540846,0.247988610785861,4.61923864711281e-05,0.0011711717842149,Solyc12g015730.2,down,-4.07410123475746,-0.805576349144716
root,2466.16319166937,1.82289680005041,0.373022773606596,1.02475404031649e-06,7.9870088979334e-05,Solyc12g015860.2,up,4.88682442207376,1.60470151390048
root,201.616670252606,-1.0801344817754,0.342094337271253,0.001591735340149,0.0132817123307278,Solyc12g016220.2,down,-3.15741701657852,-0.731357749687669
root,9882.52676884993,-1.26295751255441,0.376272861681814,0.0007893750199348,0.0082032631701278,Solyc12g017240.2,down,-3.35649376069646,-0.851565148427759
root,108.655453620112,-1.17332566955828,0.36937398962944,0.0014905100179253,0.0127609002511067,Solyc12g017370.2,down,-3.17652488399459,-0.774367282044274
root,25.0818442159918,-1.18565952737998,0.385819728238282,0.0021185315055126,0.0160889126676322,Solyc12g017430.2,down,-3.0730920183732,-0.759126689862487
root,1264.66263401746,1.22875380882791,0.2643746368211,3.35534726866306e-06,0.0001856591420318,Solyc12g017460.1,up,4.64777492880073,1.01128039796907
root,104.569931560301,1.46204685282687,0.41493814632577,0.0004258394821453,0.0054742614919164,Solyc12g017480.2,up,3.52352962911011,1.00179697632122
root,769.169983308183,1.28943532309199,0.266084388743669,1.25998473039331e-06,9.36929988211903e-05,Solyc12g017510.2,up,4.8459638281679,1.08007654819052
root,149.134578083167,1.36632725115366,0.33811072828706,5.32091265860149e-05,0.001295987106338,Solyc12g017960.1,up,4.04106447043477,1.04232424566362
root,927.333792351362,1.49043986798648,0.36552938064412,4.55258400243816e-05,0.0011612539485693,Solyc12g019320.2,up,4.0774830886647,1.14634405548439
root,135.267127873629,-1.11165162509577,0.397667432493432,0.0051830662714406,0.0288729215878418,Solyc12g019975.1,down,-2.79543038796403,-0.675758028609028
root,30.7337488358475,-2.03893031449216,0.796625293309221,0.0104835017544769,0.0459327109975459,Solyc12g027540.2,down,-2.55945967522867,-0.83008669787322
root,367.146883564454,1.55277858306846,0.456689280876065,0.0006736695334593,0.0074029773692523,Solyc12g036325.1,up,3.40007670004816,1.02305408847148
root,14.6189645281258,2.82586779182878,0.855468064560881,0.0009555404956426,0.0093614498092663,Solyc12g036415.1,up,3.30330015683206,1.68582686386399
root,2.34271091441254,-2.97511294420348,1.02575221747702,0.003726621431047,0.023304852826377,Solyc12g036490.2,down,-2.90042068007533,-1.29850440684216
root,62.5440271801653,1.58255913347711,0.526435785093455,0.0026455497867694,0.0185948395834259,Solyc12g037930.2,up,3.006176970276,0.90493996444605
root,264.944875795936,-1.00109590578244,0.257982340335681,0.0001042495312203,0.0020893591761907,Solyc12g038160.2,down,-3.88048230153984,-0.782550826087531
root,9.16854087415196,-1.04168842923741,0.411635689310792,0.0113865134273742,0.0486434812354166,Solyc12g038420.2,down,-2.53060766179319,-0.60121395550284
root,6.26427156105635,-1.28194310069459,0.449176125564906,0.0043174214009555,0.0257090594119152,Solyc12g038455.1,down,-2.85398761806932,-0.743940497818498
root,77.7782303330526,-1.61017269017943,0.532682090342826,0.0025047680768636,0.0179714761028024,Solyc12g038570.2,down,-3.02276483360488,-0.923053236290131
root,36.3379148386246,-1.0431888054209,0.343315630808131,0.0023770334717486,0.0174005026063696,Solyc12g038580.2,down,-3.03857066736326,-0.696963737910944
root,13.2015326967779,2.44160926612489,0.900381969414007,0.0066929395029203,0.0341394965698043,Solyc12g039030.1,up,2.71174829024392,1.01563406266805
root,207.074923741726,-2.07278686420164,0.61819552323803,0.0007995132468553,0.0082799984088696,Solyc12g040800.2,down,-3.352963239437,-1.32558313606904
root,16.3035117618932,-2.68052128579557,0.462752999045057,6.932442700672351e-09,1.63246157799889e-06,Solyc12g040870.2,down,-5.79255302791581,-2.50774213551198
root,354.789264042603,-1.13190437424758,0.376334677297975,0.0026322694799098,0.0185324452777592,Solyc12g042075.1,down,-3.0077068166412,-0.725255530634408
root,212.542913903392,-1.63260139080305,0.640998523781486,0.0108664046710035,0.0470616628723187,Solyc12g042077.1,down,-2.54696591369935,-0.738514750616349
root,111.514518819455,1.19371775693574,0.36915349805299,0.0012221386404819,0.0110928321850158,Solyc12g042300.2,up,3.23366231996098,0.794285999946201
root,5178.0350883606,1.06574563706723,0.362985238045011,0.0033241238525394,0.0216725816131428,Solyc12g042380.2,up,2.93605779344415,0.687697581074939
root,11.90057440527,-1.32673090850215,0.458913583687159,0.003839868668657,0.0237875172985633,Solyc12g042400.1,down,-2.89102557793665,-0.769104919367678
root,2112.7446216428,2.01698179364068,0.396738448453682,3.69746978595474e-07,3.61904903142473e-05,Solyc12g042480.2,up,5.0839080545433,1.82750736338206
root,2.43865855321146,-3.45946867770778,1.1366051801958,0.0023369933207751,0.0172197785162437,Solyc12g042520.2,down,-3.04368547494376,-1.5556845233681
root,147.439072138895,1.12274601396393,0.359785124287719,0.0018048206146925,0.0144743311797216,Solyc12g042530.2,up,3.12060154289778,0.742714746932436
root,684.752920274704,3.5962022350718,0.639229795836791,1.84611282161168e-08,3.56418332275194e-06,Solyc12g042600.2,up,5.62583637135398,3.24120614851052
root,16.5353905932395,-2.66888404953136,0.836096193103605,0.001412533078591,0.0122917564101773,Solyc12g042830.2,down,-3.19207774361992,-1.5117153293548
root,13.2159349137258,-1.90069950647816,0.741877813662697,0.0104067865953787,0.0457107946385201,Solyc12g044190.2,down,-2.56201152194361,-0.803645616750623
root,66.1205616026949,-1.13749906375546,0.419574572087547,0.0067065006054528,0.0341551299887391,Solyc12g044200.2,down,-2.71107721827841,-0.665232929709792
root,104.958069488043,1.95613425556687,0.52311110794008,0.0001844423664659,0.0030927531154659,Solyc12g044330.2,up,3.73942404562921,1.43294517610629
root,679.386837526758,1.03414876972634,0.340181510134939,0.0023658512467851,0.0173655296956212,Solyc12g044840.2,up,3.03999111920024,0.693696890640119
root,641.717520084412,1.17016589917461,0.279061348349703,2.7502130304816e-05,0.0008197660483492,Solyc12g044910.2,up,4.19322097486689,0.921569702570602
root,4193.96428686528,1.26070106964767,0.253256987003941,6.42606589219564e-07,5.65816446173076e-05,Solyc12g044940.2,up,4.97795178155562,1.0667422019743
root,771.684916479654,4.80659897583702,0.700304615538194,6.71543946567981e-12,8.10235339501244e-09,Solyc12g044983.1,up,6.86358317393508,4.34698630663585
root,746.22707394729,2.3470852719564,0.481448181174646,1.08779392427821e-06,8.38517778113946e-05,Solyc12g045020.2,up,4.87505273408644,2.11228148360369
root,3930.581049207,1.19206680896034,0.342272943269751,0.0004962064828029,0.0061024941184731,Solyc12g045030.2,up,3.48279591595077,0.838105692507696
root,209.367093266838,3.42992603869724,0.893689668582197,0.0001240715148738,0.0023416690215287,Solyc12g049030.1,up,3.83793855884972,2.49833809197053
root,28.4726278477217,2.62260987309862,0.76615480176047,0.0006191564572471,0.0069897410968626,Solyc12g049550.2,up,3.42308090619858,1.69626585928347
root,46.8125940509231,-1.38454505897615,0.395738514733748,0.0004676443291806,0.0058508366606881,Solyc12g055810.1,down,-3.49863611305983,-0.948650935156312
root,99.2598571647993,1.75583458539538,0.635657856643145,0.0057407638822563,0.030903411445887,Solyc12g055920.2,up,2.76223217733482,0.866605610274908
root,3009.91980617135,1.85511693186801,0.547302729061587,0.0007000419045158,0.0076042521478161,Solyc12g056250.2,up,3.3895627289285,1.2079346342409
root,95.360239023095,2.76045675878741,0.552100461300298,5.73548499987409e-07,5.25678160243624e-05,Solyc12g056480.2,up,4.99991750103962,2.49205932844094
root,4.70441386031907,-2.23626479946456,0.657405836533596,0.000669802716339,0.0073797530694447,Solyc12g056527.1,down,-3.40165035840882,-1.45550602145534
root,80.8429526783088,1.86555516113398,0.580117446724637,0.0013007092494721,0.011598358239785,Solyc12g056540.1,up,3.21582322970456,1.13249644518445
root,995.097109335673,1.27097031797777,0.429163487224016,0.0030613835353787,0.0204910162590681,Solyc12g056590.2,up,2.96150617611685,0.767126342085841
root,10.4902368782087,-1.9548955980967,0.674109820355562,0.003732030707646,0.023304852826377,Solyc12g056610.2,down,-2.89996605755659,-1.00583471153932
root,355.594009088924,2.55278835122711,0.596121113496346,1.8494499410592e-05,0.0006257206520844,Solyc12g056750.2,up,4.2823317165443,2.14782099105203
root,387.558279688269,1.43468080755327,0.364155565088153,8.15675720761813e-05,0.0017677734158302,Solyc12g056760.2,up,3.93974703422688,1.07567470934439
root,1200.83223687323,2.92572960059473,0.552682345475961,1.19871865853863e-07,1.48387267354629e-05,Solyc12g056960.2,up,5.29369107687914,2.66879185094371
root,4485.15585326813,2.60704187250498,0.68001489196043,0.000126178157432,0.0023644640650049,Solyc12g057060.2,up,3.83380114660295,1.98177177974098
root,340.249254189677,3.88210922047892,0.832141885057891,3.08315393130301e-06,0.0001789875369342,Solyc12g057070.2,up,4.66520107951163,3.2443715583313
root,175.591766573469,-1.05096232762693,0.374816848746831,0.0050482978292573,0.0284054490692226,Solyc12g062480.2,down,-2.80393565855092,-0.658407284621757
root,98.9826696743866,1.97593139814939,0.583838701595624,0.0007133947406329,0.007683049601781,Solyc12g062940.2,up,3.38437892648979,1.28233149091428
root,290.557168798025,-1.0925219769554,0.242774326610811,6.79040917772457e-06,0.0003079684714138,Solyc12g087830.2,down,-4.50015449412329,-0.895786961998286
root,385.441716871076,-1.51245285645199,0.499025177333515,0.0024389485479783,0.0176496675528392,Solyc12g087870.2,down,-3.03081472669096,-0.883592016109083
root,23.0327529165097,7.35798042182108,1.3640639752626,6.88445464282752e-08,9.59446778169949e-06,Solyc12g088000.2,up,5.39416079836328,5.74937291075212
root,790.183981831749,1.34797337672246,0.264924900225862,3.61603951218749e-07,3.58718472567436e-05,Solyc12g088040.2,up,5.08813394125371,1.15404215957762
root,249.520560501605,-4.36016428234396,0.834270647623197,1.72918212502658e-07,1.95639293758383e-05,Solyc12g088170.2,down,-5.22631869497734,-3.72682636407663
root,121.267097830737,-1.12520287194233,0.349407100747838,0.0012804732451302,0.0114518822654145,Solyc12g088310.2,down,-3.22032056456223,-0.761283501174355
root,55.9816703945277,1.4526074890122,0.496266780892578,0.0034217211763353,0.0220807521090094,Solyc12g088320.2,up,2.9270697635646,0.825587321900696
root,16.6829711933468,3.77204267438152,0.941974136512637,6.21746820830993e-05,0.0014553993434446,Solyc12g088330.1,up,4.00440153096594,2.81883926424875
root,1973.5382161251,1.07730179410978,0.320353876594086,0.0007714247697342,0.0080645120985037,Solyc12g088390.2,up,3.36284925146951,0.761930153150776
root,79.2199038675904,-1.03732471327224,0.293909172135387,0.0004164940754294,0.0053962273996966,Solyc12g088460.2,down,-3.52940571992223,-0.764536627690191
root,6.21612781245442,4.25458625311748,1.46620974558461,0.0037107475829647,0.0232407655166401,Solyc12g088790.2,up,2.90175826884925,1.38788061379264
root,167.313506181382,3.64736127244738,0.69989930610093,1.87556571129056e-07,2.11066335980741e-05,Solyc12g088800.2,up,5.21126573587631,3.21726137539638
root,35.7337461017602,-3.78015978773723,0.668604233543497,1.5693174891041e-08,3.08642217202867e-06,Solyc12g088830.2,down,-5.65380773571083,-3.38613884953704
root,276.973985844302,1.14547294410152,0.307465099562471,0.0001948990072283,0.0032143061975803,Solyc12g089100.2,up,3.72553810410206,0.848892533934317
root,45.1933947623603,2.1338679585827,0.609979113274974,0.0004682973752355,0.0058520486724801,Solyc12g089360.2,up,3.49826397682041,1.44756915079308
root,38.1795498835891,5.73698660951334,1.11137961680867,2.44272403229829e-07,2.62268798651455e-05,Solyc12g089380.2,up,5.16204051500162,4.59746157804738
root,330.998527887338,2.09428578939798,0.591649595164141,0.0004005212765474,0.0052579973447688,Solyc12g094390.1,up,3.53974008689545,1.44292430682576
root,514.517765416725,2.56317953848978,0.581957918280341,1.06073625300915e-05,0.0004276270825349,Solyc12g094460.2,up,4.40440701634211,2.19616850008095
root,41.7249768006334,2.45808632575569,0.641515307773428,0.0001272672153788,0.0023743007805253,Solyc12g094700.2,up,3.83168771807989,1.87093521863224
root,72.74144239063,-1.09112870547847,0.264130423567859,3.61153329435577e-05,0.0009973898510029,Solyc12g095810.2,down,-4.13102243482431,-0.862181181364095
root,51.8380136816812,1.03626327572709,0.34505225258638,0.0026715081848176,0.0187272545773824,Solyc12g095870.2,up,3.00320681276432,0.688493808195986
root,28.7660080692123,-1.38818756015107,0.458135827108491,0.0024449011223863,0.0176745102093777,Solyc12g096400.2,down,-3.03007858807413,-0.83101162137174
root,53.5543031720362,-1.40434111741022,0.4916806451521,0.0042873711481869,0.0256131517016377,Solyc12g096490.2,down,-2.85620581419427,-0.786055397907746
root,6341.04545590247,1.19529639365661,0.324502377748838,0.0002300758641333,0.0035944443094446,Solyc12g096540.2,up,3.68347499315323,0.871867045795517
root,458.218102221419,2.44748512013881,0.355685840400262,5.942112142981829e-12,7.81536299605685e-09,Solyc12g096570.1,up,6.88103051103917,2.35069244544609
root,12.2243511909609,7.59619650197143,1.97705479746432,0.0001219473296285,0.0023259872575862,Solyc12g096620.1,up,3.84217802749522,3.34193351154226
root,22.3603118842262,-1.17317723895912,0.391863386264677,0.0027548816277837,0.0191269313675626,Solyc12g096660.2,down,-2.99384244632317,-0.73797084923014
root,76.7197516283019,-1.14528584663322,0.43881124550919,0.0090549161754245,0.0415237974300777,Solyc12g096720.2,down,-2.60997378338435,-0.64405202998002
root,37.1023884487602,3.46552305133913,1.0663728241018,0.0011547681137008,0.0106770387454838,Solyc12g096840.2,up,3.24982311346703,1.83902738119845
root,775.517525371704,2.72413721274402,0.452024017754488,1.6751514630257301e-09,5.59553768062118e-07,Solyc12g096960.2,up,6.02653201101276,2.56122735226735
root,286.708006259704,1.72967490803745,0.453646512681713,0.0001373872174387,0.0025118823664465,Solyc12g097035.1,up,3.81282531593276,1.27683725793283
root,25.1281963248854,3.22037041141321,0.789345090786513,4.50743885183232e-05,0.0011525460898901,Solyc12g097095.1,up,4.079800392759,2.54747065694971
root,16.2207268718888,4.13796694950302,1.58765158556407,0.0091514371397099,0.0418199088760014,Solyc12g098260.2,up,2.60634448208161,0.992503702823524
root,7.40950006605541,4.37754310430074,1.60261161182659,0.0063045608418587,0.0327993024366073,Solyc12g098290.1,up,2.73150591946066,1.13630778181946
root,223.059247140014,-4.7838235209067,0.770780226359938,5.41883305842645e-10,2.23595927218679e-07,Solyc12g098590.2,down,-6.20646892240429,-4.23140252239209
root,28.7268595355555,-1.74369915967505,0.649210416682318,0.0072339769247405,0.0358685815434135,Solyc12g098610.2,down,-2.68587674329986,-0.827343146821238
root,440.915056713151,1.81040849636403,0.531909863469517,0.0006650402586828,0.0073463204844698,Solyc12g098720.2,up,3.40360015991277,1.18547388320115
root,79.4298290023931,-2.92108031131738,0.660231748333635,9.67439613286204e-06,0.0004039444290078,Solyc12g098900.2,down,-4.42432572909424,-2.48851864882732
root,589.522226394718,1.79369474275931,0.51149039767704,0.0004535291640799,0.0057081744790063,Solyc12g099120.2,up,3.50680042265792,1.21685563517571
root,2124.11110757941,2.32326327155615,0.509460907740555,5.10955427820413e-06,0.0002506420984394,Solyc12g099260.2,up,4.56023855070599,2.02861016515572
root,99.913329157908,-1.5993574797362,0.573342453569411,0.0052784177992779,0.0292288508071615,Solyc12g099430.2,down,-2.78953262536066,-0.828367433239042
root,182.209638915479,2.52015619950717,0.576530199907729,1.235386546471e-05,0.0004700947346328,Solyc12g099730.2,up,4.37124750778105,2.14986873671211
root,14.9801950530344,-1.14461976577665,0.363283881557713,0.001628470979412,0.0134923492858933,Solyc12g099790.2,down,-3.15075846709375,-0.757297845538811
root,418.531206991645,1.09613749093878,0.394686158928869,0.0054822979613845,0.0299579546491089,Solyc12g099810.2,up,2.77723823382498,0.667232234003013
root,37.1353656679827,-3.03401895770256,0.660347810949654,4.33627693686711e-06,0.0002247601277325,Solyc12g100180.2,down,-4.59457714161163,-2.62605983851969
root,19.6052034356416,8.56255056104965,2.39252251219331,0.000345070081257,0.00474617960129,Solyc12g100230.2,up,3.57887982972418,2.37286003446262
root,1284.24434825694,5.46292093244336,0.907880819162238,1.77435073472075e-09,5.76532002992229e-07,Solyc12g100250.2,up,6.01722254412684,4.69753470407526
root,35.2191902440628,5.10545830900085,1.04211030085386,9.62504377078381e-07,7.67232655728691e-05,Solyc12g100260.1,up,4.89915348194684,4.09593028103652
root,5427.49324808766,1.97294798550338,0.550655973549282,0.0003397943406924,0.0047043632273241,Solyc12g100270.2,up,3.58290489938143,1.37734815470542
root,833.941642320891,-1.14552204273768,0.4537994022554,0.01159317027265,0.0491641577402795,Solyc12g100350.2,down,-2.52429165187172,-0.623527984813517
